setting,probe_country_baseline,service_id_baseline,path_scope_stratum_baseline,msm_id_baseline,file_name_baseline,total_mappable_segments_baseline,top1_network_transition_share_baseline,top2_network_transition_share_baseline,top3_network_transition_share_baseline,network_transition_entropy_baseline,network_transition_normalized_entropy_baseline,effective_network_transition_count_baseline,network_transition_concentration_tier_baseline,top1_corridor_share_baseline,top2_corridor_share_baseline,top3_corridor_share_baseline,corridor_entropy_baseline,corridor_normalized_entropy_baseline,effective_corridor_count_baseline,corridor_minus_network_normalized_entropy_baseline,normalized_entropy_reduction_baseline,corridor_concentration_tier_baseline,cross_layer_distribution_class_baseline,country_fallback_share_baseline,auditable_cross_layer_case_baseline,sufficient_trace_observation_baseline,sufficient_corridor_observation_baseline,sufficient_network_transition_resolution_baseline,auditable_paper_case_baseline,observation_sufficiency_reason_baseline,failed_thresholds_baseline,unique_probes_baseline,unique_probe_asns_baseline,domestic_segment_share_baseline,international_segment_share_baseline,analysis_scope_baseline,stable_unit_id,probe_country_current,service_id_current,path_scope_stratum_current,msm_id_current,file_name_current,total_mappable_segments_current,top1_network_transition_share_current,top2_network_transition_share_current,top3_network_transition_share_current,network_transition_entropy_current,network_transition_normalized_entropy_current,effective_network_transition_count_current,network_transition_concentration_tier_current,top1_corridor_share_current,top2_corridor_share_current,top3_corridor_share_current,corridor_entropy_current,corridor_normalized_entropy_current,effective_corridor_count_current,corridor_minus_network_normalized_entropy_current,normalized_entropy_reduction_current,corridor_concentration_tier_current,cross_layer_distribution_class_current,country_fallback_share_current,auditable_cross_layer_case_current,sufficient_trace_observation_current,sufficient_corridor_observation_current,sufficient_network_transition_resolution_current,auditable_paper_case_current,observation_sufficiency_reason_current,failed_thresholds_current,unique_probes_current,unique_probe_asns_current,domestic_segment_share_current,international_segment_share_current,analysis_scope_current,top2_shift_baseline,entropy_reduction_baseline,top2_shift_current,entropy_reduction_current,classification_comparable,classification_agrees
catchment50_diameter10_rtt5,AU,A-Root,all_publicly_visible,5009.0,dns-root_a-root_msm5009_20260701T000000Z_010000Z.json,317.0,0.2681388012618296,0.4132492113564668,0.5520504731861199,2.225564132321136,0.7855264895565086,9.25870446535517,broad_network_transition_distribution,0.2492113564668769,0.4248159831756046,0.6004206098843323,1.8776551989975183,0.8154552918415744,6.538156199233022,0.0299288022850657,-0.0299288022850657,broad_corridor_observation_distribution,network_and_physical_both_broad,0.0473186119873817,True,True,True,True,True,auditable,,106.0,41.0,0.9589905362776026,0.0410094637223974,probe_country_service,paper_unit_v1|AU|A-Root|all_publicly_visible|probe_country_service,AU,A-Root,all_publicly_visible,5009.0,dns-root_a-root_msm5009_20260701T000000Z_010000Z.json,619.0,0.2374798061389337,0.3683360258481422,0.4701130856219709,2.7529912500373235,0.6933976921546533,15.689492959050469,broad_network_transition_distribution,0.4878836833602585,0.6155088852988692,0.6694668820678514,1.809043824208383,0.6258862097120492,6.104607562735818,-0.067511482442604,0.067511482442604,broad_corridor_observation_distribution,network_and_physical_both_broad,0.1130856219709208,True,True,True,True,True,auditable,,147.0,56.0,0.9789983844911146,0.0210016155088853,probe_country_service,0.011566771819137789,-0.02992880228506578,0.24717285945072698,0.06751148244260408,True,1.0
catchment50_diameter10_rtt5,CA,A-Root,all_publicly_visible,5009.0,dns-root_a-root_msm5009_20260701T000000Z_010000Z.json,160.0,0.16875,0.31875,0.43125,2.632571807897909,0.8080091480335845,13.909496494412188,broad_network_transition_distribution,0.3625,0.71625,0.94125,1.3097046885008303,0.5960722913852694,3.7050793980847887,-0.211936856648315,0.211936856648315,weak_corridor_observation_concentration,network_and_physical_both_broad,0.23125,True,True,True,True,True,auditable,,55.0,20.0,0.7562499999999999,0.24375,probe_country_service,paper_unit_v1|CA|A-Root|all_publicly_visible|probe_country_service,CA,A-Root,all_publicly_visible,5009.0,dns-root_a-root_msm5009_20260701T000000Z_010000Z.json,161.0,0.1677018633540372,0.3167701863354037,0.4285714285714286,2.6421132862352,0.8109376918093576,14.042848831417553,broad_network_transition_distribution,0.2236024844720497,0.4037267080745341,0.5838509316770186,2.0850613547221517,0.6848566227947658,8.045085070514718,-0.1260810690145918,0.1260810690145918,broad_corridor_observation_distribution,network_and_physical_both_broad,0.2298136645962732,True,True,True,True,True,auditable,,55.0,20.0,0.7577639751552789,0.2422360248447204,probe_country_service,0.3975000000000001,0.21193685664831508,0.08695652173913038,0.12608106901459182,True,1.0
catchment50_diameter10_rtt5,DK,A-Root,all_publicly_visible,5009.0,dns-root_a-root_msm5009_20260701T000000Z_010000Z.json,151.0,0.1920529801324503,0.3245033112582781,0.4105960264900662,2.8326008024303446,0.8248722647337392,16.98958998097067,broad_network_transition_distribution,0.9006622516556292,0.9503311258278146,1.0,0.3924810966279239,0.3572516898602545,1.4806498757409765,-0.4676205748734847,0.4676205748734847,severe_corridor_observation_concentration,network_broad_physical_concentrated,0.0331125827814569,True,True,True,True,True,auditable,,54.0,25.0,0.847682119205298,0.152317880794702,probe_country_service,paper_unit_v1|DK|A-Root|all_publicly_visible|probe_country_service,DK,A-Root,all_publicly_visible,5009.0,dns-root_a-root_msm5009_20260701T000000Z_010000Z.json,157.0,0.1847133757961783,0.3184713375796178,0.4012738853503184,2.9084579277738616,0.8247761133528576,18.328512872683973,broad_network_transition_distribution,0.3121019108280254,0.589171974522293,0.8662420382165605,1.5114719997594943,0.7767429552146965,4.5333990475843295,-0.0480331581381611,0.0480331581381611,weak_corridor_observation_concentration,network_and_physical_both_broad,0.0318471337579617,True,True,True,True,True,auditable,,56.0,26.0,0.8535031847133758,0.1464968152866242,probe_country_service,0.6258278145695366,0.4676205748734847,0.27070063694267515,0.048033158138161114,True,0.0
catchment50_diameter10_rtt5,ES,A-Root,all_publicly_visible,5009.0,dns-root_a-root_msm5009_20260701T000000Z_010000Z.json,42.0,0.6666666666666666,0.7857142857142857,0.8571428571428571,1.1801138698233609,0.606458561509777,3.2547447990047607,weak_network_transition_concentration,0.7857142857142857,0.8809523809523809,0.9523809523809524,0.7964168407043732,0.4444887019614826,2.2175807306719166,-0.1619698595482943,0.1619698595482943,moderate_corridor_observation_concentration,network_broad_physical_concentrated,0.0,True,True,True,True,True,auditable,,42.0,21.0,0.119047619047619,0.8809523809523809,probe_country_service,paper_unit_v1|ES|A-Root|all_publicly_visible|probe_country_service,ES,A-Root,all_publicly_visible,5009.0,dns-root_a-root_msm5009_20260701T000000Z_010000Z.json,42.0,0.6666666666666666,0.7857142857142857,0.8571428571428571,1.1801138698233609,0.606458561509777,3.2547447990047607,weak_network_transition_concentration,0.7857142857142857,0.8809523809523809,0.9523809523809524,0.7964168407043732,0.4444887019614826,2.2175807306719166,-0.1619698595482943,0.1619698595482943,moderate_corridor_observation_concentration,network_broad_physical_concentrated,0.0,True,True,True,True,True,auditable,,42.0,21.0,0.119047619047619,0.8809523809523809,probe_country_service,0.09523809523809523,0.16196985954829435,0.09523809523809523,0.16196985954829435,True,1.0
catchment50_diameter10_rtt5,FI,A-Root,all_publicly_visible,5009.0,dns-root_a-root_msm5009_20260701T000000Z_010000Z.json,73.0,0.4794520547945205,0.6027397260273972,0.7123287671232876,1.7925299985137224,0.721367138144466,6.004624957317708,broad_network_transition_distribution,0.3219178082191781,0.6438356164383562,0.726027397260274,1.7507937703305168,0.7968205837443672,5.759172322258731,0.0754534455999011,-0.0754534455999011,broad_corridor_observation_distribution,network_and_physical_both_broad,0.0,True,True,True,True,True,auditable,,60.0,37.0,0.2876712328767123,0.7123287671232876,probe_country_service,paper_unit_v1|FI|A-Root|all_publicly_visible|probe_country_service,FI,A-Root,all_publicly_visible,5009.0,dns-root_a-root_msm5009_20260701T000000Z_010000Z.json,73.0,0.4794520547945205,0.6027397260273972,0.7123287671232876,1.7925299985137224,0.721367138144466,6.004624957317708,broad_network_transition_distribution,0.3219178082191781,0.6438356164383562,0.7123287671232876,1.8410906707689911,0.7677944452596621,6.303409457679318,0.0464273071151961,-0.0464273071151961,broad_corridor_observation_distribution,network_and_physical_both_broad,0.0,True,True,True,True,True,auditable,,60.0,37.0,0.2876712328767123,0.7123287671232876,probe_country_service,0.04109589041095896,-0.07545344559990119,0.04109589041095896,-0.04642730711519616,True,1.0
catchment50_diameter10_rtt5,HK,A-Root,all_publicly_visible,5009.0,dns-root_a-root_msm5009_20260701T000000Z_010000Z.json,87.0,0.5402298850574713,0.6666666666666667,0.7701149425287357,1.7697756309931494,0.6123003472333014,5.86953627160713,broad_network_transition_distribution,0.2375478927203065,0.475095785440613,0.7126436781609194,1.83989508232432,0.8848025036750957,6.295877677521526,0.2725021564417943,-0.2725021564417943,broad_corridor_observation_distribution,network_and_physical_both_broad,0.1034482758620689,True,True,True,True,True,auditable,,32.0,15.0,0.7931034482758621,0.2068965517241379,probe_country_service,paper_unit_v1|HK|A-Root|all_publicly_visible|probe_country_service,HK,A-Root,all_publicly_visible,5009.0,dns-root_a-root_msm5009_20260701T000000Z_010000Z.json,162.0,0.345679012345679,0.4938271604938271,0.5617283950617283,2.5889590009852155,0.7281872143625352,13.315902544180398,broad_network_transition_distribution,0.4598765432098765,0.5364197530864198,0.6129629629629629,1.9582346983599053,0.7420205223981972,7.086805666719234,0.0138333080356619,-0.0138333080356619,broad_corridor_observation_distribution,network_and_physical_both_broad,0.0555555555555555,True,True,True,True,True,auditable,,46.0,28.0,0.8888888888888888,0.1111111111111111,probe_country_service,-0.19157088122605376,-0.2725021564417943,0.04259259259259268,-0.013833308035661962,True,1.0
catchment50_diameter10_rtt5,ID,A-Root,all_publicly_visible,5009.0,dns-root_a-root_msm5009_20260701T000000Z_010000Z.json,211.0,0.1042654028436018,0.1800947867298578,0.2417061611374407,3.810341972550165,0.8825367603454133,45.16588171740399,broad_network_transition_distribution,0.3601895734597156,0.4808846761453396,0.6015797788309636,2.2509656105613685,0.7393493254214786,9.496901718909893,-0.1431874349239347,0.1431874349239347,broad_corridor_observation_distribution,network_and_physical_both_broad,0.0900473933649289,True,True,True,True,True,auditable,,67.0,53.0,0.876777251184834,0.1232227488151658,probe_country_service,paper_unit_v1|ID|A-Root|all_publicly_visible|probe_country_service,ID,A-Root,all_publicly_visible,5009.0,dns-root_a-root_msm5009_20260701T000000Z_010000Z.json,211.0,0.1042654028436018,0.1800947867298578,0.2417061611374407,3.810341972550165,0.8825367603454133,45.16588171740399,broad_network_transition_distribution,0.3601895734597156,0.4357481381178064,0.5113067027758971,2.41804711167152,0.7711853204471543,11.223918838105597,-0.111351439898259,0.111351439898259,broad_corridor_observation_distribution,network_and_physical_both_broad,0.0900473933649289,True,True,True,True,True,auditable,,67.0,53.0,0.8767772511848341,0.1232227488151658,probe_country_service,0.3007898894154818,0.1431874349239347,0.2556533513879486,0.11135143989825902,True,1.0
catchment50_diameter10_rtt5,IN,A-Root,all_publicly_visible,5009.0,dns-root_a-root_msm5009_20260701T000000Z_010000Z.json,86.0,0.3023255813953488,0.5465116279069767,0.7441860465116279,1.8244058875042115,0.7608363501943557,6.199110955557657,broad_network_transition_distribution,0.2015503875968992,0.4031007751937984,0.6046511627906976,1.909265548427096,0.8689441981127721,6.748130802768008,0.1081078479184164,-0.1081078479184164,broad_corridor_observation_distribution,network_and_physical_both_broad,0.1046511627906976,True,True,True,True,True,auditable,,55.0,24.0,0.627906976744186,0.3720930232558139,probe_country_service,paper_unit_v1|IN|A-Root|all_publicly_visible|probe_country_service,IN,A-Root,all_publicly_visible,5009.0,dns-root_a-root_msm5009_20260701T000000Z_010000Z.json,86.0,0.3023255813953488,0.5465116279069767,0.7441860465116279,1.8244058875042115,0.7608363501943557,6.199110955557657,broad_network_transition_distribution,0.1220930232558139,0.2441860465116279,0.3651162790697674,2.218136855820485,0.9250349174890756,9.190192251782952,0.16419856729472,-0.16419856729472,broad_corridor_observation_distribution,network_and_physical_both_broad,0.1046511627906976,True,True,True,True,True,auditable,,55.0,24.0,0.627906976744186,0.3720930232558139,probe_country_service,-0.14341085271317833,-0.10810784791841643,-0.3023255813953488,-0.16419856729471993,True,1.0
catchment50_diameter10_rtt5,NO,A-Root,all_publicly_visible,5009.0,dns-root_a-root_msm5009_20260701T000000Z_010000Z.json,118.0,0.1779661016949152,0.3135593220338983,0.4322033898305085,2.780283948789131,0.8435745037829427,16.12359857438269,broad_network_transition_distribution,0.7514124293785311,0.8036723163841809,0.8375706214689266,1.1748243360295467,0.3989976849043532,3.237574168749658,-0.4445768188785895,0.4445768188785895,moderate_corridor_observation_concentration,network_broad_physical_concentrated,0.0,True,True,True,True,True,auditable,,51.0,21.0,0.9915254237288136,0.0084745762711864,probe_country_service,paper_unit_v1|NO|A-Root|all_publicly_visible|probe_country_service,NO,A-Root,all_publicly_visible,5009.0,dns-root_a-root_msm5009_20260701T000000Z_010000Z.json,118.0,0.1779661016949152,0.3135593220338983,0.4322033898305085,2.780283948789131,0.8435745037829427,16.12359857438269,broad_network_transition_distribution,0.7189265536723164,0.7528248587570622,0.7824858757062148,1.425215230415937,0.427709411611414,4.158752836540397,-0.4158650921715286,0.4158650921715286,broad_corridor_observation_distribution,network_and_physical_both_broad,0.0,True,True,True,True,True,auditable,,51.0,21.0,0.9915254237288136,0.0084745762711864,probe_country_service,0.4901129943502826,0.4445768188785895,0.4392655367231639,0.4158650921715287,True,0.0
catchment50_diameter10_rtt5,NZ,A-Root,all_publicly_visible,5009.0,dns-root_a-root_msm5009_20260701T000000Z_010000Z.json,299.0,0.3110367892976589,0.4247491638795986,0.5284280936454849,2.335912159266535,0.7557036807206071,10.33888634050295,broad_network_transition_distribution,0.2073578595317725,0.3311036789297659,0.431438127090301,2.4521527466018864,0.8844271517561981,11.613320364565102,0.128723471035591,-0.128723471035591,broad_corridor_observation_distribution,network_and_physical_both_broad,0.0501672240802675,True,True,True,True,True,auditable,,68.0,20.0,0.8060200668896321,0.1939799331103679,probe_country_service,paper_unit_v1|NZ|A-Root|all_publicly_visible|probe_country_service,NZ,A-Root,all_publicly_visible,5009.0,dns-root_a-root_msm5009_20260701T000000Z_010000Z.json,585.0,0.2649572649572649,0.3965811965811966,0.5247863247863248,2.562869682534255,0.6947556065232966,12.972992319277685,broad_network_transition_distribution,0.4034188034188034,0.5094017094017094,0.5948717948717949,2.4208789477872226,0.7189385994033517,11.25574818330495,0.0241829928800551,-0.0241829928800551,broad_corridor_observation_distribution,network_and_physical_both_broad,0.1145299145299145,True,True,True,True,True,auditable,,89.0,27.0,0.9008547008547008,0.0991452991452991,probe_country_service,-0.09364548494983271,-0.128723471035591,0.11282051282051275,-0.0241829928800551,True,1.0
catchment50_diameter10_rtt5,PH,A-Root,all_publicly_visible,5009.0,dns-root_a-root_msm5009_20260701T000000Z_010000Z.json,55.0,0.1636363636363636,0.3090909090909091,0.3818181818181818,2.771778171384629,0.9104147622762332,15.987036440839288,broad_network_transition_distribution,0.2,0.3575757575757575,0.5151515151515151,2.265423886073086,0.8170789514872614,9.635207966076482,-0.0933358107889719,0.0933358107889719,broad_corridor_observation_distribution,network_and_physical_both_broad,0.0545454545454545,True,True,True,True,True,auditable,,26.0,22.0,0.5454545454545454,0.4545454545454545,probe_country_service,paper_unit_v1|PH|A-Root|all_publicly_visible|probe_country_service,PH,A-Root,all_publicly_visible,5009.0,dns-root_a-root_msm5009_20260701T000000Z_010000Z.json,63.0,0.1587301587301587,0.3015873015873015,0.3968253968253968,2.8227083983182486,0.9002435354459066,16.822350654510213,broad_network_transition_distribution,0.1746031746031746,0.3015873015873015,0.3841269841269841,2.7086874365511475,0.8128815108076087,15.0095615778987,-0.0873620246382979,0.0873620246382979,broad_corridor_observation_distribution,network_and_physical_both_broad,0.0476190476190476,True,True,True,True,True,auditable,,28.0,24.0,0.603174603174603,0.3968253968253968,probe_country_service,0.04848484848484841,0.0933358107889718,0.0,0.0873620246382979,True,1.0
catchment50_diameter10_rtt5,PT,A-Root,all_publicly_visible,5009.0,dns-root_a-root_msm5009_20260701T000000Z_010000Z.json,77.0,0.4285714285714285,0.5324675324675324,0.6103896103896104,2.0775812532882125,0.7332950261747001,7.985131526978804,broad_network_transition_distribution,0.7532467532467533,0.9350649350649352,0.974025974025974,0.7626582258496544,0.4738661988496446,2.1439678030242733,-0.2594288273250554,0.2594288273250554,moderate_corridor_observation_concentration,network_broad_physical_concentrated,0.0,True,True,True,True,True,auditable,,45.0,14.0,0.7662337662337663,0.2337662337662337,probe_country_service,paper_unit_v1|PT|A-Root|all_publicly_visible|probe_country_service,PT,A-Root,all_publicly_visible,5009.0,dns-root_a-root_msm5009_20260701T000000Z_010000Z.json,79.0,0.4177215189873418,0.5189873417721519,0.5949367088607596,2.143048417775108,0.7414438685683062,8.525386997795863,broad_network_transition_distribution,0.7341772151898734,0.9113924050632912,0.949367088607595,0.8614145809046144,0.4807646314690544,2.3665059412014298,-0.2606792370992518,0.2606792370992518,moderate_corridor_observation_concentration,network_broad_physical_concentrated,0.0,True,True,True,True,True,auditable,,45.0,14.0,0.7721518987341772,0.2278481012658227,probe_country_service,0.40259740259740273,0.2594288273250555,0.39240506329113933,0.26067923709925184,True,1.0
catchment50_diameter10_rtt5,SE,A-Root,all_publicly_visible,5009.0,dns-root_a-root_msm5009_20260701T000000Z_010000Z.json,122.0,0.319672131147541,0.4672131147540984,0.5655737704918034,2.176304058863612,0.8246520583093545,8.813671177333617,broad_network_transition_distribution,0.6967213114754098,0.8442622950819672,0.9836065573770492,0.8761278508489662,0.6319926528022545,2.4015823938194325,-0.1926594055071,0.1926594055071,moderate_corridor_observation_concentration,network_broad_physical_concentrated,0.0163934426229508,True,True,True,True,True,auditable,,38.0,12.0,0.9508196721311476,0.0491803278688524,probe_country_service,paper_unit_v1|SE|A-Root|all_publicly_visible|probe_country_service,SE,A-Root,all_publicly_visible,5009.0,dns-root_a-root_msm5009_20260701T000000Z_010000Z.json,122.0,0.319672131147541,0.4672131147540984,0.5655737704918034,2.176304058863612,0.8246520583093545,8.813671177333617,broad_network_transition_distribution,0.2377049180327868,0.4672131147540983,0.6967213114754098,1.6414583849658329,0.9161153676910794,5.162693218844441,0.0914633093817248,-0.0914633093817248,broad_corridor_observation_distribution,network_and_physical_both_broad,0.0163934426229508,True,True,True,True,True,auditable,,38.0,12.0,0.9508196721311476,0.0491803278688524,probe_country_service,0.37704918032786877,0.19265940550710003,-5.551115123125783e-17,-0.09146330938172487,True,0.0
catchment50_diameter10_rtt5,SG,A-Root,all_publicly_visible,5009.0,dns-root_a-root_msm5009_20260701T000000Z_010000Z.json,238.0,0.1050420168067226,0.1848739495798319,0.2521008403361344,3.327819005326055,0.8847758436039524,27.877474728184445,broad_network_transition_distribution,0.3179271708683473,0.6358543417366946,0.953781512605042,1.3093995360761626,0.6296880724131297,3.7039489566101262,-0.2550877711908227,0.2550877711908227,weak_corridor_observation_concentration,network_and_physical_both_broad,0.0252100840336134,True,True,True,True,True,auditable,,72.0,38.0,0.953781512605042,0.0462184873949579,probe_country_service,paper_unit_v1|SG|A-Root|all_publicly_visible|probe_country_service,SG,A-Root,all_publicly_visible,5009.0,dns-root_a-root_msm5009_20260701T000000Z_010000Z.json,252.0,0.0992063492063492,0.1785714285714285,0.2539682539682539,3.331750681927026,0.8804396724899946,27.987295692055973,broad_network_transition_distribution,0.1801587301587301,0.3603174603174603,0.5404761904761904,1.9547091944692905,0.7406846272469051,7.061865095641928,-0.1397550452430894,0.1397550452430894,broad_corridor_observation_distribution,network_and_physical_both_broad,0.0238095238095238,True,True,True,True,True,auditable,,72.0,38.0,0.9563492063492064,0.0436507936507936,probe_country_service,0.45098039215686275,0.2550877711908227,0.18174603174603182,0.13975504524308946,True,1.0
catchment50_diameter10_rtt5,US,A-Root,all_publicly_visible,5009.0,dns-root_a-root_msm5009_20260701T000000Z_010000Z.json,259.0,0.277992277992278,0.5521235521235521,0.6138996138996139,2.5074554803607345,0.6626135904728542,12.273659725174705,broad_network_transition_distribution,0.7142857142857143,0.8610038610038611,0.8815958815958816,1.1577711310800711,0.3745568521138203,3.182831250662457,-0.2880567383590338,0.2880567383590338,moderate_corridor_observation_concentration,network_broad_physical_concentrated,0.277992277992278,True,True,True,True,True,auditable,,134.0,58.0,0.9845559845559848,0.0154440154440154,probe_country_service,paper_unit_v1|US|A-Root|all_publicly_visible|probe_country_service,US,A-Root,all_publicly_visible,5009.0,dns-root_a-root_msm5009_20260701T000000Z_010000Z.json,266.0,0.2706766917293233,0.5375939849624061,0.6052631578947368,2.567951564871291,0.6707213601216687,13.039087341120716,broad_network_transition_distribution,0.3784461152882206,0.7061403508771931,0.8489974937343359,1.754876481848077,0.4976452264588269,5.782733425296391,-0.1730761336628418,0.1730761336628418,weak_corridor_observation_concentration,network_and_physical_both_broad,0.2706766917293233,True,True,True,True,True,auditable,,135.0,58.0,0.9849624060150374,0.0150375939849624,probe_country_service,0.30888030888030893,0.2880567383590339,0.168546365914787,0.1730761336628418,True,0.0
catchment50_diameter20_rtt5,AU,A-Root,all_publicly_visible,5009.0,dns-root_a-root_msm5009_20260701T000000Z_010000Z.json,317.0,0.2681388012618296,0.4132492113564668,0.5520504731861199,2.225564132321136,0.7855264895565086,9.25870446535517,broad_network_transition_distribution,0.2492113564668769,0.4248159831756046,0.6004206098843323,1.8776551989975183,0.8154552918415744,6.538156199233022,0.0299288022850657,-0.0299288022850657,broad_corridor_observation_distribution,network_and_physical_both_broad,0.0473186119873817,True,True,True,True,True,auditable,,106.0,41.0,0.9589905362776026,0.0410094637223974,probe_country_service,paper_unit_v1|AU|A-Root|all_publicly_visible|probe_country_service,AU,A-Root,all_publicly_visible,5009.0,dns-root_a-root_msm5009_20260701T000000Z_010000Z.json,619.0,0.2374798061389337,0.3683360258481422,0.4701130856219709,2.7529912500373235,0.6933976921546533,15.689492959050469,broad_network_transition_distribution,0.4878836833602585,0.6155088852988692,0.7054388799138396,1.6712281874249904,0.6027681545479712,5.318696143064627,-0.0906295376066821,0.0906295376066821,broad_corridor_observation_distribution,network_and_physical_both_broad,0.1130856219709208,True,True,True,True,True,auditable,,147.0,56.0,0.9789983844911146,0.0210016155088853,probe_country_service,0.011566771819137789,-0.02992880228506578,0.24717285945072698,0.09062953760668213,True,1.0
catchment50_diameter20_rtt5,CA,A-Root,all_publicly_visible,5009.0,dns-root_a-root_msm5009_20260701T000000Z_010000Z.json,160.0,0.16875,0.31875,0.43125,2.632571807897909,0.8080091480335845,13.909496494412188,broad_network_transition_distribution,0.3625,0.71625,0.94125,1.3097046885008303,0.5960722913852694,3.7050793980847887,-0.211936856648315,0.211936856648315,weak_corridor_observation_concentration,network_and_physical_both_broad,0.23125,True,True,True,True,True,auditable,,55.0,20.0,0.7562499999999999,0.24375,probe_country_service,paper_unit_v1|CA|A-Root|all_publicly_visible|probe_country_service,CA,A-Root,all_publicly_visible,5009.0,dns-root_a-root_msm5009_20260701T000000Z_010000Z.json,160.0,0.16875,0.31875,0.43125,2.632571807897909,0.8080091480335845,13.909496494412188,broad_network_transition_distribution,0.3526785714285714,0.5776785714285715,0.7589285714285714,1.572319543854228,0.6327479319950994,4.8178103656214,-0.1752612160384851,0.1752612160384851,broad_corridor_observation_distribution,network_and_physical_both_broad,0.23125,True,True,True,True,True,auditable,,55.0,20.0,0.7562500000000002,0.24375,probe_country_service,0.3975000000000001,0.21193685664831508,0.2589285714285715,0.1752612160384851,True,1.0
catchment50_diameter20_rtt5,DK,A-Root,all_publicly_visible,5009.0,dns-root_a-root_msm5009_20260701T000000Z_010000Z.json,151.0,0.1920529801324503,0.3245033112582781,0.4105960264900662,2.8326008024303446,0.8248722647337392,16.98958998097067,broad_network_transition_distribution,0.9006622516556292,0.9503311258278146,1.0,0.3924810966279239,0.3572516898602545,1.4806498757409765,-0.4676205748734847,0.4676205748734847,severe_corridor_observation_concentration,network_broad_physical_concentrated,0.0331125827814569,True,True,True,True,True,auditable,,54.0,25.0,0.847682119205298,0.152317880794702,probe_country_service,paper_unit_v1|DK|A-Root|all_publicly_visible|probe_country_service,DK,A-Root,all_publicly_visible,5009.0,dns-root_a-root_msm5009_20260701T000000Z_010000Z.json,154.0,0.1883116883116883,0.3246753246753247,0.409090909090909,2.868726239341008,0.8204547506077257,17.614567161572595,broad_network_transition_distribution,0.4577922077922078,0.8831168831168832,0.931818181818182,1.0923788195608888,0.6787331223661709,2.981357755968228,-0.1417216282415547,0.1417216282415547,moderate_corridor_observation_concentration,network_broad_physical_concentrated,0.0324675324675324,True,True,True,True,True,auditable,,55.0,25.0,0.8506493506493507,0.1493506493506493,probe_country_service,0.6258278145695366,0.4676205748734847,0.5584415584415585,0.14172162824155476,True,1.0
catchment50_diameter20_rtt5,ES,A-Root,all_publicly_visible,5009.0,dns-root_a-root_msm5009_20260701T000000Z_010000Z.json,42.0,0.6666666666666666,0.7857142857142857,0.8571428571428571,1.1801138698233609,0.606458561509777,3.2547447990047607,weak_network_transition_concentration,0.7857142857142857,0.8809523809523809,0.9523809523809524,0.7964168407043732,0.4444887019614826,2.2175807306719166,-0.1619698595482943,0.1619698595482943,moderate_corridor_observation_concentration,network_broad_physical_concentrated,0.0,True,True,True,True,True,auditable,,42.0,21.0,0.119047619047619,0.8809523809523809,probe_country_service,paper_unit_v1|ES|A-Root|all_publicly_visible|probe_country_service,ES,A-Root,all_publicly_visible,5009.0,dns-root_a-root_msm5009_20260701T000000Z_010000Z.json,42.0,0.6666666666666666,0.7857142857142857,0.8571428571428571,1.1801138698233609,0.606458561509777,3.2547447990047607,weak_network_transition_concentration,0.7857142857142857,0.8809523809523809,0.9523809523809524,0.7964168407043732,0.4444887019614826,2.2175807306719166,-0.1619698595482943,0.1619698595482943,moderate_corridor_observation_concentration,network_broad_physical_concentrated,0.0,True,True,True,True,True,auditable,,42.0,21.0,0.119047619047619,0.8809523809523809,probe_country_service,0.09523809523809523,0.16196985954829435,0.09523809523809523,0.16196985954829435,True,1.0
catchment50_diameter20_rtt5,FI,A-Root,all_publicly_visible,5009.0,dns-root_a-root_msm5009_20260701T000000Z_010000Z.json,73.0,0.4794520547945205,0.6027397260273972,0.7123287671232876,1.7925299985137224,0.721367138144466,6.004624957317708,broad_network_transition_distribution,0.3219178082191781,0.6438356164383562,0.726027397260274,1.7507937703305168,0.7968205837443672,5.759172322258731,0.0754534455999011,-0.0754534455999011,broad_corridor_observation_distribution,network_and_physical_both_broad,0.0,True,True,True,True,True,auditable,,60.0,37.0,0.2876712328767123,0.7123287671232876,probe_country_service,paper_unit_v1|FI|A-Root|all_publicly_visible|probe_country_service,FI,A-Root,all_publicly_visible,5009.0,dns-root_a-root_msm5009_20260701T000000Z_010000Z.json,73.0,0.4794520547945205,0.6027397260273972,0.7123287671232876,1.7925299985137224,0.721367138144466,6.004624957317708,broad_network_transition_distribution,0.3219178082191781,0.6438356164383562,0.7123287671232876,1.8077647714724296,0.7851022648295692,6.096804439097907,0.0637351266851032,-0.0637351266851032,broad_corridor_observation_distribution,network_and_physical_both_broad,0.0,True,True,True,True,True,auditable,,60.0,37.0,0.2876712328767123,0.7123287671232876,probe_country_service,0.04109589041095896,-0.07545344559990119,0.04109589041095896,-0.06373512668510328,True,1.0
catchment50_diameter20_rtt5,HK,A-Root,all_publicly_visible,5009.0,dns-root_a-root_msm5009_20260701T000000Z_010000Z.json,87.0,0.5402298850574713,0.6666666666666667,0.7701149425287357,1.7697756309931494,0.6123003472333014,5.86953627160713,broad_network_transition_distribution,0.2375478927203065,0.475095785440613,0.7126436781609194,1.83989508232432,0.8848025036750957,6.295877677521526,0.2725021564417943,-0.2725021564417943,broad_corridor_observation_distribution,network_and_physical_both_broad,0.1034482758620689,True,True,True,True,True,auditable,,32.0,15.0,0.7931034482758621,0.2068965517241379,probe_country_service,paper_unit_v1|HK|A-Root|all_publicly_visible|probe_country_service,HK,A-Root,all_publicly_visible,5009.0,dns-root_a-root_msm5009_20260701T000000Z_010000Z.json,91.0,0.5164835164835165,0.6373626373626374,0.7362637362637363,1.8723023211209775,0.6358774402759128,6.503251750530342,broad_network_transition_distribution,0.227106227106227,0.4542124542124541,0.6813186813186812,1.882435452568008,0.905260097404479,6.569485064050268,0.2693826571285662,-0.2693826571285662,broad_corridor_observation_distribution,network_and_physical_both_broad,0.0989010989010989,True,True,True,True,True,auditable,,32.0,15.0,0.8021978021978022,0.1978021978021978,probe_country_service,-0.19157088122605376,-0.2725021564417943,-0.18315018315018333,-0.26938265712856624,True,1.0
catchment50_diameter20_rtt5,ID,A-Root,all_publicly_visible,5009.0,dns-root_a-root_msm5009_20260701T000000Z_010000Z.json,211.0,0.1042654028436018,0.1800947867298578,0.2417061611374407,3.810341972550165,0.8825367603454133,45.16588171740399,broad_network_transition_distribution,0.3601895734597156,0.4808846761453396,0.6015797788309636,2.2509656105613685,0.7393493254214786,9.496901718909893,-0.1431874349239347,0.1431874349239347,broad_corridor_observation_distribution,network_and_physical_both_broad,0.0900473933649289,True,True,True,True,True,auditable,,67.0,53.0,0.876777251184834,0.1232227488151658,probe_country_service,paper_unit_v1|ID|A-Root|all_publicly_visible|probe_country_service,ID,A-Root,all_publicly_visible,5009.0,dns-root_a-root_msm5009_20260701T000000Z_010000Z.json,211.0,0.1042654028436018,0.1800947867298578,0.2417061611374407,3.810341972550165,0.8825367603454133,45.16588171740399,broad_network_transition_distribution,0.3601895734597156,0.4808846761453396,0.6015797788309636,2.2298528069991983,0.7443431533198425,9.298497305027771,-0.1381936070255708,0.1381936070255708,broad_corridor_observation_distribution,network_and_physical_both_broad,0.0900473933649289,True,True,True,True,True,auditable,,67.0,53.0,0.8767772511848341,0.1232227488151658,probe_country_service,0.3007898894154818,0.1431874349239347,0.3007898894154818,0.13819360702557082,True,1.0
catchment50_diameter20_rtt5,IN,A-Root,all_publicly_visible,5009.0,dns-root_a-root_msm5009_20260701T000000Z_010000Z.json,86.0,0.3023255813953488,0.5465116279069767,0.7441860465116279,1.8244058875042115,0.7608363501943557,6.199110955557657,broad_network_transition_distribution,0.2015503875968992,0.4031007751937984,0.6046511627906976,1.909265548427096,0.8689441981127721,6.748130802768008,0.1081078479184164,-0.1081078479184164,broad_corridor_observation_distribution,network_and_physical_both_broad,0.1046511627906976,True,True,True,True,True,auditable,,55.0,24.0,0.627906976744186,0.3720930232558139,probe_country_service,paper_unit_v1|IN|A-Root|all_publicly_visible|probe_country_service,IN,A-Root,all_publicly_visible,5009.0,dns-root_a-root_msm5009_20260701T000000Z_010000Z.json,86.0,0.3023255813953488,0.5465116279069767,0.7441860465116279,1.8244058875042115,0.7608363501943557,6.199110955557657,broad_network_transition_distribution,0.2015503875968992,0.4031007751937984,0.6046511627906976,1.909265548427096,0.8689441981127721,6.748130802768008,0.1081078479184164,-0.1081078479184164,broad_corridor_observation_distribution,network_and_physical_both_broad,0.1046511627906976,True,True,True,True,True,auditable,,55.0,24.0,0.627906976744186,0.3720930232558139,probe_country_service,-0.14341085271317833,-0.10810784791841643,-0.14341085271317833,-0.10810784791841643,True,1.0
catchment50_diameter20_rtt5,NO,A-Root,all_publicly_visible,5009.0,dns-root_a-root_msm5009_20260701T000000Z_010000Z.json,118.0,0.1779661016949152,0.3135593220338983,0.4322033898305085,2.780283948789131,0.8435745037829427,16.12359857438269,broad_network_transition_distribution,0.7514124293785311,0.8036723163841809,0.8375706214689266,1.1748243360295467,0.3989976849043532,3.237574168749658,-0.4445768188785895,0.4445768188785895,moderate_corridor_observation_concentration,network_broad_physical_concentrated,0.0,True,True,True,True,True,auditable,,51.0,21.0,0.9915254237288136,0.0084745762711864,probe_country_service,paper_unit_v1|NO|A-Root|all_publicly_visible|probe_country_service,NO,A-Root,all_publicly_visible,5009.0,dns-root_a-root_msm5009_20260701T000000Z_010000Z.json,118.0,0.1779661016949152,0.3135593220338983,0.4322033898305085,2.780283948789131,0.8435745037829427,16.12359857438269,broad_network_transition_distribution,0.7189265536723164,0.7528248587570622,0.7824858757062148,1.4114706504800667,0.4282586510998183,4.101983554417125,-0.4153158526831244,0.4153158526831244,broad_corridor_observation_distribution,network_and_physical_both_broad,0.0,True,True,True,True,True,auditable,,51.0,21.0,0.9915254237288136,0.0084745762711864,probe_country_service,0.4901129943502826,0.4445768188785895,0.4392655367231639,0.41531585268312443,True,0.0
catchment50_diameter20_rtt5,NZ,A-Root,all_publicly_visible,5009.0,dns-root_a-root_msm5009_20260701T000000Z_010000Z.json,299.0,0.3110367892976589,0.4247491638795986,0.5284280936454849,2.335912159266535,0.7557036807206071,10.33888634050295,broad_network_transition_distribution,0.2073578595317725,0.3311036789297659,0.431438127090301,2.4521527466018864,0.8844271517561981,11.613320364565102,0.128723471035591,-0.128723471035591,broad_corridor_observation_distribution,network_and_physical_both_broad,0.0501672240802675,True,True,True,True,True,auditable,,68.0,20.0,0.8060200668896321,0.1939799331103679,probe_country_service,paper_unit_v1|NZ|A-Root|all_publicly_visible|probe_country_service,NZ,A-Root,all_publicly_visible,5009.0,dns-root_a-root_msm5009_20260701T000000Z_010000Z.json,349.0,0.3553008595988539,0.4527220630372492,0.5415472779369628,2.3432716215269656,0.7373291160617047,10.41525565820591,broad_network_transition_distribution,0.1776504297994269,0.3209169054441261,0.4068767908309455,2.698649276336096,0.8606774851078454,14.859646886706258,0.1233483690461406,-0.1233483690461406,broad_corridor_observation_distribution,network_and_physical_both_broad,0.0429799426934097,True,True,True,True,True,auditable,,79.0,25.0,0.833810888252149,0.166189111747851,probe_country_service,-0.09364548494983271,-0.128723471035591,-0.1318051575931231,-0.12334836904614066,True,1.0
catchment50_diameter20_rtt5,PH,A-Root,all_publicly_visible,5009.0,dns-root_a-root_msm5009_20260701T000000Z_010000Z.json,55.0,0.1636363636363636,0.3090909090909091,0.3818181818181818,2.771778171384629,0.9104147622762332,15.987036440839288,broad_network_transition_distribution,0.2,0.3575757575757575,0.5151515151515151,2.265423886073086,0.8170789514872614,9.635207966076482,-0.0933358107889719,0.0933358107889719,broad_corridor_observation_distribution,network_and_physical_both_broad,0.0545454545454545,True,True,True,True,True,auditable,,26.0,22.0,0.5454545454545454,0.4545454545454545,probe_country_service,paper_unit_v1|PH|A-Root|all_publicly_visible|probe_country_service,PH,A-Root,all_publicly_visible,5009.0,dns-root_a-root_msm5009_20260701T000000Z_010000Z.json,55.0,0.1636363636363636,0.3090909090909091,0.3818181818181818,2.771778171384629,0.9104147622762332,15.987036440839288,broad_network_transition_distribution,0.2,0.3575757575757576,0.5151515151515152,2.2435539898740657,0.7918761199472698,9.426774484913372,-0.1185386423289635,0.1185386423289635,broad_corridor_observation_distribution,network_and_physical_both_broad,0.0545454545454545,True,True,True,True,True,auditable,,26.0,22.0,0.5454545454545454,0.4545454545454546,probe_country_service,0.04848484848484841,0.0933358107889718,0.04848484848484852,0.11853864232896338,True,1.0
catchment50_diameter20_rtt5,PT,A-Root,all_publicly_visible,5009.0,dns-root_a-root_msm5009_20260701T000000Z_010000Z.json,77.0,0.4285714285714285,0.5324675324675324,0.6103896103896104,2.0775812532882125,0.7332950261747001,7.985131526978804,broad_network_transition_distribution,0.7532467532467533,0.9350649350649352,0.974025974025974,0.7626582258496544,0.4738661988496446,2.1439678030242733,-0.2594288273250554,0.2594288273250554,moderate_corridor_observation_concentration,network_broad_physical_concentrated,0.0,True,True,True,True,True,auditable,,45.0,14.0,0.7662337662337663,0.2337662337662337,probe_country_service,paper_unit_v1|PT|A-Root|all_publicly_visible|probe_country_service,PT,A-Root,all_publicly_visible,5009.0,dns-root_a-root_msm5009_20260701T000000Z_010000Z.json,77.0,0.4285714285714285,0.5324675324675324,0.6103896103896104,2.0775812532882125,0.7332950261747001,7.985131526978804,broad_network_transition_distribution,0.7532467532467533,0.9350649350649352,0.974025974025974,0.7626582258496544,0.4738661988496446,2.1439678030242733,-0.2594288273250554,0.2594288273250554,moderate_corridor_observation_concentration,network_broad_physical_concentrated,0.0,True,True,True,True,True,auditable,,45.0,14.0,0.7662337662337663,0.2337662337662337,probe_country_service,0.40259740259740273,0.2594288273250555,0.40259740259740273,0.2594288273250555,True,1.0
catchment50_diameter20_rtt5,SE,A-Root,all_publicly_visible,5009.0,dns-root_a-root_msm5009_20260701T000000Z_010000Z.json,122.0,0.319672131147541,0.4672131147540984,0.5655737704918034,2.176304058863612,0.8246520583093545,8.813671177333617,broad_network_transition_distribution,0.6967213114754098,0.8442622950819672,0.9836065573770492,0.8761278508489662,0.6319926528022545,2.4015823938194325,-0.1926594055071,0.1926594055071,moderate_corridor_observation_concentration,network_broad_physical_concentrated,0.0163934426229508,True,True,True,True,True,auditable,,38.0,12.0,0.9508196721311476,0.0491803278688524,probe_country_service,paper_unit_v1|SE|A-Root|all_publicly_visible|probe_country_service,SE,A-Root,all_publicly_visible,5009.0,dns-root_a-root_msm5009_20260701T000000Z_010000Z.json,122.0,0.319672131147541,0.4672131147540984,0.5655737704918034,2.176304058863612,0.8246520583093545,8.813671177333617,broad_network_transition_distribution,0.3524590163934426,0.6967213114754098,0.8442622950819672,1.3590100464141486,0.8444004182545901,3.8923381597856,0.0197483599452356,-0.0197483599452356,weak_corridor_observation_concentration,network_and_physical_both_broad,0.0163934426229508,True,True,True,True,True,auditable,,38.0,12.0,0.9508196721311476,0.0491803278688524,probe_country_service,0.37704918032786877,0.19265940550710003,0.22950819672131145,-0.019748359945235605,True,0.0
catchment50_diameter20_rtt5,SG,A-Root,all_publicly_visible,5009.0,dns-root_a-root_msm5009_20260701T000000Z_010000Z.json,238.0,0.1050420168067226,0.1848739495798319,0.2521008403361344,3.327819005326055,0.8847758436039524,27.877474728184445,broad_network_transition_distribution,0.3179271708683473,0.6358543417366946,0.953781512605042,1.3093995360761626,0.6296880724131297,3.7039489566101262,-0.2550877711908227,0.2550877711908227,weak_corridor_observation_concentration,network_and_physical_both_broad,0.0252100840336134,True,True,True,True,True,auditable,,72.0,38.0,0.953781512605042,0.0462184873949579,probe_country_service,paper_unit_v1|SG|A-Root|all_publicly_visible|probe_country_service,SG,A-Root,all_publicly_visible,5009.0,dns-root_a-root_msm5009_20260701T000000Z_010000Z.json,241.0,0.1037344398340249,0.1825726141078838,0.2489626556016597,3.3533640126100983,0.8861511544118699,28.59877865690978,broad_network_transition_distribution,0.313969571230982,0.627939142461964,0.941908713692946,1.3493267830103448,0.6488890194625611,3.854829520230602,-0.2372621349493088,0.2372621349493088,weak_corridor_observation_concentration,network_and_physical_both_broad,0.0248962655601659,True,True,True,True,True,auditable,,72.0,38.0,0.954356846473029,0.0456431535269709,probe_country_service,0.45098039215686275,0.2550877711908227,0.4453665283540802,0.2372621349493088,True,1.0
catchment50_diameter20_rtt5,US,A-Root,all_publicly_visible,5009.0,dns-root_a-root_msm5009_20260701T000000Z_010000Z.json,259.0,0.277992277992278,0.5521235521235521,0.6138996138996139,2.5074554803607345,0.6626135904728542,12.273659725174705,broad_network_transition_distribution,0.7142857142857143,0.8610038610038611,0.8815958815958816,1.1577711310800711,0.3745568521138203,3.182831250662457,-0.2880567383590338,0.2880567383590338,moderate_corridor_observation_concentration,network_broad_physical_concentrated,0.277992277992278,True,True,True,True,True,auditable,,134.0,58.0,0.9845559845559848,0.0154440154440154,probe_country_service,paper_unit_v1|US|A-Root|all_publicly_visible|probe_country_service,US,A-Root,all_publicly_visible,5009.0,dns-root_a-root_msm5009_20260701T000000Z_010000Z.json,264.0,0.2727272727272727,0.5416666666666666,0.6098484848484849,2.542810438301435,0.6679894645597695,12.715356526317152,broad_network_transition_distribution,0.3813131313131313,0.711489898989899,0.8554292929292929,1.69242887218869,0.5325362509682211,5.432659929940197,-0.1354532135915483,0.1354532135915483,weak_corridor_observation_concentration,network_and_physical_both_broad,0.2727272727272727,True,True,True,True,True,auditable,,135.0,58.0,0.9848484848484848,0.0151515151515151,probe_country_service,0.30888030888030893,0.2880567383590339,0.16982323232323238,0.13545321359154838,True,0.0
catchment50_diameter30_rtt5,AU,A-Root,all_publicly_visible,5009.0,dns-root_a-root_msm5009_20260701T000000Z_010000Z.json,317.0,0.2681388012618296,0.4132492113564668,0.5520504731861199,2.225564132321136,0.7855264895565086,9.25870446535517,broad_network_transition_distribution,0.2492113564668769,0.4248159831756046,0.6004206098843323,1.8776551989975183,0.8154552918415744,6.538156199233022,0.0299288022850657,-0.0299288022850657,broad_corridor_observation_distribution,network_and_physical_both_broad,0.0473186119873817,True,True,True,True,True,auditable,,106.0,41.0,0.9589905362776026,0.0410094637223974,probe_country_service,paper_unit_v1|AU|A-Root|all_publicly_visible|probe_country_service,AU,A-Root,all_publicly_visible,5009.0,dns-root_a-root_msm5009_20260701T000000Z_010000Z.json,317.0,0.2681388012618296,0.4132492113564668,0.5520504731861199,2.225564132321136,0.7855264895565086,9.25870446535517,broad_network_transition_distribution,0.2492113564668769,0.4248159831756046,0.6004206098843323,1.8776551989975183,0.8154552918415744,6.538156199233022,0.0299288022850657,-0.0299288022850657,broad_corridor_observation_distribution,network_and_physical_both_broad,0.0473186119873817,True,True,True,True,True,auditable,,106.0,41.0,0.9589905362776026,0.0410094637223974,probe_country_service,0.011566771819137789,-0.02992880228506578,0.011566771819137789,-0.02992880228506578,True,1.0
catchment50_diameter30_rtt5,CA,A-Root,all_publicly_visible,5009.0,dns-root_a-root_msm5009_20260701T000000Z_010000Z.json,160.0,0.16875,0.31875,0.43125,2.632571807897909,0.8080091480335845,13.909496494412188,broad_network_transition_distribution,0.3625,0.71625,0.94125,1.3097046885008303,0.5960722913852694,3.7050793980847887,-0.211936856648315,0.211936856648315,weak_corridor_observation_concentration,network_and_physical_both_broad,0.23125,True,True,True,True,True,auditable,,55.0,20.0,0.7562499999999999,0.24375,probe_country_service,paper_unit_v1|CA|A-Root|all_publicly_visible|probe_country_service,CA,A-Root,all_publicly_visible,5009.0,dns-root_a-root_msm5009_20260701T000000Z_010000Z.json,160.0,0.16875,0.31875,0.43125,2.632571807897909,0.8080091480335845,13.909496494412188,broad_network_transition_distribution,0.3625,0.71625,0.94125,1.3097046885008303,0.5960722913852694,3.7050793980847887,-0.211936856648315,0.211936856648315,weak_corridor_observation_concentration,network_and_physical_both_broad,0.23125,True,True,True,True,True,auditable,,55.0,20.0,0.7562499999999999,0.24375,probe_country_service,0.3975000000000001,0.21193685664831508,0.3975000000000001,0.21193685664831508,True,1.0
catchment50_diameter30_rtt5,DK,A-Root,all_publicly_visible,5009.0,dns-root_a-root_msm5009_20260701T000000Z_010000Z.json,151.0,0.1920529801324503,0.3245033112582781,0.4105960264900662,2.8326008024303446,0.8248722647337392,16.98958998097067,broad_network_transition_distribution,0.9006622516556292,0.9503311258278146,1.0,0.3924810966279239,0.3572516898602545,1.4806498757409765,-0.4676205748734847,0.4676205748734847,severe_corridor_observation_concentration,network_broad_physical_concentrated,0.0331125827814569,True,True,True,True,True,auditable,,54.0,25.0,0.847682119205298,0.152317880794702,probe_country_service,paper_unit_v1|DK|A-Root|all_publicly_visible|probe_country_service,DK,A-Root,all_publicly_visible,5009.0,dns-root_a-root_msm5009_20260701T000000Z_010000Z.json,151.0,0.1920529801324503,0.3245033112582781,0.4105960264900662,2.8326008024303446,0.8248722647337392,16.98958998097067,broad_network_transition_distribution,0.9006622516556292,0.9503311258278146,1.0,0.3924810966279239,0.3572516898602545,1.4806498757409765,-0.4676205748734847,0.4676205748734847,severe_corridor_observation_concentration,network_broad_physical_concentrated,0.0331125827814569,True,True,True,True,True,auditable,,54.0,25.0,0.847682119205298,0.152317880794702,probe_country_service,0.6258278145695366,0.4676205748734847,0.6258278145695366,0.4676205748734847,True,1.0
catchment50_diameter30_rtt5,ES,A-Root,all_publicly_visible,5009.0,dns-root_a-root_msm5009_20260701T000000Z_010000Z.json,42.0,0.6666666666666666,0.7857142857142857,0.8571428571428571,1.1801138698233609,0.606458561509777,3.2547447990047607,weak_network_transition_concentration,0.7857142857142857,0.8809523809523809,0.9523809523809524,0.7964168407043732,0.4444887019614826,2.2175807306719166,-0.1619698595482943,0.1619698595482943,moderate_corridor_observation_concentration,network_broad_physical_concentrated,0.0,True,True,True,True,True,auditable,,42.0,21.0,0.119047619047619,0.8809523809523809,probe_country_service,paper_unit_v1|ES|A-Root|all_publicly_visible|probe_country_service,ES,A-Root,all_publicly_visible,5009.0,dns-root_a-root_msm5009_20260701T000000Z_010000Z.json,42.0,0.6666666666666666,0.7857142857142857,0.8571428571428571,1.1801138698233609,0.606458561509777,3.2547447990047607,weak_network_transition_concentration,0.7857142857142857,0.8809523809523809,0.9523809523809524,0.7964168407043732,0.4444887019614826,2.2175807306719166,-0.1619698595482943,0.1619698595482943,moderate_corridor_observation_concentration,network_broad_physical_concentrated,0.0,True,True,True,True,True,auditable,,42.0,21.0,0.119047619047619,0.8809523809523809,probe_country_service,0.09523809523809523,0.16196985954829435,0.09523809523809523,0.16196985954829435,True,1.0
catchment50_diameter30_rtt5,FI,A-Root,all_publicly_visible,5009.0,dns-root_a-root_msm5009_20260701T000000Z_010000Z.json,73.0,0.4794520547945205,0.6027397260273972,0.7123287671232876,1.7925299985137224,0.721367138144466,6.004624957317708,broad_network_transition_distribution,0.3219178082191781,0.6438356164383562,0.726027397260274,1.7507937703305168,0.7968205837443672,5.759172322258731,0.0754534455999011,-0.0754534455999011,broad_corridor_observation_distribution,network_and_physical_both_broad,0.0,True,True,True,True,True,auditable,,60.0,37.0,0.2876712328767123,0.7123287671232876,probe_country_service,paper_unit_v1|FI|A-Root|all_publicly_visible|probe_country_service,FI,A-Root,all_publicly_visible,5009.0,dns-root_a-root_msm5009_20260701T000000Z_010000Z.json,73.0,0.4794520547945205,0.6027397260273972,0.7123287671232876,1.7925299985137224,0.721367138144466,6.004624957317708,broad_network_transition_distribution,0.3219178082191781,0.6438356164383562,0.726027397260274,1.7507937703305168,0.7968205837443672,5.759172322258731,0.0754534455999011,-0.0754534455999011,broad_corridor_observation_distribution,network_and_physical_both_broad,0.0,True,True,True,True,True,auditable,,60.0,37.0,0.2876712328767123,0.7123287671232876,probe_country_service,0.04109589041095896,-0.07545344559990119,0.04109589041095896,-0.07545344559990119,True,1.0
catchment50_diameter30_rtt5,HK,A-Root,all_publicly_visible,5009.0,dns-root_a-root_msm5009_20260701T000000Z_010000Z.json,87.0,0.5402298850574713,0.6666666666666667,0.7701149425287357,1.7697756309931494,0.6123003472333014,5.86953627160713,broad_network_transition_distribution,0.2375478927203065,0.475095785440613,0.7126436781609194,1.83989508232432,0.8848025036750957,6.295877677521526,0.2725021564417943,-0.2725021564417943,broad_corridor_observation_distribution,network_and_physical_both_broad,0.1034482758620689,True,True,True,True,True,auditable,,32.0,15.0,0.7931034482758621,0.2068965517241379,probe_country_service,paper_unit_v1|HK|A-Root|all_publicly_visible|probe_country_service,HK,A-Root,all_publicly_visible,5009.0,dns-root_a-root_msm5009_20260701T000000Z_010000Z.json,87.0,0.5402298850574713,0.6666666666666667,0.7701149425287357,1.7697756309931494,0.6123003472333014,5.86953627160713,broad_network_transition_distribution,0.2375478927203065,0.475095785440613,0.7126436781609194,1.83989508232432,0.8848025036750957,6.295877677521526,0.2725021564417943,-0.2725021564417943,broad_corridor_observation_distribution,network_and_physical_both_broad,0.1034482758620689,True,True,True,True,True,auditable,,32.0,15.0,0.7931034482758621,0.2068965517241379,probe_country_service,-0.19157088122605376,-0.2725021564417943,-0.19157088122605376,-0.2725021564417943,True,1.0
catchment50_diameter30_rtt5,ID,A-Root,all_publicly_visible,5009.0,dns-root_a-root_msm5009_20260701T000000Z_010000Z.json,211.0,0.1042654028436018,0.1800947867298578,0.2417061611374407,3.810341972550165,0.8825367603454133,45.16588171740399,broad_network_transition_distribution,0.3601895734597156,0.4808846761453396,0.6015797788309636,2.2509656105613685,0.7393493254214786,9.496901718909893,-0.1431874349239347,0.1431874349239347,broad_corridor_observation_distribution,network_and_physical_both_broad,0.0900473933649289,True,True,True,True,True,auditable,,67.0,53.0,0.876777251184834,0.1232227488151658,probe_country_service,paper_unit_v1|ID|A-Root|all_publicly_visible|probe_country_service,ID,A-Root,all_publicly_visible,5009.0,dns-root_a-root_msm5009_20260701T000000Z_010000Z.json,211.0,0.1042654028436018,0.1800947867298578,0.2417061611374407,3.810341972550165,0.8825367603454133,45.16588171740399,broad_network_transition_distribution,0.3601895734597156,0.4808846761453396,0.6015797788309636,2.2509656105613685,0.7393493254214786,9.496901718909893,-0.1431874349239347,0.1431874349239347,broad_corridor_observation_distribution,network_and_physical_both_broad,0.0900473933649289,True,True,True,True,True,auditable,,67.0,53.0,0.876777251184834,0.1232227488151658,probe_country_service,0.3007898894154818,0.1431874349239347,0.3007898894154818,0.1431874349239347,True,1.0
catchment50_diameter30_rtt5,IN,A-Root,all_publicly_visible,5009.0,dns-root_a-root_msm5009_20260701T000000Z_010000Z.json,86.0,0.3023255813953488,0.5465116279069767,0.7441860465116279,1.8244058875042115,0.7608363501943557,6.199110955557657,broad_network_transition_distribution,0.2015503875968992,0.4031007751937984,0.6046511627906976,1.909265548427096,0.8689441981127721,6.748130802768008,0.1081078479184164,-0.1081078479184164,broad_corridor_observation_distribution,network_and_physical_both_broad,0.1046511627906976,True,True,True,True,True,auditable,,55.0,24.0,0.627906976744186,0.3720930232558139,probe_country_service,paper_unit_v1|IN|A-Root|all_publicly_visible|probe_country_service,IN,A-Root,all_publicly_visible,5009.0,dns-root_a-root_msm5009_20260701T000000Z_010000Z.json,86.0,0.3023255813953488,0.5465116279069767,0.7441860465116279,1.8244058875042115,0.7608363501943557,6.199110955557657,broad_network_transition_distribution,0.2015503875968992,0.4031007751937984,0.6046511627906976,1.909265548427096,0.8689441981127721,6.748130802768008,0.1081078479184164,-0.1081078479184164,broad_corridor_observation_distribution,network_and_physical_both_broad,0.1046511627906976,True,True,True,True,True,auditable,,55.0,24.0,0.627906976744186,0.3720930232558139,probe_country_service,-0.14341085271317833,-0.10810784791841643,-0.14341085271317833,-0.10810784791841643,True,1.0
catchment50_diameter30_rtt5,NO,A-Root,all_publicly_visible,5009.0,dns-root_a-root_msm5009_20260701T000000Z_010000Z.json,118.0,0.1779661016949152,0.3135593220338983,0.4322033898305085,2.780283948789131,0.8435745037829427,16.12359857438269,broad_network_transition_distribution,0.7514124293785311,0.8036723163841809,0.8375706214689266,1.1748243360295467,0.3989976849043532,3.237574168749658,-0.4445768188785895,0.4445768188785895,moderate_corridor_observation_concentration,network_broad_physical_concentrated,0.0,True,True,True,True,True,auditable,,51.0,21.0,0.9915254237288136,0.0084745762711864,probe_country_service,paper_unit_v1|NO|A-Root|all_publicly_visible|probe_country_service,NO,A-Root,all_publicly_visible,5009.0,dns-root_a-root_msm5009_20260701T000000Z_010000Z.json,118.0,0.1779661016949152,0.3135593220338983,0.4322033898305085,2.780283948789131,0.8435745037829427,16.12359857438269,broad_network_transition_distribution,0.7514124293785311,0.8036723163841809,0.8375706214689266,1.1748243360295467,0.3989976849043532,3.237574168749658,-0.4445768188785895,0.4445768188785895,moderate_corridor_observation_concentration,network_broad_physical_concentrated,0.0,True,True,True,True,True,auditable,,51.0,21.0,0.9915254237288136,0.0084745762711864,probe_country_service,0.4901129943502826,0.4445768188785895,0.4901129943502826,0.4445768188785895,True,1.0
catchment50_diameter30_rtt5,NZ,A-Root,all_publicly_visible,5009.0,dns-root_a-root_msm5009_20260701T000000Z_010000Z.json,299.0,0.3110367892976589,0.4247491638795986,0.5284280936454849,2.335912159266535,0.7557036807206071,10.33888634050295,broad_network_transition_distribution,0.2073578595317725,0.3311036789297659,0.431438127090301,2.4521527466018864,0.8844271517561981,11.613320364565102,0.128723471035591,-0.128723471035591,broad_corridor_observation_distribution,network_and_physical_both_broad,0.0501672240802675,True,True,True,True,True,auditable,,68.0,20.0,0.8060200668896321,0.1939799331103679,probe_country_service,paper_unit_v1|NZ|A-Root|all_publicly_visible|probe_country_service,NZ,A-Root,all_publicly_visible,5009.0,dns-root_a-root_msm5009_20260701T000000Z_010000Z.json,299.0,0.3110367892976589,0.4247491638795986,0.5284280936454849,2.335912159266535,0.7557036807206071,10.33888634050295,broad_network_transition_distribution,0.2073578595317725,0.3311036789297659,0.431438127090301,2.4521527466018864,0.8844271517561981,11.613320364565102,0.128723471035591,-0.128723471035591,broad_corridor_observation_distribution,network_and_physical_both_broad,0.0501672240802675,True,True,True,True,True,auditable,,68.0,20.0,0.8060200668896321,0.1939799331103679,probe_country_service,-0.09364548494983271,-0.128723471035591,-0.09364548494983271,-0.128723471035591,True,1.0
catchment50_diameter30_rtt5,PH,A-Root,all_publicly_visible,5009.0,dns-root_a-root_msm5009_20260701T000000Z_010000Z.json,55.0,0.1636363636363636,0.3090909090909091,0.3818181818181818,2.771778171384629,0.9104147622762332,15.987036440839288,broad_network_transition_distribution,0.2,0.3575757575757575,0.5151515151515151,2.265423886073086,0.8170789514872614,9.635207966076482,-0.0933358107889719,0.0933358107889719,broad_corridor_observation_distribution,network_and_physical_both_broad,0.0545454545454545,True,True,True,True,True,auditable,,26.0,22.0,0.5454545454545454,0.4545454545454545,probe_country_service,paper_unit_v1|PH|A-Root|all_publicly_visible|probe_country_service,PH,A-Root,all_publicly_visible,5009.0,dns-root_a-root_msm5009_20260701T000000Z_010000Z.json,55.0,0.1636363636363636,0.3090909090909091,0.3818181818181818,2.771778171384629,0.9104147622762332,15.987036440839288,broad_network_transition_distribution,0.2,0.3575757575757575,0.5151515151515151,2.265423886073086,0.8170789514872614,9.635207966076482,-0.0933358107889719,0.0933358107889719,broad_corridor_observation_distribution,network_and_physical_both_broad,0.0545454545454545,True,True,True,True,True,auditable,,26.0,22.0,0.5454545454545454,0.4545454545454545,probe_country_service,0.04848484848484841,0.0933358107889718,0.04848484848484841,0.0933358107889718,True,1.0
catchment50_diameter30_rtt5,PT,A-Root,all_publicly_visible,5009.0,dns-root_a-root_msm5009_20260701T000000Z_010000Z.json,77.0,0.4285714285714285,0.5324675324675324,0.6103896103896104,2.0775812532882125,0.7332950261747001,7.985131526978804,broad_network_transition_distribution,0.7532467532467533,0.9350649350649352,0.974025974025974,0.7626582258496544,0.4738661988496446,2.1439678030242733,-0.2594288273250554,0.2594288273250554,moderate_corridor_observation_concentration,network_broad_physical_concentrated,0.0,True,True,True,True,True,auditable,,45.0,14.0,0.7662337662337663,0.2337662337662337,probe_country_service,paper_unit_v1|PT|A-Root|all_publicly_visible|probe_country_service,PT,A-Root,all_publicly_visible,5009.0,dns-root_a-root_msm5009_20260701T000000Z_010000Z.json,77.0,0.4285714285714285,0.5324675324675324,0.6103896103896104,2.0775812532882125,0.7332950261747001,7.985131526978804,broad_network_transition_distribution,0.7532467532467533,0.9350649350649352,0.974025974025974,0.7626582258496544,0.4738661988496446,2.1439678030242733,-0.2594288273250554,0.2594288273250554,moderate_corridor_observation_concentration,network_broad_physical_concentrated,0.0,True,True,True,True,True,auditable,,45.0,14.0,0.7662337662337663,0.2337662337662337,probe_country_service,0.40259740259740273,0.2594288273250555,0.40259740259740273,0.2594288273250555,True,1.0
catchment50_diameter30_rtt5,SE,A-Root,all_publicly_visible,5009.0,dns-root_a-root_msm5009_20260701T000000Z_010000Z.json,122.0,0.319672131147541,0.4672131147540984,0.5655737704918034,2.176304058863612,0.8246520583093545,8.813671177333617,broad_network_transition_distribution,0.6967213114754098,0.8442622950819672,0.9836065573770492,0.8761278508489662,0.6319926528022545,2.4015823938194325,-0.1926594055071,0.1926594055071,moderate_corridor_observation_concentration,network_broad_physical_concentrated,0.0163934426229508,True,True,True,True,True,auditable,,38.0,12.0,0.9508196721311476,0.0491803278688524,probe_country_service,paper_unit_v1|SE|A-Root|all_publicly_visible|probe_country_service,SE,A-Root,all_publicly_visible,5009.0,dns-root_a-root_msm5009_20260701T000000Z_010000Z.json,122.0,0.319672131147541,0.4672131147540984,0.5655737704918034,2.176304058863612,0.8246520583093545,8.813671177333617,broad_network_transition_distribution,0.6967213114754098,0.8442622950819672,0.9836065573770492,0.8761278508489662,0.6319926528022545,2.4015823938194325,-0.1926594055071,0.1926594055071,moderate_corridor_observation_concentration,network_broad_physical_concentrated,0.0163934426229508,True,True,True,True,True,auditable,,38.0,12.0,0.9508196721311476,0.0491803278688524,probe_country_service,0.37704918032786877,0.19265940550710003,0.37704918032786877,0.19265940550710003,True,1.0
catchment50_diameter30_rtt5,SG,A-Root,all_publicly_visible,5009.0,dns-root_a-root_msm5009_20260701T000000Z_010000Z.json,238.0,0.1050420168067226,0.1848739495798319,0.2521008403361344,3.327819005326055,0.8847758436039524,27.877474728184445,broad_network_transition_distribution,0.3179271708683473,0.6358543417366946,0.953781512605042,1.3093995360761626,0.6296880724131297,3.7039489566101262,-0.2550877711908227,0.2550877711908227,weak_corridor_observation_concentration,network_and_physical_both_broad,0.0252100840336134,True,True,True,True,True,auditable,,72.0,38.0,0.953781512605042,0.0462184873949579,probe_country_service,paper_unit_v1|SG|A-Root|all_publicly_visible|probe_country_service,SG,A-Root,all_publicly_visible,5009.0,dns-root_a-root_msm5009_20260701T000000Z_010000Z.json,238.0,0.1050420168067226,0.1848739495798319,0.2521008403361344,3.327819005326055,0.8847758436039524,27.877474728184445,broad_network_transition_distribution,0.3179271708683473,0.6358543417366946,0.953781512605042,1.3093995360761626,0.6296880724131297,3.7039489566101262,-0.2550877711908227,0.2550877711908227,weak_corridor_observation_concentration,network_and_physical_both_broad,0.0252100840336134,True,True,True,True,True,auditable,,72.0,38.0,0.953781512605042,0.0462184873949579,probe_country_service,0.45098039215686275,0.2550877711908227,0.45098039215686275,0.2550877711908227,True,1.0
catchment50_diameter30_rtt5,US,A-Root,all_publicly_visible,5009.0,dns-root_a-root_msm5009_20260701T000000Z_010000Z.json,259.0,0.277992277992278,0.5521235521235521,0.6138996138996139,2.5074554803607345,0.6626135904728542,12.273659725174705,broad_network_transition_distribution,0.7142857142857143,0.8610038610038611,0.8815958815958816,1.1577711310800711,0.3745568521138203,3.182831250662457,-0.2880567383590338,0.2880567383590338,moderate_corridor_observation_concentration,network_broad_physical_concentrated,0.277992277992278,True,True,True,True,True,auditable,,134.0,58.0,0.9845559845559848,0.0154440154440154,probe_country_service,paper_unit_v1|US|A-Root|all_publicly_visible|probe_country_service,US,A-Root,all_publicly_visible,5009.0,dns-root_a-root_msm5009_20260701T000000Z_010000Z.json,259.0,0.277992277992278,0.5521235521235521,0.6138996138996139,2.5074554803607345,0.6626135904728542,12.273659725174705,broad_network_transition_distribution,0.7142857142857143,0.8610038610038611,0.8815958815958816,1.1577711310800711,0.3745568521138203,3.182831250662457,-0.2880567383590338,0.2880567383590338,moderate_corridor_observation_concentration,network_broad_physical_concentrated,0.277992277992278,True,True,True,True,True,auditable,,134.0,58.0,0.9845559845559848,0.0154440154440154,probe_country_service,0.30888030888030893,0.2880567383590339,0.30888030888030893,0.2880567383590339,True,1.0
catchment50_diameter40_rtt5,AU,A-Root,all_publicly_visible,5009.0,dns-root_a-root_msm5009_20260701T000000Z_010000Z.json,317.0,0.2681388012618296,0.4132492113564668,0.5520504731861199,2.225564132321136,0.7855264895565086,9.25870446535517,broad_network_transition_distribution,0.2492113564668769,0.4248159831756046,0.6004206098843323,1.8776551989975183,0.8154552918415744,6.538156199233022,0.0299288022850657,-0.0299288022850657,broad_corridor_observation_distribution,network_and_physical_both_broad,0.0473186119873817,True,True,True,True,True,auditable,,106.0,41.0,0.9589905362776026,0.0410094637223974,probe_country_service,paper_unit_v1|AU|A-Root|all_publicly_visible|probe_country_service,AU,A-Root,all_publicly_visible,5009.0,dns-root_a-root_msm5009_20260701T000000Z_010000Z.json,316.0,0.2689873417721519,0.4145569620253164,0.5537974683544303,2.211223123797995,0.7975301587505924,9.126872864178212,broad_network_transition_distribution,0.5284810126582279,0.7784810126582279,0.8765822784810127,1.2816174780031813,0.6586210974979353,3.602461918575965,-0.1389090612526571,0.1389090612526571,weak_corridor_observation_concentration,network_and_physical_both_broad,0.0443037974683544,True,True,True,True,True,auditable,,105.0,40.0,0.9588607594936708,0.0411392405063291,probe_country_service,0.011566771819137789,-0.02992880228506578,0.3639240506329115,0.13890906125265712,True,1.0
catchment50_diameter40_rtt5,CA,A-Root,all_publicly_visible,5009.0,dns-root_a-root_msm5009_20260701T000000Z_010000Z.json,160.0,0.16875,0.31875,0.43125,2.632571807897909,0.8080091480335845,13.909496494412188,broad_network_transition_distribution,0.3625,0.71625,0.94125,1.3097046885008303,0.5960722913852694,3.7050793980847887,-0.211936856648315,0.211936856648315,weak_corridor_observation_concentration,network_and_physical_both_broad,0.23125,True,True,True,True,True,auditable,,55.0,20.0,0.7562499999999999,0.24375,probe_country_service,paper_unit_v1|CA|A-Root|all_publicly_visible|probe_country_service,CA,A-Root,all_publicly_visible,5009.0,dns-root_a-root_msm5009_20260701T000000Z_010000Z.json,102.0,0.2352941176470588,0.4117647058823529,0.5588235294117647,2.336658358540427,0.7935835570285537,10.346604089114178,broad_network_transition_distribution,0.5549019607843138,0.907843137254902,0.9666666666666668,1.0272339342098875,0.4939951009058216,2.793328608089986,-0.299588456122732,0.299588456122732,moderate_corridor_observation_concentration,network_broad_physical_concentrated,0.1274509803921568,True,True,True,True,True,auditable,,44.0,15.0,0.6176470588235294,0.3823529411764705,probe_country_service,0.3975000000000001,0.21193685664831508,0.49607843137254903,0.29958845612273205,True,0.0
catchment50_diameter40_rtt5,ES,A-Root,all_publicly_visible,5009.0,dns-root_a-root_msm5009_20260701T000000Z_010000Z.json,42.0,0.6666666666666666,0.7857142857142857,0.8571428571428571,1.1801138698233609,0.606458561509777,3.2547447990047607,weak_network_transition_concentration,0.7857142857142857,0.8809523809523809,0.9523809523809524,0.7964168407043732,0.4444887019614826,2.2175807306719166,-0.1619698595482943,0.1619698595482943,moderate_corridor_observation_concentration,network_broad_physical_concentrated,0.0,True,True,True,True,True,auditable,,42.0,21.0,0.119047619047619,0.8809523809523809,probe_country_service,paper_unit_v1|ES|A-Root|all_publicly_visible|probe_country_service,ES,A-Root,all_publicly_visible,5009.0,dns-root_a-root_msm5009_20260701T000000Z_010000Z.json,39.0,0.717948717948718,0.8461538461538461,0.9230769230769232,0.9803628586147608,0.547150929269056,2.665423238261319,moderate_network_transition_concentration,0.8461538461538461,0.9487179487179488,0.9743589743589745,0.5627942878508411,0.4059702640615221,1.7555712242294117,-0.1411806652075338,0.1411806652075338,severe_corridor_observation_concentration,network_and_physical_both_concentrated,0.0,True,True,True,True,True,auditable,,39.0,20.0,0.0512820512820512,0.9487179487179488,probe_country_service,0.09523809523809523,0.16196985954829435,0.10256410256410264,0.14118066520753386,True,0.0
catchment50_diameter40_rtt5,FI,A-Root,all_publicly_visible,5009.0,dns-root_a-root_msm5009_20260701T000000Z_010000Z.json,73.0,0.4794520547945205,0.6027397260273972,0.7123287671232876,1.7925299985137224,0.721367138144466,6.004624957317708,broad_network_transition_distribution,0.3219178082191781,0.6438356164383562,0.726027397260274,1.7507937703305168,0.7968205837443672,5.759172322258731,0.0754534455999011,-0.0754534455999011,broad_corridor_observation_distribution,network_and_physical_both_broad,0.0,True,True,True,True,True,auditable,,60.0,37.0,0.2876712328767123,0.7123287671232876,probe_country_service,paper_unit_v1|FI|A-Root|all_publicly_visible|probe_country_service,FI,A-Root,all_publicly_visible,5009.0,dns-root_a-root_msm5009_20260701T000000Z_010000Z.json,67.0,0.5223880597014925,0.6417910447761194,0.7313432835820894,1.7290259778639634,0.6958112402377269,5.635162461489382,broad_network_transition_distribution,0.7014925373134329,0.835820895522388,0.9104477611940298,1.018703376619422,0.5685491797949368,2.7696013049793677,-0.1272620604427901,0.1272620604427901,moderate_corridor_observation_concentration,network_broad_physical_concentrated,0.0,True,True,True,True,True,auditable,,60.0,37.0,0.2238805970149253,0.7761194029850746,probe_country_service,0.04109589041095896,-0.07545344559990119,0.19402985074626866,0.1272620604427901,True,0.0
catchment50_diameter40_rtt5,HK,A-Root,all_publicly_visible,5009.0,dns-root_a-root_msm5009_20260701T000000Z_010000Z.json,87.0,0.5402298850574713,0.6666666666666667,0.7701149425287357,1.7697756309931494,0.6123003472333014,5.86953627160713,broad_network_transition_distribution,0.2375478927203065,0.475095785440613,0.7126436781609194,1.83989508232432,0.8848025036750957,6.295877677521526,0.2725021564417943,-0.2725021564417943,broad_corridor_observation_distribution,network_and_physical_both_broad,0.1034482758620689,True,True,True,True,True,auditable,,32.0,15.0,0.7931034482758621,0.2068965517241379,probe_country_service,paper_unit_v1|HK|A-Root|all_publicly_visible|probe_country_service,HK,A-Root,all_publicly_visible,5009.0,dns-root_a-root_msm5009_20260701T000000Z_010000Z.json,87.0,0.5402298850574713,0.6666666666666667,0.7701149425287357,1.7697756309931494,0.6123003472333014,5.86953627160713,broad_network_transition_distribution,0.7126436781609196,0.8160919540229885,0.9195402298850576,0.9135662185599308,0.6589987265200474,2.493197987009513,0.046698379286746,-0.046698379286746,moderate_corridor_observation_concentration,network_broad_physical_concentrated,0.1034482758620689,True,True,True,True,True,auditable,,32.0,15.0,0.7931034482758621,0.2068965517241379,probe_country_service,-0.19157088122605376,-0.2725021564417943,0.14942528735632177,-0.04669837928674603,True,0.0
catchment50_diameter40_rtt5,ID,A-Root,all_publicly_visible,5009.0,dns-root_a-root_msm5009_20260701T000000Z_010000Z.json,211.0,0.1042654028436018,0.1800947867298578,0.2417061611374407,3.810341972550165,0.8825367603454133,45.16588171740399,broad_network_transition_distribution,0.3601895734597156,0.4808846761453396,0.6015797788309636,2.2509656105613685,0.7393493254214786,9.496901718909893,-0.1431874349239347,0.1431874349239347,broad_corridor_observation_distribution,network_and_physical_both_broad,0.0900473933649289,True,True,True,True,True,auditable,,67.0,53.0,0.876777251184834,0.1232227488151658,probe_country_service,paper_unit_v1|ID|A-Root|all_publicly_visible|probe_country_service,ID,A-Root,all_publicly_visible,5009.0,dns-root_a-root_msm5009_20260701T000000Z_010000Z.json,133.0,0.1654135338345864,0.2857142857142857,0.3834586466165413,3.001018558766266,0.8440857285598848,20.106005645424545,broad_network_transition_distribution,0.5162907268170427,0.6165413533834587,0.7167919799498748,1.7033137197303394,0.6854638663692487,5.492116606418664,-0.1586218621906361,0.1586218621906361,broad_corridor_observation_distribution,network_and_physical_both_broad,0.112781954887218,True,True,True,True,True,auditable,,63.0,50.0,0.8045112781954887,0.1954887218045112,probe_country_service,0.3007898894154818,0.1431874349239347,0.330827067669173,0.15862186219063612,True,1.0
catchment50_diameter40_rtt5,IN,A-Root,all_publicly_visible,5009.0,dns-root_a-root_msm5009_20260701T000000Z_010000Z.json,86.0,0.3023255813953488,0.5465116279069767,0.7441860465116279,1.8244058875042115,0.7608363501943557,6.199110955557657,broad_network_transition_distribution,0.2015503875968992,0.4031007751937984,0.6046511627906976,1.909265548427096,0.8689441981127721,6.748130802768008,0.1081078479184164,-0.1081078479184164,broad_corridor_observation_distribution,network_and_physical_both_broad,0.1046511627906976,True,True,True,True,True,auditable,,55.0,24.0,0.627906976744186,0.3720930232558139,probe_country_service,paper_unit_v1|IN|A-Root|all_publicly_visible|probe_country_service,IN,A-Root,all_publicly_visible,5009.0,dns-root_a-root_msm5009_20260701T000000Z_010000Z.json,86.0,0.3023255813953488,0.5465116279069767,0.7441860465116279,1.8244058875042115,0.7608363501943557,6.199110955557657,broad_network_transition_distribution,0.6046511627906976,0.7267441860465116,0.8488372093023255,1.244988350627774,0.6397974496572632,3.4728943420622835,-0.1210389005370925,0.1210389005370925,weak_corridor_observation_concentration,network_and_physical_both_broad,0.1046511627906976,True,True,True,True,True,auditable,,55.0,24.0,0.627906976744186,0.3720930232558139,probe_country_service,-0.14341085271317833,-0.10810784791841643,0.18023255813953487,0.12103890053709254,True,1.0
catchment50_diameter40_rtt5,NO,A-Root,all_publicly_visible,5009.0,dns-root_a-root_msm5009_20260701T000000Z_010000Z.json,118.0,0.1779661016949152,0.3135593220338983,0.4322033898305085,2.780283948789131,0.8435745037829427,16.12359857438269,broad_network_transition_distribution,0.7514124293785311,0.8036723163841809,0.8375706214689266,1.1748243360295467,0.3989976849043532,3.237574168749658,-0.4445768188785895,0.4445768188785895,moderate_corridor_observation_concentration,network_broad_physical_concentrated,0.0,True,True,True,True,True,auditable,,51.0,21.0,0.9915254237288136,0.0084745762711864,probe_country_service,paper_unit_v1|NO|A-Root|all_publicly_visible|probe_country_service,NO,A-Root,all_publicly_visible,5009.0,dns-root_a-root_msm5009_20260701T000000Z_010000Z.json,110.0,0.1909090909090909,0.3363636363636363,0.4636363636363636,2.6658810123596064,0.8388407354534128,14.38061346484436,broad_network_transition_distribution,0.8060606060606061,0.8621212121212122,0.890909090909091,0.9313216975413008,0.3359032986287814,2.537861246889201,-0.5029374368246313,0.5029374368246313,severe_corridor_observation_concentration,network_broad_physical_concentrated,0.0,True,True,True,True,True,auditable,,50.0,21.0,0.990909090909091,0.009090909090909,probe_country_service,0.4901129943502826,0.4445768188785895,0.5257575757575759,0.5029374368246313,True,1.0
catchment50_diameter40_rtt5,NZ,A-Root,all_publicly_visible,5009.0,dns-root_a-root_msm5009_20260701T000000Z_010000Z.json,299.0,0.3110367892976589,0.4247491638795986,0.5284280936454849,2.335912159266535,0.7557036807206071,10.33888634050295,broad_network_transition_distribution,0.2073578595317725,0.3311036789297659,0.431438127090301,2.4521527466018864,0.8844271517561981,11.613320364565102,0.128723471035591,-0.128723471035591,broad_corridor_observation_distribution,network_and_physical_both_broad,0.0501672240802675,True,True,True,True,True,auditable,,68.0,20.0,0.8060200668896321,0.1939799331103679,probe_country_service,paper_unit_v1|NZ|A-Root|all_publicly_visible|probe_country_service,NZ,A-Root,all_publicly_visible,5009.0,dns-root_a-root_msm5009_20260701T000000Z_010000Z.json,286.0,0.3251748251748251,0.444055944055944,0.5524475524475524,2.255115757756491,0.740712477534828,9.53639715819608,broad_network_transition_distribution,0.3146853146853147,0.5314685314685315,0.6608391608391608,1.9679094743249583,0.791945031211877,7.155701663122317,0.0512325536770489,-0.0512325536770489,broad_corridor_observation_distribution,network_and_physical_both_broad,0.0069930069930069,True,True,True,True,True,auditable,,63.0,17.0,0.7972027972027972,0.2027972027972027,probe_country_service,-0.09364548494983271,-0.128723471035591,0.08741258741258745,-0.05123255367704893,True,1.0
catchment50_diameter40_rtt5,PH,A-Root,all_publicly_visible,5009.0,dns-root_a-root_msm5009_20260701T000000Z_010000Z.json,55.0,0.1636363636363636,0.3090909090909091,0.3818181818181818,2.771778171384629,0.9104147622762332,15.987036440839288,broad_network_transition_distribution,0.2,0.3575757575757575,0.5151515151515151,2.265423886073086,0.8170789514872614,9.635207966076482,-0.0933358107889719,0.0933358107889719,broad_corridor_observation_distribution,network_and_physical_both_broad,0.0545454545454545,True,True,True,True,True,auditable,,26.0,22.0,0.5454545454545454,0.4545454545454545,probe_country_service,paper_unit_v1|PH|A-Root|all_publicly_visible|probe_country_service,PH,A-Root,all_publicly_visible,5009.0,dns-root_a-root_msm5009_20260701T000000Z_010000Z.json,55.0,0.1636363636363636,0.3090909090909091,0.3818181818181818,2.771778171384629,0.9104147622762332,15.987036440839288,broad_network_transition_distribution,0.4727272727272727,0.6727272727272727,0.7818181818181819,1.6326558109747165,0.7090534095535979,5.117447660634213,-0.2013613527226354,0.2013613527226354,broad_corridor_observation_distribution,network_and_physical_both_broad,0.0545454545454545,True,True,True,True,True,auditable,,26.0,22.0,0.5454545454545454,0.4545454545454545,probe_country_service,0.04848484848484841,0.0933358107889718,0.36363636363636365,0.20136135272263533,True,1.0
catchment50_diameter40_rtt5,SE,A-Root,all_publicly_visible,5009.0,dns-root_a-root_msm5009_20260701T000000Z_010000Z.json,122.0,0.319672131147541,0.4672131147540984,0.5655737704918034,2.176304058863612,0.8246520583093545,8.813671177333617,broad_network_transition_distribution,0.6967213114754098,0.8442622950819672,0.9836065573770492,0.8761278508489662,0.6319926528022545,2.4015823938194325,-0.1926594055071,0.1926594055071,moderate_corridor_observation_concentration,network_broad_physical_concentrated,0.0163934426229508,True,True,True,True,True,auditable,,38.0,12.0,0.9508196721311476,0.0491803278688524,probe_country_service,paper_unit_v1|SE|A-Root|all_publicly_visible|probe_country_service,SE,A-Root,all_publicly_visible,5009.0,dns-root_a-root_msm5009_20260701T000000Z_010000Z.json,35.0,0.6571428571428571,0.7714285714285715,0.8857142857142857,1.1384047410194291,0.635355783279264,3.121784336336786,weak_network_transition_concentration,1.0,1.0,1.0,-0.0,0.0,1.0,-0.635355783279264,0.635355783279264,severe_corridor_observation_concentration,network_broad_physical_concentrated,0.0,True,True,True,True,True,auditable,,33.0,9.0,0.8857142857142857,0.1142857142857142,probe_country_service,0.37704918032786877,0.19265940550710003,0.22857142857142854,0.635355783279264,True,1.0
catchment50_diameter40_rtt5,SG,A-Root,all_publicly_visible,5009.0,dns-root_a-root_msm5009_20260701T000000Z_010000Z.json,238.0,0.1050420168067226,0.1848739495798319,0.2521008403361344,3.327819005326055,0.8847758436039524,27.877474728184445,broad_network_transition_distribution,0.3179271708683473,0.6358543417366946,0.953781512605042,1.3093995360761626,0.6296880724131297,3.7039489566101262,-0.2550877711908227,0.2550877711908227,weak_corridor_observation_concentration,network_and_physical_both_broad,0.0252100840336134,True,True,True,True,True,auditable,,72.0,38.0,0.953781512605042,0.0462184873949579,probe_country_service,paper_unit_v1|SG|A-Root|all_publicly_visible|probe_country_service,SG,A-Root,all_publicly_visible,5009.0,dns-root_a-root_msm5009_20260701T000000Z_010000Z.json,238.0,0.1050420168067226,0.1848739495798319,0.2521008403361344,3.327819005326055,0.8847758436039524,27.877474728184445,broad_network_transition_distribution,0.953781512605042,0.9726890756302522,0.9915966386554622,0.2353519976194379,0.1697705799144371,1.2653540919800554,-0.7150052636895153,0.7150052636895153,severe_corridor_observation_concentration,network_broad_physical_concentrated,0.0252100840336134,True,True,True,True,True,auditable,,72.0,38.0,0.953781512605042,0.0462184873949579,probe_country_service,0.45098039215686275,0.2550877711908227,0.7878151260504203,0.7150052636895153,True,0.0
catchment50_diameter40_rtt5,US,A-Root,all_publicly_visible,5009.0,dns-root_a-root_msm5009_20260701T000000Z_010000Z.json,259.0,0.277992277992278,0.5521235521235521,0.6138996138996139,2.5074554803607345,0.6626135904728542,12.273659725174705,broad_network_transition_distribution,0.7142857142857143,0.8610038610038611,0.8815958815958816,1.1577711310800711,0.3745568521138203,3.182831250662457,-0.2880567383590338,0.2880567383590338,moderate_corridor_observation_concentration,network_broad_physical_concentrated,0.277992277992278,True,True,True,True,True,auditable,,134.0,58.0,0.9845559845559848,0.0154440154440154,probe_country_service,paper_unit_v1|US|A-Root|all_publicly_visible|probe_country_service,US,A-Root,all_publicly_visible,5009.0,dns-root_a-root_msm5009_20260701T000000Z_010000Z.json,77.0,0.2987012987012987,0.4935064935064935,0.5714285714285714,2.4463442765864145,0.7802101066423057,11.54606026967313,broad_network_transition_distribution,0.4935064935064935,0.6103896103896104,0.7186147186147186,1.8294585278358944,0.6598376864052171,6.2305120961231895,-0.1203724202370886,0.1203724202370886,broad_corridor_observation_distribution,network_and_physical_both_broad,0.2987012987012987,True,True,True,True,True,auditable,,40.0,22.0,0.948051948051948,0.0519480519480519,probe_country_service,0.30888030888030893,0.2880567383590339,0.11688311688311687,0.1203724202370886,True,0.0
catchment50_diameter50_rtt5,AU,A-Root,all_publicly_visible,5009.0,dns-root_a-root_msm5009_20260701T000000Z_010000Z.json,317.0,0.2681388012618296,0.4132492113564668,0.5520504731861199,2.225564132321136,0.7855264895565086,9.25870446535517,broad_network_transition_distribution,0.2492113564668769,0.4248159831756046,0.6004206098843323,1.8776551989975183,0.8154552918415744,6.538156199233022,0.0299288022850657,-0.0299288022850657,broad_corridor_observation_distribution,network_and_physical_both_broad,0.0473186119873817,True,True,True,True,True,auditable,,106.0,41.0,0.9589905362776026,0.0410094637223974,probe_country_service,paper_unit_v1|AU|A-Root|all_publicly_visible|probe_country_service,AU,A-Root,all_publicly_visible,5009.0,dns-root_a-root_msm5009_20260701T000000Z_010000Z.json,316.0,0.2689873417721519,0.4145569620253164,0.5537974683544303,2.211223123797995,0.7975301587505924,9.126872864178212,broad_network_transition_distribution,0.5284810126582279,0.7784810126582279,0.8765822784810127,1.2816174780031813,0.6586210974979353,3.602461918575965,-0.1389090612526571,0.1389090612526571,weak_corridor_observation_concentration,network_and_physical_both_broad,0.0443037974683544,True,True,True,True,True,auditable,,105.0,40.0,0.9588607594936708,0.0411392405063291,probe_country_service,0.011566771819137789,-0.02992880228506578,0.3639240506329115,0.13890906125265712,True,1.0
catchment50_diameter50_rtt5,CA,A-Root,all_publicly_visible,5009.0,dns-root_a-root_msm5009_20260701T000000Z_010000Z.json,160.0,0.16875,0.31875,0.43125,2.632571807897909,0.8080091480335845,13.909496494412188,broad_network_transition_distribution,0.3625,0.71625,0.94125,1.3097046885008303,0.5960722913852694,3.7050793980847887,-0.211936856648315,0.211936856648315,weak_corridor_observation_concentration,network_and_physical_both_broad,0.23125,True,True,True,True,True,auditable,,55.0,20.0,0.7562499999999999,0.24375,probe_country_service,paper_unit_v1|CA|A-Root|all_publicly_visible|probe_country_service,CA,A-Root,all_publicly_visible,5009.0,dns-root_a-root_msm5009_20260701T000000Z_010000Z.json,102.0,0.2352941176470588,0.4117647058823529,0.5588235294117647,2.336658358540427,0.7935835570285537,10.346604089114178,broad_network_transition_distribution,0.5549019607843138,0.907843137254902,0.9666666666666668,1.0272339342098875,0.4939951009058216,2.793328608089986,-0.299588456122732,0.299588456122732,moderate_corridor_observation_concentration,network_broad_physical_concentrated,0.1274509803921568,True,True,True,True,True,auditable,,44.0,15.0,0.6176470588235294,0.3823529411764705,probe_country_service,0.3975000000000001,0.21193685664831508,0.49607843137254903,0.29958845612273205,True,0.0
catchment50_diameter50_rtt5,ES,A-Root,all_publicly_visible,5009.0,dns-root_a-root_msm5009_20260701T000000Z_010000Z.json,42.0,0.6666666666666666,0.7857142857142857,0.8571428571428571,1.1801138698233609,0.606458561509777,3.2547447990047607,weak_network_transition_concentration,0.7857142857142857,0.8809523809523809,0.9523809523809524,0.7964168407043732,0.4444887019614826,2.2175807306719166,-0.1619698595482943,0.1619698595482943,moderate_corridor_observation_concentration,network_broad_physical_concentrated,0.0,True,True,True,True,True,auditable,,42.0,21.0,0.119047619047619,0.8809523809523809,probe_country_service,paper_unit_v1|ES|A-Root|all_publicly_visible|probe_country_service,ES,A-Root,all_publicly_visible,5009.0,dns-root_a-root_msm5009_20260701T000000Z_010000Z.json,39.0,0.717948717948718,0.8461538461538461,0.9230769230769232,0.9803628586147608,0.547150929269056,2.665423238261319,moderate_network_transition_concentration,0.8461538461538461,0.9487179487179488,0.9743589743589745,0.5627942878508411,0.4059702640615221,1.7555712242294117,-0.1411806652075338,0.1411806652075338,severe_corridor_observation_concentration,network_and_physical_both_concentrated,0.0,True,True,True,True,True,auditable,,39.0,20.0,0.0512820512820512,0.9487179487179488,probe_country_service,0.09523809523809523,0.16196985954829435,0.10256410256410264,0.14118066520753386,True,0.0
catchment50_diameter50_rtt5,FI,A-Root,all_publicly_visible,5009.0,dns-root_a-root_msm5009_20260701T000000Z_010000Z.json,73.0,0.4794520547945205,0.6027397260273972,0.7123287671232876,1.7925299985137224,0.721367138144466,6.004624957317708,broad_network_transition_distribution,0.3219178082191781,0.6438356164383562,0.726027397260274,1.7507937703305168,0.7968205837443672,5.759172322258731,0.0754534455999011,-0.0754534455999011,broad_corridor_observation_distribution,network_and_physical_both_broad,0.0,True,True,True,True,True,auditable,,60.0,37.0,0.2876712328767123,0.7123287671232876,probe_country_service,paper_unit_v1|FI|A-Root|all_publicly_visible|probe_country_service,FI,A-Root,all_publicly_visible,5009.0,dns-root_a-root_msm5009_20260701T000000Z_010000Z.json,67.0,0.5223880597014925,0.6417910447761194,0.7313432835820894,1.7290259778639634,0.6958112402377269,5.635162461489382,broad_network_transition_distribution,0.7014925373134329,0.835820895522388,0.9104477611940298,1.018703376619422,0.5685491797949368,2.7696013049793677,-0.1272620604427901,0.1272620604427901,moderate_corridor_observation_concentration,network_broad_physical_concentrated,0.0,True,True,True,True,True,auditable,,60.0,37.0,0.2238805970149253,0.7761194029850746,probe_country_service,0.04109589041095896,-0.07545344559990119,0.19402985074626866,0.1272620604427901,True,0.0
catchment50_diameter50_rtt5,HK,A-Root,all_publicly_visible,5009.0,dns-root_a-root_msm5009_20260701T000000Z_010000Z.json,87.0,0.5402298850574713,0.6666666666666667,0.7701149425287357,1.7697756309931494,0.6123003472333014,5.86953627160713,broad_network_transition_distribution,0.2375478927203065,0.475095785440613,0.7126436781609194,1.83989508232432,0.8848025036750957,6.295877677521526,0.2725021564417943,-0.2725021564417943,broad_corridor_observation_distribution,network_and_physical_both_broad,0.1034482758620689,True,True,True,True,True,auditable,,32.0,15.0,0.7931034482758621,0.2068965517241379,probe_country_service,paper_unit_v1|HK|A-Root|all_publicly_visible|probe_country_service,HK,A-Root,all_publicly_visible,5009.0,dns-root_a-root_msm5009_20260701T000000Z_010000Z.json,87.0,0.5402298850574713,0.6666666666666667,0.7701149425287357,1.7697756309931494,0.6123003472333014,5.86953627160713,broad_network_transition_distribution,0.7126436781609196,0.9195402298850576,1.0,0.7701564570647694,0.7010266178603007,2.1601041909092062,0.0887262706269993,-0.0887262706269993,moderate_corridor_observation_concentration,network_broad_physical_concentrated,0.1034482758620689,True,True,True,True,True,auditable,,32.0,15.0,0.7931034482758621,0.2068965517241379,probe_country_service,-0.19157088122605376,-0.2725021564417943,0.25287356321839083,-0.08872627062699934,True,0.0
catchment50_diameter50_rtt5,ID,A-Root,all_publicly_visible,5009.0,dns-root_a-root_msm5009_20260701T000000Z_010000Z.json,211.0,0.1042654028436018,0.1800947867298578,0.2417061611374407,3.810341972550165,0.8825367603454133,45.16588171740399,broad_network_transition_distribution,0.3601895734597156,0.4808846761453396,0.6015797788309636,2.2509656105613685,0.7393493254214786,9.496901718909893,-0.1431874349239347,0.1431874349239347,broad_corridor_observation_distribution,network_and_physical_both_broad,0.0900473933649289,True,True,True,True,True,auditable,,67.0,53.0,0.876777251184834,0.1232227488151658,probe_country_service,paper_unit_v1|ID|A-Root|all_publicly_visible|probe_country_service,ID,A-Root,all_publicly_visible,5009.0,dns-root_a-root_msm5009_20260701T000000Z_010000Z.json,133.0,0.1654135338345864,0.2857142857142857,0.3834586466165413,3.001018558766266,0.8440857285598848,20.106005645424545,broad_network_transition_distribution,0.6616541353383458,0.7857142857142857,0.9097744360902256,1.165856296985049,0.5306040670628497,3.2086692810002626,-0.3134816614970351,0.3134816614970351,weak_corridor_observation_concentration,network_and_physical_both_broad,0.112781954887218,True,True,True,True,True,auditable,,63.0,50.0,0.8045112781954887,0.1954887218045112,probe_country_service,0.3007898894154818,0.1431874349239347,0.5,0.31348166149703516,True,1.0
catchment50_diameter50_rtt5,IN,A-Root,all_publicly_visible,5009.0,dns-root_a-root_msm5009_20260701T000000Z_010000Z.json,86.0,0.3023255813953488,0.5465116279069767,0.7441860465116279,1.8244058875042115,0.7608363501943557,6.199110955557657,broad_network_transition_distribution,0.2015503875968992,0.4031007751937984,0.6046511627906976,1.909265548427096,0.8689441981127721,6.748130802768008,0.1081078479184164,-0.1081078479184164,broad_corridor_observation_distribution,network_and_physical_both_broad,0.1046511627906976,True,True,True,True,True,auditable,,55.0,24.0,0.627906976744186,0.3720930232558139,probe_country_service,paper_unit_v1|IN|A-Root|all_publicly_visible|probe_country_service,IN,A-Root,all_publicly_visible,5009.0,dns-root_a-root_msm5009_20260701T000000Z_010000Z.json,86.0,0.3023255813953488,0.5465116279069767,0.7441860465116279,1.8244058875042115,0.7608363501943557,6.199110955557657,broad_network_transition_distribution,0.6046511627906976,0.8488372093023255,0.9534883720930232,1.0757314809561591,0.6003771708373432,2.932136918600718,-0.1604591793570124,0.1604591793570124,moderate_corridor_observation_concentration,network_broad_physical_concentrated,0.1046511627906976,True,True,True,True,True,auditable,,55.0,24.0,0.627906976744186,0.3720930232558139,probe_country_service,-0.14341085271317833,-0.10810784791841643,0.3023255813953488,0.16045917935701248,True,0.0
catchment50_diameter50_rtt5,NO,A-Root,all_publicly_visible,5009.0,dns-root_a-root_msm5009_20260701T000000Z_010000Z.json,118.0,0.1779661016949152,0.3135593220338983,0.4322033898305085,2.780283948789131,0.8435745037829427,16.12359857438269,broad_network_transition_distribution,0.7514124293785311,0.8036723163841809,0.8375706214689266,1.1748243360295467,0.3989976849043532,3.237574168749658,-0.4445768188785895,0.4445768188785895,moderate_corridor_observation_concentration,network_broad_physical_concentrated,0.0,True,True,True,True,True,auditable,,51.0,21.0,0.9915254237288136,0.0084745762711864,probe_country_service,paper_unit_v1|NO|A-Root|all_publicly_visible|probe_country_service,NO,A-Root,all_publicly_visible,5009.0,dns-root_a-root_msm5009_20260701T000000Z_010000Z.json,110.0,0.1909090909090909,0.3363636363636363,0.4636363636363636,2.6658810123596064,0.8388407354534128,14.38061346484436,broad_network_transition_distribution,0.8060606060606061,0.8621212121212122,0.890909090909091,0.9187190215311196,0.3581821289603752,2.506078100850454,-0.4806586064930375,0.4806586064930375,severe_corridor_observation_concentration,network_broad_physical_concentrated,0.0,True,True,True,True,True,auditable,,50.0,21.0,0.990909090909091,0.009090909090909,probe_country_service,0.4901129943502826,0.4445768188785895,0.5257575757575759,0.48065860649303754,True,1.0
catchment50_diameter50_rtt5,NZ,A-Root,all_publicly_visible,5009.0,dns-root_a-root_msm5009_20260701T000000Z_010000Z.json,299.0,0.3110367892976589,0.4247491638795986,0.5284280936454849,2.335912159266535,0.7557036807206071,10.33888634050295,broad_network_transition_distribution,0.2073578595317725,0.3311036789297659,0.431438127090301,2.4521527466018864,0.8844271517561981,11.613320364565102,0.128723471035591,-0.128723471035591,broad_corridor_observation_distribution,network_and_physical_both_broad,0.0501672240802675,True,True,True,True,True,auditable,,68.0,20.0,0.8060200668896321,0.1939799331103679,probe_country_service,paper_unit_v1|NZ|A-Root|all_publicly_visible|probe_country_service,NZ,A-Root,all_publicly_visible,5009.0,dns-root_a-root_msm5009_20260701T000000Z_010000Z.json,286.0,0.3251748251748251,0.444055944055944,0.5524475524475524,2.255115757756491,0.740712477534828,9.53639715819608,broad_network_transition_distribution,0.3146853146853147,0.5314685314685315,0.6608391608391608,1.9679094743249583,0.791945031211877,7.155701663122317,0.0512325536770489,-0.0512325536770489,broad_corridor_observation_distribution,network_and_physical_both_broad,0.0069930069930069,True,True,True,True,True,auditable,,63.0,17.0,0.7972027972027972,0.2027972027972027,probe_country_service,-0.09364548494983271,-0.128723471035591,0.08741258741258745,-0.05123255367704893,True,1.0
catchment50_diameter50_rtt5,PH,A-Root,all_publicly_visible,5009.0,dns-root_a-root_msm5009_20260701T000000Z_010000Z.json,55.0,0.1636363636363636,0.3090909090909091,0.3818181818181818,2.771778171384629,0.9104147622762332,15.987036440839288,broad_network_transition_distribution,0.2,0.3575757575757575,0.5151515151515151,2.265423886073086,0.8170789514872614,9.635207966076482,-0.0933358107889719,0.0933358107889719,broad_corridor_observation_distribution,network_and_physical_both_broad,0.0545454545454545,True,True,True,True,True,auditable,,26.0,22.0,0.5454545454545454,0.4545454545454545,probe_country_service,paper_unit_v1|PH|A-Root|all_publicly_visible|probe_country_service,PH,A-Root,all_publicly_visible,5009.0,dns-root_a-root_msm5009_20260701T000000Z_010000Z.json,55.0,0.1636363636363636,0.3090909090909091,0.3818181818181818,2.771778171384629,0.9104147622762332,15.987036440839288,broad_network_transition_distribution,0.4727272727272727,0.6727272727272727,0.8,1.5444370789034505,0.7029036061374442,4.685333411516385,-0.2075111561387891,0.2075111561387891,weak_corridor_observation_concentration,network_and_physical_both_broad,0.0545454545454545,True,True,True,True,True,auditable,,26.0,22.0,0.5454545454545454,0.4545454545454545,probe_country_service,0.04848484848484841,0.0933358107889718,0.36363636363636365,0.207511156138789,True,1.0
catchment50_diameter50_rtt5,SE,A-Root,all_publicly_visible,5009.0,dns-root_a-root_msm5009_20260701T000000Z_010000Z.json,122.0,0.319672131147541,0.4672131147540984,0.5655737704918034,2.176304058863612,0.8246520583093545,8.813671177333617,broad_network_transition_distribution,0.6967213114754098,0.8442622950819672,0.9836065573770492,0.8761278508489662,0.6319926528022545,2.4015823938194325,-0.1926594055071,0.1926594055071,moderate_corridor_observation_concentration,network_broad_physical_concentrated,0.0163934426229508,True,True,True,True,True,auditable,,38.0,12.0,0.9508196721311476,0.0491803278688524,probe_country_service,paper_unit_v1|SE|A-Root|all_publicly_visible|probe_country_service,SE,A-Root,all_publicly_visible,5009.0,dns-root_a-root_msm5009_20260701T000000Z_010000Z.json,35.0,0.6571428571428571,0.7714285714285715,0.8857142857142857,1.1384047410194291,0.635355783279264,3.121784336336786,weak_network_transition_concentration,1.0,1.0,1.0,-0.0,0.0,1.0,-0.635355783279264,0.635355783279264,severe_corridor_observation_concentration,network_broad_physical_concentrated,0.0,True,True,True,True,True,auditable,,33.0,9.0,0.8857142857142857,0.1142857142857142,probe_country_service,0.37704918032786877,0.19265940550710003,0.22857142857142854,0.635355783279264,True,1.0
catchment50_diameter50_rtt5,SG,A-Root,all_publicly_visible,5009.0,dns-root_a-root_msm5009_20260701T000000Z_010000Z.json,238.0,0.1050420168067226,0.1848739495798319,0.2521008403361344,3.327819005326055,0.8847758436039524,27.877474728184445,broad_network_transition_distribution,0.3179271708683473,0.6358543417366946,0.953781512605042,1.3093995360761626,0.6296880724131297,3.7039489566101262,-0.2550877711908227,0.2550877711908227,weak_corridor_observation_concentration,network_and_physical_both_broad,0.0252100840336134,True,True,True,True,True,auditable,,72.0,38.0,0.953781512605042,0.0462184873949579,probe_country_service,paper_unit_v1|SG|A-Root|all_publicly_visible|probe_country_service,SG,A-Root,all_publicly_visible,5009.0,dns-root_a-root_msm5009_20260701T000000Z_010000Z.json,238.0,0.1050420168067226,0.1848739495798319,0.2521008403361344,3.327819005326055,0.8847758436039524,27.877474728184445,broad_network_transition_distribution,0.953781512605042,0.9915966386554622,1.0,0.2091405496150701,0.1903679321379331,1.2326182303739426,-0.6944079114660193,0.6944079114660193,severe_corridor_observation_concentration,network_broad_physical_concentrated,0.0252100840336134,True,True,True,True,True,auditable,,72.0,38.0,0.953781512605042,0.0462184873949579,probe_country_service,0.45098039215686275,0.2550877711908227,0.8067226890756303,0.6944079114660193,True,0.0
catchment50_diameter50_rtt5,US,A-Root,all_publicly_visible,5009.0,dns-root_a-root_msm5009_20260701T000000Z_010000Z.json,259.0,0.277992277992278,0.5521235521235521,0.6138996138996139,2.5074554803607345,0.6626135904728542,12.273659725174705,broad_network_transition_distribution,0.7142857142857143,0.8610038610038611,0.8815958815958816,1.1577711310800711,0.3745568521138203,3.182831250662457,-0.2880567383590338,0.2880567383590338,moderate_corridor_observation_concentration,network_broad_physical_concentrated,0.277992277992278,True,True,True,True,True,auditable,,134.0,58.0,0.9845559845559848,0.0154440154440154,probe_country_service,paper_unit_v1|US|A-Root|all_publicly_visible|probe_country_service,US,A-Root,all_publicly_visible,5009.0,dns-root_a-root_msm5009_20260701T000000Z_010000Z.json,77.0,0.2987012987012987,0.4935064935064935,0.5714285714285714,2.4463442765864145,0.7802101066423057,11.54606026967313,broad_network_transition_distribution,0.4935064935064935,0.6103896103896104,0.7186147186147186,1.8204566164000509,0.672238873437096,6.174677265180232,-0.1079712332052097,0.1079712332052097,broad_corridor_observation_distribution,network_and_physical_both_broad,0.2987012987012987,True,True,True,True,True,auditable,,40.0,22.0,0.948051948051948,0.0519480519480519,probe_country_service,0.30888030888030893,0.2880567383590339,0.11688311688311687,0.10797123320520974,True,0.0
