unit_id,num_links,num_links_with_feasible_candidates,avg_feasible_candidates_per_link,median_feasible_candidates_per_link,max_feasible_candidates_per_link,avg_feasible_corridors_per_link,median_feasible_corridors_per_link,max_feasible_corridors_per_link,share_links_with_parallel_ambiguity,share_links_with_many_candidates,share_links_with_large_landing_radius,share_links_with_rtt_inconclusive,share_links_with_multi_segment_possible,share_links_with_domestic_submarine_candidate,share_links_with_only_low_support_feasible_candidates
probe_country=AE|service_id=Reddit,22,22,7.045454545454546,2.5,14,1.0,1.0,1,0.5454545454545454,0.45454545454545453,0.0,0.7272727272727273,0.09090909090909091,0.7727272727272727,0.6363636363636364
probe_country=AF|service_id=Reddit,8,8,3.25,1.0,7,1.0,1.0,1,0.375,0.375,0.0,0.875,0.0,0.625,1.0
probe_country=AT|service_id=Reddit,4,4,2.0,2.0,2,1.0,1.0,1,0.0,0.0,0.0,1.0,0.0,1.0,1.0
probe_country=AU|service_id=Reddit,545,545,2.9522935779816515,3.0,3,1.0,1.0,1,0.012844036697247707,0.9761467889908257,0.0,0.9155963302752294,0.0,1.0,0.6568807339449542
probe_country=AX|service_id=Reddit,12,12,1.0,1.0,1,1.0,1.0,1,0.0,0.0,0.0,0.75,0.0,0.6666666666666666,0.6666666666666666
probe_country=AZ|service_id=Reddit,9,9,3.0,3.0,3,1.0,1.0,1,1.0,0.0,0.0,1.0,0.0,0.0,0.0
probe_country=BB|service_id=Reddit,4,4,1.0,1.0,1,1.0,1.0,1,0.0,0.0,0.0,0.75,0.0,0.0,1.0
probe_country=BF|service_id=Reddit,3,3,2.3333333333333335,1.0,5,1.0,1.0,1,0.3333333333333333,0.0,0.0,0.6666666666666666,0.3333333333333333,0.6666666666666666,0.6666666666666666
probe_country=BH|service_id=Reddit,12,12,3.5,3.5,4,1.0,1.0,1,1.0,0.5,0.0,0.5,0.0,0.5,0.75
probe_country=BJ|service_id=Reddit,32,32,1.625,2.0,2,1.0,1.0,1,0.0,0.0,0.0,0.25,0.625,0.375,1.0
probe_country=BR|service_id=Reddit,2,2,1.0,1.0,1,1.0,1.0,1,0.0,0.0,0.0,1.0,0.0,1.0,1.0
probe_country=BT|service_id=Reddit,4,4,14.0,14.0,14,1.0,1.0,1,1.0,1.0,0.0,1.0,0.0,1.0,1.0
probe_country=CA|service_id=Reddit,364,364,1.9697802197802199,2.0,3,1.0,1.0,1,0.0,0.8791208791208791,0.0,0.8516483516483516,0.0,0.9230769230769231,0.8379120879120879
probe_country=CD|service_id=Reddit,2,2,1.0,1.0,1,1.0,1.0,1,0.0,0.0,0.0,1.0,0.0,0.0,0.0
probe_country=CH|service_id=Reddit,129,129,1.558139534883721,2.0,2,1.0,1.0,1,0.0,0.0,0.0,1.0,0.0,1.0,1.0
probe_country=CI|service_id=Reddit,3,3,4.333333333333333,6.0,6,1.0,1.0,1,0.6666666666666666,0.6666666666666666,0.0,0.3333333333333333,0.0,0.3333333333333333,0.6666666666666666
probe_country=CK|service_id=Reddit,8,8,3.0,3.0,3,1.0,1.0,1,0.0,1.0,0.0,1.0,0.0,1.0,1.0
probe_country=CM|service_id=Reddit,3,3,1.0,1.0,1,1.0,1.0,1,0.0,0.0,0.0,1.0,0.0,0.0,0.0
probe_country=CN|service_id=Reddit,112,112,4.776785714285714,2.0,14,1.0,1.0,1,0.25892857142857145,0.3392857142857143,0.0,0.7410714285714286,0.0,0.8660714285714286,0.7767857142857143
probe_country=CR|service_id=Reddit,3,3,3.0,3.0,3,1.0,1.0,1,1.0,0.0,0.0,0.0,0.0,0.0,1.0
probe_country=CW|service_id=Reddit,3,3,1.0,1.0,1,1.0,1.0,1,0.0,0.0,0.0,1.0,0.0,0.0,1.0
probe_country=CY|service_id=Reddit,29,29,1.0,1.0,1,1.0,1.0,1,0.0,0.0,0.0,0.13793103448275862,0.0,0.0,0.2413793103448276
probe_country=DE|service_id=Reddit,90,90,3.9444444444444446,2.0,14,1.0,1.0,1,0.28888888888888886,0.28888888888888886,0.0,0.6444444444444445,0.0,1.0,0.8222222222222222
probe_country=DJ|service_id=Reddit,9,9,4.0,4.0,4,1.0,1.0,1,1.0,0.0,0.0,0.0,1.0,0.0,0.0
probe_country=DK|service_id=Reddit,715,715,4.907692307692308,6.0,7,1.0223776223776224,1.0,2,0.8419580419580419,0.8055944055944056,0.0,0.9244755244755245,0.0,0.9482517482517483,0.34685314685314683
probe_country=DO|service_id=Reddit,15,15,1.8,2.0,2,1.0,1.0,1,0.0,0.0,0.0,0.3333333333333333,0.0,0.0,1.0
probe_country=EE|service_id=Reddit,117,117,2.9572649572649574,2.0,6,1.0,1.0,1,0.2564102564102564,0.24786324786324787,0.0,0.37606837606837606,0.0,0.0,0.6752136752136753
probe_country=ES|service_id=Reddit,21,21,1.7619047619047619,2.0,3,1.2857142857142858,1.0,2,0.23809523809523808,0.0,0.0,0.42857142857142855,0.0,0.7619047619047619,1.0
probe_country=ET|service_id=Reddit,2,2,4.0,4.0,4,1.0,1.0,1,1.0,0.0,0.0,0.0,1.0,0.0,0.0
probe_country=FI|service_id=Reddit,93,93,2.139784946236559,3.0,3,1.0,1.0,1,0.5698924731182796,0.0,0.0,0.41935483870967744,0.0,0.43010752688172044,0.978494623655914
probe_country=FJ|service_id=Reddit,6,6,3.0,3.0,3,1.0,1.0,1,0.0,1.0,0.0,1.0,0.0,1.0,1.0
probe_country=FM|service_id=Reddit,18,18,2.0,2.0,2,1.0,1.0,1,0.0,0.0,0.0,0.6666666666666666,0.0,1.0,1.0
probe_country=GB|service_id=Reddit,4,4,2.0,2.0,2,1.0,1.0,1,0.0,0.0,0.0,0.0,0.0,1.0,1.0
probe_country=GG|service_id=Reddit,3,3,3.0,3.0,3,1.0,1.0,1,0.0,1.0,0.0,1.0,0.0,1.0,0.0
probe_country=GH|service_id=Reddit,4,4,6.0,6.0,6,1.0,1.0,1,1.0,1.0,0.0,0.0,0.0,0.0,1.0
probe_country=GP|service_id=Reddit,4,4,3.0,3.0,3,1.0,1.0,1,0.0,1.0,0.0,0.0,0.0,1.0,1.0
probe_country=GQ|service_id=Reddit,8,8,1.0,1.0,1,1.0,1.0,1,0.0,0.0,0.0,0.5,0.0,1.0,1.0
probe_country=GU|service_id=Reddit,56,56,2.017857142857143,2.0,3,1.0,1.0,1,0.0,0.0,0.0,0.8214285714285714,0.07142857142857142,0.9821428571428571,1.0
probe_country=HK|service_id=Reddit,354,354,3.231638418079096,2.0,14,1.0,1.0,1,0.10734463276836158,0.12994350282485875,0.0,0.9548022598870056,0.0,0.9717514124293786,0.7259887005649718
probe_country=HN|service_id=Reddit,22,22,3.0,3.0,3,1.0,1.0,1,1.0,0.0,0.0,0.0,0.0,0.0,1.0
probe_country=ID|service_id=Reddit,667,667,6.718140929535233,2.0,14,1.0,1.0,1,0.4407796101949025,0.43928035982008995,0.0,0.7466266866566716,0.0,0.863568215892054,0.6431784107946027
probe_country=IL|service_id=Reddit,119,119,1.3697478991596639,1.0,2,1.0,1.0,1,0.0,0.8151260504201681,0.0,0.8571428571428571,0.0,1.0,0.5966386554621849
probe_country=IM|service_id=Reddit,23,23,1.0,1.0,1,1.0,1.0,1,0.0,0.0,0.0,0.6521739130434783,0.0,1.0,1.0
probe_country=IN|service_id=Reddit,8,8,4.0,4.0,4,1.0,1.0,1,1.0,0.0,0.0,0.625,0.0,1.0,0.0
probe_country=IT|service_id=Reddit,8,8,3.0,3.0,4,1.0,1.0,1,0.5,0.0,0.0,0.5,0.0,0.5,1.0
probe_country=JP|service_id=Reddit,10,10,1.0,1.0,1,1.0,1.0,1,0.0,1.0,0.0,1.0,0.0,1.0,1.0
probe_country=KE|service_id=Reddit,18,18,1.0,1.0,1,1.0,1.0,1,0.0,0.0,0.0,0.8333333333333334,0.0,1.0,0.3333333333333333
probe_country=KH|service_id=Reddit,12,12,14.0,14.0,14,1.0,1.0,1,1.0,1.0,0.0,1.0,0.0,1.0,0.5
probe_country=KN|service_id=Reddit,4,4,1.0,1.0,1,1.0,1.0,1,0.0,0.0,0.0,1.0,0.0,1.0,1.0
probe_country=KY|service_id=Reddit,4,4,1.0,1.0,1,1.0,1.0,1,0.0,0.0,0.0,0.0,0.0,0.0,1.0
probe_country=LC|service_id=Reddit,2,2,2.0,2.0,2,1.0,1.0,1,0.0,0.0,0.0,0.0,0.0,0.0,1.0
probe_country=LK|service_id=Reddit,64,64,6.890625,1.0,14,1.0,1.0,1,0.453125,0.453125,0.0,0.640625,0.0,0.453125,0.390625
probe_country=LT|service_id=Reddit,4,4,14.0,14.0,14,1.0,1.0,1,1.0,1.0,0.0,1.0,0.0,1.0,0.25
probe_country=LV|service_id=Reddit,23,23,5.043478260869565,6.0,6,1.0,1.0,1,0.8260869565217391,0.8260869565217391,0.0,1.0,0.0,0.043478260869565216,0.08695652173913043
probe_country=ML|service_id=Reddit,8,8,2.125,1.0,4,1.0,1.0,1,0.375,0.0,0.0,0.625,0.0,0.375,0.5
probe_country=MM|service_id=Reddit,26,26,10.0,14.0,14,1.0,1.0,1,0.6923076923076923,0.6923076923076923,0.0,1.0,0.0,0.6923076923076923,0.4230769230769231
probe_country=MP|service_id=Reddit,3,3,5.0,5.0,5,1.0,1.0,1,1.0,1.0,0.0,1.0,0.0,0.0,0.0
probe_country=MT|service_id=Reddit,64,64,1.0625,1.0,2,1.0,1.0,1,0.0625,0.0,0.0,0.890625,0.0,0.9375,1.0
probe_country=MU|service_id=Reddit,9,9,9.88888888888889,14.0,14,1.0,1.0,1,0.8888888888888888,0.6666666666666666,0.0,1.0,0.0,0.7777777777777778,0.6666666666666666
probe_country=MV|service_id=Reddit,116,116,1.9827586206896552,2.0,3,1.0,1.0,1,0.9482758620689655,0.6637931034482759,0.0,0.7241379310344828,0.0,0.6637931034482759,0.43103448275862066
probe_country=MX|service_id=Reddit,7,7,9.285714285714286,14.0,14,1.0,1.0,1,1.0,0.5714285714285714,0.0,1.0,0.0,0.5714285714285714,1.0
probe_country=MY|service_id=Reddit,71,71,14.0,14.0,14,1.0,1.0,1,1.0,1.0,0.0,1.0,0.0,0.9436619718309859,0.4788732394366197
probe_country=NC|service_id=Reddit,54,54,1.6296296296296295,1.0,3,1.0,1.0,1,0.0,0.3148148148148148,0.0,0.9074074074074074,0.0,0.6851851851851852,0.6111111111111112
probe_country=NG|service_id=Reddit,19,19,5.421052631578948,6.0,6,1.0,1.0,1,0.9473684210526315,0.7894736842105263,0.0,0.47368421052631576,0.3684210526315789,0.05263157894736842,0.15789473684210525
probe_country=NI|service_id=Reddit,3,3,3.0,3.0,3,1.0,1.0,1,1.0,0.0,0.0,1.0,0.0,0.0,1.0
probe_country=NO|service_id=Reddit,513,513,1.050682261208577,1.0,6,1.0974658869395713,1.0,2,0.01364522417153996,0.007797270955165692,0.0,0.8830409356725146,0.0,0.9844054580896686,0.9064327485380117
probe_country=NZ|service_id=Reddit,650,650,1.1907692307692308,1.0,3,1.0,1.0,1,0.003076923076923077,0.18461538461538463,0.0,0.8123076923076923,0.0,0.9969230769230769,0.9384615384615385
probe_country=None|service_id=Reddit,1649,1649,4.020618556701031,2.0,14,1.004851425106125,1.0,3,0.2662219526986052,0.5039417828987265,0.0,0.8483929654335961,0.001212856276531231,0.8823529411764706,0.7119466343238327
probe_country=PA|service_id=Reddit,14,14,1.4285714285714286,1.0,3,1.0,1.0,1,0.21428571428571427,0.0,0.0,0.5,0.0,0.5,1.0
probe_country=PE|service_id=Reddit,6,6,2.0,2.0,2,1.0,1.0,1,1.0,0.0,0.0,1.0,0.0,0.0,0.0
probe_country=PG|service_id=Reddit,8,8,2.0,2.0,3,1.0,1.0,1,0.5,0.5,0.0,0.5,0.0,0.5,0.0
probe_country=PH|service_id=Reddit,49,49,7.326530612244898,3.0,14,1.0,1.0,1,0.5510204081632653,0.4897959183673469,0.0,0.8571428571428571,0.0,0.8775510204081632,0.40816326530612246
probe_country=PK|service_id=Reddit,19,19,12.894736842105264,14.0,14,1.0,1.0,1,1.0,1.0,0.0,1.0,0.0,0.8421052631578947,0.3684210526315789
probe_country=PL|service_id=Reddit,40,40,6.5,6.5,7,1.0,1.0,1,1.0,1.0,0.0,0.85,0.0,1.0,0.65
probe_country=PR|service_id=Reddit,8,8,2.0,2.0,3,1.0,1.0,1,0.5,0.0,0.0,0.5,0.0,0.5,1.0
probe_country=PT|service_id=Reddit,251,251,1.0,1.0,1,1.0,1.0,1,0.0,0.0,0.0,0.7410358565737052,0.0,1.0,0.8167330677290837
probe_country=QA|service_id=Reddit,4,4,2.0,2.0,2,1.0,1.0,1,1.0,0.0,0.0,0.0,1.0,0.0,0.5
probe_country=RE|service_id=Reddit,32,32,14.0,14.0,14,1.0,1.0,1,1.0,1.0,0.0,1.0,0.0,1.0,0.0
probe_country=RU|service_id=Reddit,67,67,3.0,3.0,3,1.0,1.0,1,1.0,0.0,0.0,0.9402985074626866,0.0,0.0,0.05970149253731343
probe_country=RW|service_id=Reddit,1,1,1.0,1.0,1,1.0,1.0,1,0.0,0.0,0.0,1.0,0.0,0.0,0.0
probe_country=SE|service_id=Reddit,417,417,3.278177458033573,4.0,4,1.0,1.0,1,0.762589928057554,0.7529976019184652,0.0,0.8489208633093526,0.0,0.829736211031175,0.4172661870503597
probe_country=SG|service_id=Reddit,996,996,13.971887550200803,14.0,14,1.0,1.0,1,1.0,1.0,0.0,1.0,0.0,0.9959839357429718,0.31626506024096385
probe_country=SV|service_id=Reddit,5,5,3.0,3.0,3,1.0,1.0,1,1.0,0.0,0.0,0.8,0.0,0.0,1.0
probe_country=TG|service_id=Reddit,3,3,1.0,1.0,1,1.0,1.0,1,0.0,0.0,0.0,0.3333333333333333,0.0,0.0,1.0
probe_country=TH|service_id=Reddit,4,4,14.0,14.0,14,1.0,1.0,1,1.0,1.0,0.0,1.0,0.0,1.0,0.75
probe_country=TL|service_id=Reddit,7,7,6.571428571428571,1.0,14,1.0,1.0,1,0.42857142857142855,0.42857142857142855,0.0,1.0,0.0,1.0,1.0
probe_country=TO|service_id=Reddit,20,20,2.6,3.0,3,1.0,1.0,1,0.2,0.6,0.0,0.45,0.0,0.6,0.85
probe_country=TV|service_id=Reddit,3,3,2.0,2.0,2,1.0,1.0,1,1.0,0.0,0.0,0.0,0.0,0.0,1.0
probe_country=TW|service_id=Reddit,720,720,1.351388888888889,1.0,5,1.0,1.0,1,0.05,0.06944444444444445,0.0,0.8666666666666667,0.006944444444444444,0.95,0.8305555555555556
probe_country=TZ|service_id=Reddit,2,2,4.0,4.0,4,1.0,1.0,1,1.0,0.0,0.0,0.0,0.5,0.0,0.5
probe_country=UG|service_id=Reddit,5,5,1.8,1.0,3,1.0,1.0,1,0.4,0.0,0.0,0.6,0.4,0.0,0.4
probe_country=US|service_id=Reddit,1117,1117,2.555058191584602,3.0,14,1.0,1.0,1,0.010743061772605193,0.7099373321396598,0.0,0.8773500447627574,0.0026857654431512983,0.9758281110116384,0.9167412712623098
probe_country=VA|service_id=Reddit,2,2,3.0,3.0,4,1.0,1.0,1,0.5,0.0,0.0,0.5,0.0,0.5,1.0
probe_country=VE|service_id=Reddit,18,18,1.0,1.0,1,1.0,1.0,1,0.0,0.0,0.0,0.3333333333333333,0.0,1.0,1.0
probe_country=VI|service_id=Reddit,8,8,1.5,1.5,2,1.0,1.0,1,0.0,0.0,0.0,0.5,0.0,0.5,1.0
probe_country=VN|service_id=Reddit,42,42,7.833333333333333,10.0,14,1.0,1.0,1,0.5238095238095238,0.5238095238095238,0.0,0.7857142857142857,0.0,0.8333333333333334,0.47619047619047616
probe_country=VU|service_id=Reddit,3,3,3.0,3.0,3,1.0,1.0,1,0.3333333333333333,0.6666666666666666,0.0,0.3333333333333333,0.0,0.6666666666666666,0.6666666666666666
probe_country=ZA|service_id=Reddit,21,21,1.4285714285714286,1.0,4,1.0,1.0,1,0.09523809523809523,0.0,0.0,0.8095238095238095,0.19047619047619047,0.09523809523809523,0.8571428571428571
