probe_country,service_id,path_scope_stratum,msm_id,file_name,corridor_id,corridor_label,observation_mass,raw_segment_count_with_corridor_feasible,unique_atomic_segments,unique_traceroutes,unique_probes,unique_probe_asns,group_unique_probes,group_unique_probe_asns,share_of_unit_observation_mass,rank_within_unit,is_top1_corridor,is_top2_corridor,is_top3_corridor,domestic_segment_mass,international_segment_mass
AE,G-Root,all_publicly_visible,5014,dns-root_g-root_msm5014_20260701T000000Z_010000Z.json,landing_region_1392e3aea9b8::landing_region_8dc97f28b4d0,"Fujairah, United Arab Emirates -> Sharjah, United Arab Emirates",4.0,4,4,4,2,2,4,4,0.2857142857142857,1,True,False,False,4.0,0.0
AE,G-Root,all_publicly_visible,5014,dns-root_g-root_msm5014_20260701T000000Z_010000Z.json,landing_region_149ad599e1a3::landing_region_d0ecf913edd7,"Tanjung Bemban, Indonesia -> Katong, Singapore",4.0,4,4,2,1,1,4,4,0.2857142857142857,2,False,True,False,4.0,0.0
AE,G-Root,all_publicly_visible,5014,dns-root_g-root_msm5014_20260701T000000Z_010000Z.json,landing_region_1392e3aea9b8::landing_region_d0ecf913edd7,"Fujairah, United Arab Emirates -> Katong, Singapore",2.0,2,2,2,1,1,4,4,0.14285714285714285,3,False,False,True,0.0,2.0
AE,G-Root,all_publicly_visible,5014,dns-root_g-root_msm5014_20260701T000000Z_010000Z.json,landing_region_319252418c1f::landing_region_d0ecf913edd7,"Deep Water Bay, China -> Katong, Singapore",2.0,2,2,2,1,1,4,4,0.14285714285714285,4,False,False,False,0.0,2.0
AE,G-Root,all_publicly_visible,5014,dns-root_g-root_msm5014_20260701T000000Z_010000Z.json,landing_region_6fa1e5de30e2::landing_region_8dc97f28b4d0,"Al Seeb, Oman -> Sharjah, United Arab Emirates",2.0,2,2,2,1,1,4,4,0.14285714285714285,5,False,False,False,0.0,2.0
AF,G-Root,all_publicly_visible,5014,dns-root_g-root_msm5014_20260701T000000Z_010000Z.json,landing_region_1b3a8d836a7d::landing_region_ea98b74befe5,"Karachi, Pakistan -> Isola delle Femmine, Italy",4.0,4,4,4,2,1,2,1,1.0,1,True,False,False,0.0,4.0
AO,G-Root,all_publicly_visible,5014,dns-root_g-root_msm5014_20260701T000000Z_010000Z.json,landing_region_0c894d5ef6d3::landing_region_a33078e57a08,"Dania Beach, FL, United States -> Fortaleza, Brazil",16.0,16,16,16,10,4,10,4,1.0,1,True,False,False,0.0,16.0
AU,G-Root,all_publicly_visible,5014,dns-root_g-root_msm5014_20260701T000000Z_010000Z.json,landing_region_149acfcae34c::landing_region_58084817cbe7,"Melbourne, VIC, Australia -> Paddington, NSW, Australia",85.0,85,85,78,50,25,76,34,0.5782312925170068,1,True,False,False,85.0,0.0
AU,G-Root,all_publicly_visible,5014,dns-root_g-root_msm5014_20260701T000000Z_010000Z.json,landing_region_3996aeca3c5e::landing_region_58084817cbe7,"Perth, WA, Australia -> Paddington, NSW, Australia",19.0,19,19,19,14,9,76,34,0.1292517006802721,2,False,True,False,19.0,0.0
AU,G-Root,all_publicly_visible,5014,dns-root_g-root_msm5014_20260701T000000Z_010000Z.json,landing_region_3996aeca3c5e::landing_region_b204db5c9fda,"Perth, WA, Australia -> Adelaide, SA, Australia",19.0,19,19,19,12,8,76,34,0.1292517006802721,3,False,False,True,19.0,0.0
AU,G-Root,all_publicly_visible,5014,dns-root_g-root_msm5014_20260701T000000Z_010000Z.json,landing_region_58084817cbe7::landing_region_b204db5c9fda,"Paddington, NSW, Australia -> Adelaide, SA, Australia",12.0,12,12,10,7,5,76,34,0.08163265306122448,4,False,False,False,12.0,0.0
AU,G-Root,all_publicly_visible,5014,dns-root_g-root_msm5014_20260701T000000Z_010000Z.json,landing_region_3996aeca3c5e::landing_region_d0ecf913edd7,"Perth, WA, Australia -> Katong, Singapore",8.0,8,8,8,6,4,76,34,0.05442176870748299,5,False,False,False,0.0,8.0
AU,G-Root,all_publicly_visible,5014,dns-root_g-root_msm5014_20260701T000000Z_010000Z.json,landing_region_58084817cbe7::landing_region_df61fea74887,"Paddington, NSW, Australia -> El Segundo, CA, United States",3.0,3,3,3,3,1,76,34,0.02040816326530612,6,False,False,False,0.0,3.0
AU,G-Root,all_publicly_visible,5014,dns-root_g-root_msm5014_20260701T000000Z_010000Z.json,landing_region_149ad599e1a3::landing_region_d0ecf913edd7,"Tanjung Bemban, Indonesia -> Katong, Singapore",1.0,1,1,1,1,1,76,34,0.006802721088435374,7,False,False,False,1.0,0.0
AX,G-Root,all_publicly_visible,5014,dns-root_g-root_msm5014_20260701T000000Z_010000Z.json,landing_region_3eb4f4d89687::landing_region_71db3ba08a92,"Hamnäs, Finland -> Stockholm, Sweden",2.0,2,2,2,1,1,1,1,1.0,1,True,False,False,0.0,2.0
AZ,G-Root,all_publicly_visible,5014,dns-root_g-root_msm5014_20260701T000000Z_010000Z.json,landing_region_65aa8d7cf62e::landing_region_71db3ba08a92,"Espoo, Finland -> Stockholm, Sweden",8.0,8,8,8,4,4,4,4,1.0,1,True,False,False,0.0,8.0
BB,G-Root,all_publicly_visible,5014,dns-root_g-root_msm5014_20260701T000000Z_010000Z.json,landing_region_0c894d5ef6d3::landing_region_83c1ffe3b901,"Dania Beach, FL, United States -> Mahuma, Curaçao",1.0,1,1,1,1,1,1,1,1.0,1,True,False,False,0.0,1.0
BD,G-Root,all_publicly_visible,5014,dns-root_g-root_msm5014_20260701T000000Z_010000Z.json,landing_region_149ad599e1a3::landing_region_d0ecf913edd7,"Tanjung Bemban, Indonesia -> Katong, Singapore",18.0,18,18,18,10,7,11,7,0.9473684210526315,1,True,False,False,18.0,0.0
BD,G-Root,all_publicly_visible,5014,dns-root_g-root_msm5014_20260701T000000Z_010000Z.json,landing_region_32509493c7f4::landing_region_d0ecf913edd7,"Chennai, India -> Katong, Singapore",1.0,1,1,1,1,1,11,7,0.05263157894736842,2,False,True,False,0.0,1.0
BH,G-Root,all_publicly_visible,5014,dns-root_g-root_msm5014_20260701T000000Z_010000Z.json,landing_region_08ea81d123b5::landing_region_445416594174,"Marseille, France -> Amwaj Island, Bahrain",7.0,7,7,7,4,2,4,2,1.0,1,True,False,False,0.0,7.0
BJ,G-Root,all_publicly_visible,5014,dns-root_g-root_msm5014_20260701T000000Z_010000Z.json,landing_region_8afa8229a8fd::landing_region_c88b92706e9c,"Cotonou, Benin -> Seixal, Portugal",2.0,2,2,2,1,1,2,2,0.6666666666666666,1,True,False,False,0.0,2.0
BJ,G-Root,all_publicly_visible,5014,dns-root_g-root_msm5014_20260701T000000Z_010000Z.json,landing_region_30beda532e6f::landing_region_c88b92706e9c,"Lagos, Nigeria -> Seixal, Portugal",1.0,1,1,1,1,1,2,2,0.3333333333333333,2,False,True,False,0.0,1.0
BR,G-Root,all_publicly_visible,5014,dns-root_g-root_msm5014_20260701T000000Z_010000Z.json,landing_region_0c894d5ef6d3::landing_region_a33078e57a08,"Dania Beach, FL, United States -> Fortaleza, Brazil",2.0,2,2,2,1,1,3,3,0.5,1,True,False,False,0.0,2.0
BR,G-Root,all_publicly_visible,5014,dns-root_g-root_msm5014_20260701T000000Z_010000Z.json,landing_region_0c894d5ef6d3::landing_region_e7752fc032df,"Dania Beach, FL, United States -> Salvador, Brazil",1.0,1,1,1,1,1,3,3,0.25,2,False,True,False,0.0,1.0
BR,G-Root,all_publicly_visible,5014,dns-root_g-root_msm5014_20260701T000000Z_010000Z.json,landing_region_38c81e7bfa6f::landing_region_7f124bf07cd8,"Porto Alegre, Brazil -> Rio de Janeiro, Brazil",1.0,1,1,1,1,1,3,3,0.25,3,False,False,True,1.0,0.0
BT,G-Root,all_publicly_visible,5014,dns-root_g-root_msm5014_20260701T000000Z_010000Z.json,landing_region_149ad599e1a3::landing_region_d0ecf913edd7,"Tanjung Bemban, Indonesia -> Katong, Singapore",8.0,8,8,2,1,1,1,1,1.0,1,True,False,False,8.0,0.0
CA,G-Root,all_publicly_visible,5014,dns-root_g-root_msm5014_20260701T000000Z_010000Z.json,landing_region_19da5dac2df8::landing_region_94c53aa4a6d7,"Eastbourne, BC, Canada -> Vancouver, BC, Canada",135.0,139,139,71,42,12,104,32,0.4192546583850932,1,True,False,False,135.0,0.0
CA,G-Root,all_publicly_visible,5014,dns-root_g-root_msm5014_20260701T000000Z_010000Z.json,landing_region_ad2e1f237edf::landing_region_df3d1db01d0e,"Buffalo, NY, United States -> Toronto, ON, Canada",105.0,105,105,80,47,17,104,32,0.32608695652173914,2,False,True,False,0.0,105.0
CA,G-Root,all_publicly_visible,5014,dns-root_g-root_msm5014_20260701T000000Z_010000Z.json,landing_region_5f578929a68a::landing_region_94c53aa4a6d7,"Harbour Pointe, WA, United States -> Vancouver, BC, Canada",74.0,74,74,74,46,12,104,32,0.22981366459627328,3,False,False,True,0.0,74.0
CA,G-Root,all_publicly_visible,5014,dns-root_g-root_msm5014_20260701T000000Z_010000Z.json,landing_region_36777aea9ef0::landing_region_5e0dbaabe44b,"Halifax, NS, Canada -> Lynn, MA, United States",2.0,2,2,2,1,1,104,32,0.006211180124223602,4,False,False,False,0.0,2.0
CA,G-Root,all_publicly_visible,5014,dns-root_g-root_msm5014_20260701T000000Z_010000Z.json,landing_region_5f578929a68a::landing_region_f41a83b9b5b3,"Harbour Pointe, WA, United States -> Cordova Bay, BC, Canada",2.0,2,2,2,1,1,104,32,0.006211180124223602,5,False,False,False,2.0,0.0
CA,G-Root,all_publicly_visible,5014,dns-root_g-root_msm5014_20260701T000000Z_010000Z.json,landing_region_19da5dac2df8::landing_region_4da2bf713882,"Eastbourne, BC, Canada -> Bowser, BC, Canada",1.0,5,5,5,3,1,104,32,0.003105590062111801,6,False,False,False,1.0,0.0
CA,G-Root,all_publicly_visible,5014,dns-root_g-root_msm5014_20260701T000000Z_010000Z.json,landing_region_19da5dac2df8::landing_region_70abce74b352,"Eastbourne, BC, Canada -> Snaw-naw-as, BC, Canada",1.0,5,5,5,3,1,104,32,0.003105590062111801,7,False,False,False,1.0,0.0
CA,G-Root,all_publicly_visible,5014,dns-root_g-root_msm5014_20260701T000000Z_010000Z.json,landing_region_4da2bf713882::landing_region_94c53aa4a6d7,"Bowser, BC, Canada -> Vancouver, BC, Canada",1.0,5,5,5,3,1,104,32,0.003105590062111801,8,False,False,False,1.0,0.0
CA,G-Root,all_publicly_visible,5014,dns-root_g-root_msm5014_20260701T000000Z_010000Z.json,landing_region_70abce74b352::landing_region_94c53aa4a6d7,"Snaw-naw-as, BC, Canada -> Vancouver, BC, Canada",1.0,5,5,5,3,1,104,32,0.003105590062111801,9,False,False,False,1.0,0.0
CG,G-Root,all_publicly_visible,5014,dns-root_g-root_msm5014_20260701T000000Z_010000Z.json,landing_region_0c894d5ef6d3::landing_region_a33078e57a08,"Dania Beach, FL, United States -> Fortaleza, Brazil",1.0,1,1,1,1,1,1,1,1.0,1,True,False,False,0.0,1.0
CI,G-Root,all_publicly_visible,5014,dns-root_g-root_msm5014_20260701T000000Z_010000Z.json,landing_region_2e263771884f::landing_region_30beda532e6f,"Accra, Ghana -> Lagos, Nigeria",2.0,2,2,2,1,1,1,1,1.0,1,True,False,False,0.0,2.0
CM,G-Root,all_publicly_visible,5014,dns-root_g-root_msm5014_20260701T000000Z_010000Z.json,landing_region_30beda532e6f::landing_region_99a747248ab4,"Lagos, Nigeria -> Douala, Cameroon",2.0,2,2,2,1,1,2,2,0.6666666666666666,1,True,False,False,0.0,2.0
CM,G-Root,all_publicly_visible,5014,dns-root_g-root_msm5014_20260701T000000Z_010000Z.json,landing_region_30beda532e6f::landing_region_c88b92706e9c,"Lagos, Nigeria -> Seixal, Portugal",1.0,1,1,1,1,1,2,2,0.3333333333333333,2,False,True,False,0.0,1.0
CN,G-Root,all_publicly_visible,5014,dns-root_g-root_msm5014_20260701T000000Z_010000Z.json,landing_region_271ad44782a4::landing_region_319252418c1f,"Chongming, China -> Deep Water Bay, China",7.0,7,7,7,4,3,6,5,0.5384615384615384,1,True,False,False,0.0,7.0
CN,G-Root,all_publicly_visible,5014,dns-root_g-root_msm5014_20260701T000000Z_010000Z.json,landing_region_149ad599e1a3::landing_region_d0ecf913edd7,"Tanjung Bemban, Indonesia -> Katong, Singapore",5.0,5,5,2,1,1,6,5,0.38461538461538464,2,False,True,False,5.0,0.0
CN,G-Root,all_publicly_visible,5014,dns-root_g-root_msm5014_20260701T000000Z_010000Z.json,landing_region_271ad44782a4::landing_region_b7d24fbff960,"Chongming, China -> Qingdao, China",1.0,1,1,1,1,1,6,5,0.07692307692307693,3,False,False,True,1.0,0.0
CO,G-Root,all_publicly_visible,5014,dns-root_g-root_msm5014_20260701T000000Z_010000Z.json,landing_region_0c894d5ef6d3::landing_region_af7df63397a0,"Dania Beach, FL, United States -> Jacksonville, FL, United States",7.0,7,7,6,5,2,7,3,0.4117647058823529,1,True,False,False,7.0,0.0
CO,G-Root,all_publicly_visible,5014,dns-root_g-root_msm5014_20260701T000000Z_010000Z.json,landing_region_0c894d5ef6d3::landing_region_61312bef9df1,"Dania Beach, FL, United States -> Cartagena, Colombia",3.0,3,3,3,2,1,7,3,0.17647058823529413,2,False,True,False,0.0,3.0
CO,G-Root,all_publicly_visible,5014,dns-root_g-root_msm5014_20260701T000000Z_010000Z.json,landing_region_0c894d5ef6d3::landing_region_af49038972b6,"Dania Beach, FL, United States -> Barranquilla, Colombia",2.0,2,2,2,1,1,7,3,0.11764705882352941,3,False,False,True,0.0,2.0
CO,G-Root,all_publicly_visible,5014,dns-root_g-root_msm5014_20260701T000000Z_010000Z.json,landing_region_61312bef9df1::landing_region_83c1ffe3b901,"Cartagena, Colombia -> Mahuma, Curaçao",2.0,2,2,2,2,1,7,3,0.11764705882352941,4,False,False,False,0.0,2.0
CO,G-Root,all_publicly_visible,5014,dns-root_g-root_msm5014_20260701T000000Z_010000Z.json,landing_region_83c1ffe3b901::landing_region_af7df63397a0,"Mahuma, Curaçao -> Jacksonville, FL, United States",2.0,2,2,2,2,1,7,3,0.11764705882352941,5,False,False,False,0.0,2.0
CO,G-Root,all_publicly_visible,5014,dns-root_g-root_msm5014_20260701T000000Z_010000Z.json,landing_region_0c894d5ef6d3::landing_region_83c1ffe3b901,"Dania Beach, FL, United States -> Mahuma, Curaçao",1.0,1,1,1,1,1,7,3,0.058823529411764705,6,False,False,False,0.0,1.0
CR,G-Root,all_publicly_visible,5014,dns-root_g-root_msm5014_20260701T000000Z_010000Z.json,landing_region_0c894d5ef6d3::landing_region_af7df63397a0,"Dania Beach, FL, United States -> Jacksonville, FL, United States",1.0,1,1,1,1,1,1,1,1.0,1,True,False,False,1.0,0.0
CU,G-Root,all_publicly_visible,5014,dns-root_g-root_msm5014_20260701T000000Z_010000Z.json,landing_region_0c894d5ef6d3::landing_region_bf457e1b83fe,"Dania Beach, FL, United States -> Haina, Dominican Republic",1.0,1,1,1,1,1,1,1,1.0,1,True,False,False,0.0,1.0
CV,G-Root,all_publicly_visible,5014,dns-root_g-root_msm5014_20260701T000000Z_010000Z.json,landing_region_0e3c71b8e5bb::landing_region_dffdb65405f5,"Vila do Maio, Cape Verde -> Tarrafal de Santiago, Cape Verde",3.0,3,3,1,1,1,1,1,0.75,1,True,False,False,3.0,0.0
CV,G-Root,all_publicly_visible,5014,dns-root_g-root_msm5014_20260701T000000Z_010000Z.json,landing_region_0e3c71b8e5bb::landing_region_c88b92706e9c,"Vila do Maio, Cape Verde -> Seixal, Portugal",1.0,1,1,1,1,1,1,1,0.25,2,False,True,False,0.0,1.0
CW,G-Root,all_publicly_visible,5014,dns-root_g-root_msm5014_20260701T000000Z_010000Z.json,landing_region_0c894d5ef6d3::landing_region_83c1ffe3b901,"Dania Beach, FL, United States -> Mahuma, Curaçao",1.0,1,1,1,1,1,1,1,1.0,1,True,False,False,0.0,1.0
CY,G-Root,all_publicly_visible,5014,dns-root_g-root_msm5014_20260701T000000Z_010000Z.json,landing_region_08ea81d123b5::landing_region_3e7b4a85e943,"Marseille, France -> Pentaskhinos, Cyprus",18.0,18,18,18,10,5,10,5,1.0,1,True,False,False,0.0,18.0
DO,G-Root,all_publicly_visible,5014,dns-root_g-root_msm5014_20260701T000000Z_010000Z.json,landing_region_0c894d5ef6d3::landing_region_508245093782,"Dania Beach, FL, United States -> Puerto Plata, Dominican Republic",4.0,4,4,4,2,2,4,4,0.5714285714285714,1,True,False,False,0.0,4.0
DO,G-Root,all_publicly_visible,5014,dns-root_g-root_msm5014_20260701T000000Z_010000Z.json,landing_region_0c894d5ef6d3::landing_region_bf457e1b83fe,"Dania Beach, FL, United States -> Haina, Dominican Republic",3.0,3,3,3,2,2,4,4,0.42857142857142855,2,False,True,False,0.0,3.0
EC,G-Root,all_publicly_visible,5014,dns-root_g-root_msm5014_20260701T000000Z_010000Z.json,landing_region_0c894d5ef6d3::landing_region_af7df63397a0,"Dania Beach, FL, United States -> Jacksonville, FL, United States",4.0,4,4,3,2,2,2,2,0.8,1,True,False,False,4.0,0.0
EC,G-Root,all_publicly_visible,5014,dns-root_g-root_msm5014_20260701T000000Z_010000Z.json,landing_region_0c894d5ef6d3::landing_region_83c1ffe3b901,"Dania Beach, FL, United States -> Mahuma, Curaçao",1.0,1,1,1,1,1,2,2,0.2,2,False,True,False,0.0,1.0
EE,G-Root,all_publicly_visible,5014,dns-root_g-root_msm5014_20260701T000000Z_010000Z.json,landing_region_5631d1801aee::landing_region_65aa8d7cf62e,"Tallinn, Estonia -> Espoo, Finland",38.0,38,38,38,20,10,27,14,0.6909090909090909,1,True,False,False,0.0,38.0
EE,G-Root,all_publicly_visible,5014,dns-root_g-root_msm5014_20260701T000000Z_010000Z.json,landing_region_5631d1801aee::landing_region_71db3ba08a92,"Tallinn, Estonia -> Stockholm, Sweden",13.0,13,13,13,7,4,27,14,0.23636363636363636,2,False,True,False,0.0,13.0
EE,G-Root,all_publicly_visible,5014,dns-root_g-root_msm5014_20260701T000000Z_010000Z.json,landing_region_65aa8d7cf62e::landing_region_71db3ba08a92,"Espoo, Finland -> Stockholm, Sweden",4.0,4,4,4,2,1,27,14,0.07272727272727272,3,False,False,True,0.0,4.0
ES,G-Root,all_publicly_visible,5014,dns-root_g-root_msm5014_20260701T000000Z_010000Z.json,landing_region_08ea81d123b5::landing_region_8eb611963dd1,"Marseille, France -> Barcelona, Spain",6.0,6,6,6,3,3,3,3,1.0,1,True,False,False,0.0,6.0
FI,G-Root,all_publicly_visible,5014,dns-root_g-root_msm5014_20260701T000000Z_010000Z.json,landing_region_65aa8d7cf62e::landing_region_71db3ba08a92,"Espoo, Finland -> Stockholm, Sweden",26.0,26,26,24,13,7,31,14,0.3611111111111111,1,True,False,False,0.0,26.0
FI,G-Root,all_publicly_visible,5014,dns-root_g-root_msm5014_20260701T000000Z_010000Z.json,landing_region_5ff6ee2e39f7::landing_region_65aa8d7cf62e,"Haradsholm, Finland -> Espoo, Finland",20.0,20,20,14,8,3,31,14,0.2777777777777778,2,False,True,False,20.0,0.0
FI,G-Root,all_publicly_visible,5014,dns-root_g-root_msm5014_20260701T000000Z_010000Z.json,landing_region_1ce0b85cd8b9::landing_region_e1a72a298b9d,"Uto, Sweden -> Dragor, Denmark",11.0,11,11,11,6,3,31,14,0.1527777777777778,3,False,False,True,0.0,11.0
FI,G-Root,all_publicly_visible,5014,dns-root_g-root_msm5014_20260701T000000Z_010000Z.json,landing_region_1497f5544d8d::landing_region_5ff6ee2e39f7,"Hanko, Finland -> Haradsholm, Finland",9.0,9,9,6,4,2,31,14,0.125,4,False,False,False,9.0,0.0
FI,G-Root,all_publicly_visible,5014,dns-root_g-root_msm5014_20260701T000000Z_010000Z.json,landing_region_5ff6ee2e39f7::landing_region_71db3ba08a92,"Haradsholm, Finland -> Stockholm, Sweden",4.0,4,4,4,2,1,31,14,0.05555555555555555,5,False,False,False,0.0,4.0
FI,G-Root,all_publicly_visible,5014,dns-root_g-root_msm5014_20260701T000000Z_010000Z.json,landing_region_5631d1801aee::landing_region_65aa8d7cf62e,"Tallinn, Estonia -> Espoo, Finland",1.0,1,1,1,1,1,31,14,0.013888888888888888,6,False,False,False,0.0,1.0
FI,G-Root,all_publicly_visible,5014,dns-root_g-root_msm5014_20260701T000000Z_010000Z.json,landing_region_65aa8d7cf62e::landing_region_6a085d7da78f,"Espoo, Finland -> Kotka, Finland",1.0,1,1,1,1,1,31,14,0.013888888888888888,7,False,False,False,1.0,0.0
GG,G-Root,all_publicly_visible,5014,dns-root_g-root_msm5014_20260701T000000Z_010000Z.json,landing_region_0389fb1be871::landing_region_6f4e74811068,"Havelet Bay, Guernsey -> Archirondel, Jersey",2.0,2,2,1,1,1,1,1,1.0,1,True,False,False,2.0,0.0
GH,G-Root,all_publicly_visible,5014,dns-root_g-root_msm5014_20260701T000000Z_010000Z.json,landing_region_2e263771884f::landing_region_30beda532e6f,"Accra, Ghana -> Lagos, Nigeria",2.0,2,2,2,1,1,1,1,1.0,1,True,False,False,0.0,2.0
GP,G-Root,all_publicly_visible,5014,dns-root_g-root_msm5014_20260701T000000Z_010000Z.json,landing_region_24728f09c1b8::landing_region_89faef27b517,"Beausejour, Guadeloupe -> Capesterre-Belle-Eau, Guadeloupe",2.0,2,2,2,1,1,1,1,0.5,1,True,False,False,2.0,0.0
GP,G-Root,all_publicly_visible,5014,dns-root_g-root_msm5014_20260701T000000Z_010000Z.json,landing_region_89faef27b517::landing_region_b221e27b3993,"Capesterre-Belle-Eau, Guadeloupe -> Philipsburg, Sint Maarten",2.0,2,2,2,1,1,1,1,0.5,2,False,True,False,0.0,2.0
GR,G-Root,all_publicly_visible,5014,dns-root_g-root_msm5014_20260701T000000Z_010000Z.json,landing_region_08ea81d123b5::landing_region_8935cd2c0a21,"Marseille, France -> Athens, Greece",2.0,2,2,2,1,1,1,1,1.0,1,True,False,False,0.0,2.0
GU,G-Root,all_publicly_visible,5014,dns-root_g-root_msm5014_20260701T000000Z_010000Z.json,landing_region_bc6c664daa8f::landing_region_df61fea74887,"Alupang, Guam -> El Segundo, CA, United States",13.0,13,13,13,7,3,9,5,0.5909090909090909,1,True,False,False,0.0,13.0
GU,G-Root,all_publicly_visible,5014,dns-root_g-root_msm5014_20260701T000000Z_010000Z.json,landing_region_149ad599e1a3::landing_region_d0ecf913edd7,"Tanjung Bemban, Indonesia -> Katong, Singapore",4.0,4,4,2,1,1,9,5,0.18181818181818182,2,False,True,False,4.0,0.0
GU,G-Root,all_publicly_visible,5014,dns-root_g-root_msm5014_20260701T000000Z_010000Z.json,landing_region_71e1260196d0::landing_region_d0ecf913edd7,"Cavite, Philippines -> Katong, Singapore",2.0,2,2,2,1,1,9,5,0.09090909090909091,3,False,False,True,0.0,2.0
GU,G-Root,all_publicly_visible,5014,dns-root_g-root_msm5014_20260701T000000Z_010000Z.json,landing_region_91000f65ec77::landing_region_df61fea74887,"Kapolei, HI, United States -> El Segundo, CA, United States",1.0,2,2,2,1,1,9,5,0.045454545454545456,4,False,False,False,1.0,0.0
GU,G-Root,all_publicly_visible,5014,dns-root_g-root_msm5014_20260701T000000Z_010000Z.json,landing_region_c227a3796213::landing_region_df61fea74887,"Keawaula, HI, United States -> El Segundo, CA, United States",1.0,2,2,2,1,1,9,5,0.045454545454545456,5,False,False,False,1.0,0.0
GU,G-Root,all_publicly_visible,5014,dns-root_g-root_msm5014_20260701T000000Z_010000Z.json,landing_region_91000f65ec77::landing_region_bc6c664daa8f,"Kapolei, HI, United States -> Alupang, Guam",0.5,1,1,1,1,1,9,5,0.022727272727272728,6,False,False,False,0.0,0.5
GU,G-Root,all_publicly_visible,5014,dns-root_g-root_msm5014_20260701T000000Z_010000Z.json,landing_region_bc6c664daa8f::landing_region_c227a3796213,"Alupang, Guam -> Keawaula, HI, United States",0.5,1,1,1,1,1,9,5,0.022727272727272728,7,False,False,False,0.0,0.5
HK,G-Root,all_publicly_visible,5014,dns-root_g-root_msm5014_20260701T000000Z_010000Z.json,landing_region_319252418c1f::landing_region_6d0b3b188139,"Deep Water Bay, China -> Zhuhai, China",19.0,19,19,17,9,8,12,10,0.5,1,True,False,False,19.0,0.0
HK,G-Root,all_publicly_visible,5014,dns-root_g-root_msm5014_20260701T000000Z_010000Z.json,landing_region_149ad599e1a3::landing_region_d0ecf913edd7,"Tanjung Bemban, Indonesia -> Katong, Singapore",16.0,16,16,8,4,3,12,10,0.42105263157894735,2,False,True,False,16.0,0.0
HK,G-Root,all_publicly_visible,5014,dns-root_g-root_msm5014_20260701T000000Z_010000Z.json,landing_region_319252418c1f::landing_region_d0ecf913edd7,"Deep Water Bay, China -> Katong, Singapore",3.0,3,3,2,1,1,12,10,0.07894736842105263,3,False,False,True,0.0,3.0
HN,G-Root,all_publicly_visible,5014,dns-root_g-root_msm5014_20260701T000000Z_010000Z.json,landing_region_0c894d5ef6d3::landing_region_620bdff3a2d2,"Dania Beach, FL, United States -> Puerto Cortes, Honduras",10.0,10,10,10,6,5,6,5,1.0,1,True,False,False,0.0,10.0
ID,G-Root,all_publicly_visible,5014,dns-root_g-root_msm5014_20260701T000000Z_010000Z.json,landing_region_149ad599e1a3::landing_region_d0ecf913edd7,"Tanjung Bemban, Indonesia -> Katong, Singapore",232.0,232,232,127,67,47,81,57,0.6480446927374302,1,True,False,False,178.0,54.0
ID,G-Root,all_publicly_visible,5014,dns-root_g-root_msm5014_20260701T000000Z_010000Z.json,landing_region_149ad599e1a3::landing_region_ce5716d12955,"Tanjung Bemban, Indonesia -> Ancol, Indonesia",42.0,84,84,83,48,35,81,57,0.11731843575418995,2,False,True,False,13.0,29.0
ID,G-Root,all_publicly_visible,5014,dns-root_g-root_msm5014_20260701T000000Z_010000Z.json,landing_region_ce5716d12955::landing_region_d0ecf913edd7,"Ancol, Indonesia -> Katong, Singapore",42.0,84,84,83,48,35,81,57,0.11731843575418995,3,False,False,True,13.0,29.0
ID,G-Root,all_publicly_visible,5014,dns-root_g-root_msm5014_20260701T000000Z_010000Z.json,landing_region_319252418c1f::landing_region_d0ecf913edd7,"Deep Water Bay, China -> Katong, Singapore",13.0,13,13,13,7,5,81,57,0.036312849162011177,4,False,False,False,0.0,13.0
ID,G-Root,all_publicly_visible,5014,dns-root_g-root_msm5014_20260701T000000Z_010000Z.json,landing_region_149ad599e1a3::landing_region_26e606e1a782,"Tanjung Bemban, Indonesia -> Gresik, Indonesia",6.0,6,6,6,3,3,81,57,0.01675977653631285,5,False,False,False,6.0,0.0
ID,G-Root,all_publicly_visible,5014,dns-root_g-root_msm5014_20260701T000000Z_010000Z.json,landing_region_26e606e1a782::landing_region_ce5716d12955,"Gresik, Indonesia -> Ancol, Indonesia",6.0,6,6,6,4,3,81,57,0.01675977653631285,6,False,False,False,6.0,0.0
ID,G-Root,all_publicly_visible,5014,dns-root_g-root_msm5014_20260701T000000Z_010000Z.json,landing_region_16506ee61a44::landing_region_d0ecf913edd7,"Medan, Indonesia -> Katong, Singapore",5.0,5,5,5,3,2,81,57,0.013966480446927373,7,False,False,False,5.0,0.0
ID,G-Root,all_publicly_visible,5014,dns-root_g-root_msm5014_20260701T000000Z_010000Z.json,landing_region_150b225bb130::landing_region_ce5716d12955,"Cirebon, Indonesia -> Ancol, Indonesia",4.0,4,4,4,2,2,81,57,0.0111731843575419,8,False,False,False,4.0,0.0
ID,G-Root,all_publicly_visible,5014,dns-root_g-root_msm5014_20260701T000000Z_010000Z.json,landing_region_58934ccdf4e7::landing_region_ce5716d12955,"Kendal, Indonesia -> Ancol, Indonesia",4.0,4,4,4,2,2,81,57,0.0111731843575419,9,False,False,False,4.0,0.0
ID,G-Root,all_publicly_visible,5014,dns-root_g-root_msm5014_20260701T000000Z_010000Z.json,landing_region_d0ecf913edd7::landing_region_d5376611ccce,"Katong, Singapore -> Morib, Malaysia",2.0,2,2,1,1,1,81,57,0.00558659217877095,10,False,False,False,0.0,2.0
ID,G-Root,all_publicly_visible,5014,dns-root_g-root_msm5014_20260701T000000Z_010000Z.json,landing_region_12a650616015::landing_region_95097cb3ef8d,"Beculuk, Indonesia -> Candikusuma, Indonesia",1.0,1,1,1,1,1,81,57,0.002793296089385475,11,False,False,False,1.0,0.0
ID,G-Root,all_publicly_visible,5014,dns-root_g-root_msm5014_20260701T000000Z_010000Z.json,landing_region_149ad599e1a3::landing_region_8b50d5cb7b72,"Tanjung Bemban, Indonesia -> Senggigi, Indonesia",0.5,1,1,1,1,1,81,57,0.0013966480446927375,12,False,False,False,0.0,0.5
ID,G-Root,all_publicly_visible,5014,dns-root_g-root_msm5014_20260701T000000Z_010000Z.json,landing_region_8b50d5cb7b72::landing_region_d0ecf913edd7,"Senggigi, Indonesia -> Katong, Singapore",0.5,1,1,1,1,1,81,57,0.0013966480446927375,13,False,False,False,0.0,0.5
IL,G-Root,all_publicly_visible,5014,dns-root_g-root_msm5014_20260701T000000Z_010000Z.json,landing_region_7559ef31b258::landing_region_c6ca70161fbc,"Netanya, Israel -> Rishon Le’Zion, Israel",42.0,56,56,33,20,9,20,9,0.7241379310344828,1,True,False,False,42.0,0.0
IL,G-Root,all_publicly_visible,5014,dns-root_g-root_msm5014_20260701T000000Z_010000Z.json,landing_region_c6ca70161fbc::landing_region_d42b6ba4dd12,"Rishon Le’Zion, Israel -> Haifa, Israel",9.0,24,24,16,8,4,20,9,0.15517241379310345,2,False,True,False,9.0,0.0
IL,G-Root,all_publicly_visible,5014,dns-root_g-root_msm5014_20260701T000000Z_010000Z.json,landing_region_7559ef31b258::landing_region_d42b6ba4dd12,"Netanya, Israel -> Haifa, Israel",7.0,20,20,12,6,4,20,9,0.1206896551724138,3,False,False,True,7.0,0.0
IN,G-Root,all_publicly_visible,5014,dns-root_g-root_msm5014_20260701T000000Z_010000Z.json,landing_region_149ad599e1a3::landing_region_d0ecf913edd7,"Tanjung Bemban, Indonesia -> Katong, Singapore",145.0,145,145,123,79,29,110,48,0.4865771812080537,1,True,False,False,145.0,0.0
IN,G-Root,all_publicly_visible,5014,dns-root_g-root_msm5014_20260701T000000Z_010000Z.json,landing_region_32509493c7f4::landing_region_d0ecf913edd7,"Chennai, India -> Katong, Singapore",101.0,101,101,101,62,28,110,48,0.3389261744966443,2,False,True,False,0.0,101.0
IN,G-Root,all_publicly_visible,5014,dns-root_g-root_msm5014_20260701T000000Z_010000Z.json,landing_region_0074f164da96::landing_region_d0ecf913edd7,"Mumbai, India -> Katong, Singapore",30.0,30,30,30,22,12,110,48,0.10067114093959731,3,False,False,True,0.0,30.0
IN,G-Root,all_publicly_visible,5014,dns-root_g-root_msm5014_20260701T000000Z_010000Z.json,landing_region_0074f164da96::landing_region_32509493c7f4,"Mumbai, India -> Chennai, India",22.0,22,22,22,15,8,110,48,0.0738255033557047,4,False,False,False,22.0,0.0
IT,G-Root,all_publicly_visible,5014,dns-root_g-root_msm5014_20260701T000000Z_010000Z.json,landing_region_1d5c9bdda1cc::landing_region_ea98b74befe5,"Rome, Italy -> Isola delle Femmine, Italy",2.0,2,2,2,1,1,1,1,1.0,1,True,False,False,2.0,0.0
JM,G-Root,all_publicly_visible,5014,dns-root_g-root_msm5014_20260701T000000Z_010000Z.json,landing_region_0c894d5ef6d3::landing_region_af7df63397a0,"Dania Beach, FL, United States -> Jacksonville, FL, United States",2.0,2,2,2,1,1,1,1,1.0,1,True,False,False,2.0,0.0
KH,G-Root,all_publicly_visible,5014,dns-root_g-root_msm5014_20260701T000000Z_010000Z.json,landing_region_149ad599e1a3::landing_region_d0ecf913edd7,"Tanjung Bemban, Indonesia -> Katong, Singapore",6.0,6,6,4,2,2,2,2,1.0,1,True,False,False,6.0,0.0
KY,G-Root,all_publicly_visible,5014,dns-root_g-root_msm5014_20260701T000000Z_010000Z.json,landing_region_0c894d5ef6d3::landing_region_6a990cca53f4,"Dania Beach, FL, United States -> Half Moon Bay, Cayman Islands",1.0,1,1,1,1,1,1,1,1.0,1,True,False,False,0.0,1.0
LA,G-Root,all_publicly_visible,5014,dns-root_g-root_msm5014_20260701T000000Z_010000Z.json,landing_region_149ad599e1a3::landing_region_d0ecf913edd7,"Tanjung Bemban, Indonesia -> Katong, Singapore",4.0,4,4,4,4,1,4,1,1.0,1,True,False,False,4.0,0.0
LC,G-Root,all_publicly_visible,5014,dns-root_g-root_msm5014_20260701T000000Z_010000Z.json,landing_region_b69228a09b14::landing_region_c92fc361db9a,"Basseterre, Saint Kitts and Nevis -> Rodney Bay, Saint Lucia",3.0,3,3,3,2,1,2,1,0.75,1,True,False,False,0.0,3.0
LC,G-Root,all_publicly_visible,5014,dns-root_g-root_msm5014_20260701T000000Z_010000Z.json,landing_region_0c894d5ef6d3::landing_region_af7df63397a0,"Dania Beach, FL, United States -> Jacksonville, FL, United States",1.0,1,1,1,1,1,2,1,0.25,2,False,True,False,1.0,0.0
LK,G-Root,all_publicly_visible,5014,dns-root_g-root_msm5014_20260701T000000Z_010000Z.json,landing_region_1392e3aea9b8::landing_region_8dc97f28b4d0,"Fujairah, United Arab Emirates -> Sharjah, United Arab Emirates",24.0,24,24,12,6,2,12,6,0.39344262295081966,1,True,False,False,24.0,0.0
LK,G-Root,all_publicly_visible,5014,dns-root_g-root_msm5014_20260701T000000Z_010000Z.json,landing_region_149ad599e1a3::landing_region_d0ecf913edd7,"Tanjung Bemban, Indonesia -> Katong, Singapore",16.0,16,16,8,4,3,12,6,0.26229508196721313,2,False,True,False,16.0,0.0
LK,G-Root,all_publicly_visible,5014,dns-root_g-root_msm5014_20260701T000000Z_010000Z.json,landing_region_465d1b4e7da4::landing_region_8dc97f28b4d0,"Mt. Lavinia, Sri Lanka -> Sharjah, United Arab Emirates",12.0,12,12,12,6,2,12,6,0.19672131147540983,3,False,False,True,0.0,12.0
LK,G-Root,all_publicly_visible,5014,dns-root_g-root_msm5014_20260701T000000Z_010000Z.json,landing_region_465d1b4e7da4::landing_region_d0ecf913edd7,"Mt. Lavinia, Sri Lanka -> Katong, Singapore",7.0,7,7,7,4,3,12,6,0.11475409836065574,4,False,False,False,0.0,7.0
LK,G-Root,all_publicly_visible,5014,dns-root_g-root_msm5014_20260701T000000Z_010000Z.json,landing_region_32509493c7f4::landing_region_d0ecf913edd7,"Chennai, India -> Katong, Singapore",2.0,2,2,2,2,2,12,6,0.03278688524590164,5,False,False,False,0.0,2.0
LV,G-Root,all_publicly_visible,5014,dns-root_g-root_msm5014_20260701T000000Z_010000Z.json,landing_region_5631d1801aee::landing_region_65aa8d7cf62e,"Tallinn, Estonia -> Espoo, Finland",8.0,8,8,8,5,2,6,3,0.8888888888888888,1,True,False,False,0.0,8.0
LV,G-Root,all_publicly_visible,5014,dns-root_g-root_msm5014_20260701T000000Z_010000Z.json,landing_region_1ce0b85cd8b9::landing_region_e1a72a298b9d,"Uto, Sweden -> Dragor, Denmark",1.0,1,1,1,1,1,6,3,0.1111111111111111,2,False,True,False,1.0,0.0
ML,G-Root,all_publicly_visible,5014,dns-root_g-root_msm5014_20260701T000000Z_010000Z.json,landing_region_9d5009d65552::landing_region_c88b92706e9c,"Dakar, Senegal -> Seixal, Portugal",2.0,2,2,2,1,1,1,1,1.0,1,True,False,False,0.0,2.0
MM,G-Root,all_publicly_visible,5014,dns-root_g-root_msm5014_20260701T000000Z_010000Z.json,landing_region_149ad599e1a3::landing_region_d0ecf913edd7,"Tanjung Bemban, Indonesia -> Katong, Singapore",8.0,8,8,4,3,3,3,3,0.7272727272727273,1,True,False,False,8.0,0.0
MM,G-Root,all_publicly_visible,5014,dns-root_g-root_msm5014_20260701T000000Z_010000Z.json,landing_region_a314ea9d2330::landing_region_d0ecf913edd7,"Thanlyin, Myanmar -> Katong, Singapore",3.0,3,3,3,2,2,3,3,0.2727272727272727,2,False,True,False,0.0,3.0
MP,G-Root,all_publicly_visible,5014,dns-root_g-root_msm5014_20260701T000000Z_010000Z.json,landing_region_3602b9b9f277::landing_region_bc6c664daa8f,"Tinian, Northern Mariana Islands -> Alupang, Guam",2.0,2,2,2,1,1,1,1,0.5,1,True,False,False,0.0,2.0
MP,G-Root,all_publicly_visible,5014,dns-root_g-root_msm5014_20260701T000000Z_010000Z.json,landing_region_bc6c664daa8f::landing_region_df61fea74887,"Alupang, Guam -> El Segundo, CA, United States",2.0,2,2,2,1,1,1,1,0.5,2,False,True,False,0.0,2.0
MT,G-Root,all_publicly_visible,5014,dns-root_g-root_msm5014_20260701T000000Z_010000Z.json,landing_region_08ea81d123b5::landing_region_9e3a5ff856b9,"Marseille, France -> Balluta Bay, Malta",4.0,4,4,4,2,2,2,2,1.0,1,True,False,False,0.0,4.0
MU,G-Root,all_publicly_visible,5014,dns-root_g-root_msm5014_20260701T000000Z_010000Z.json,landing_region_149ad599e1a3::landing_region_d0ecf913edd7,"Tanjung Bemban, Indonesia -> Katong, Singapore",11.0,11,11,6,3,1,3,1,1.0,1,True,False,False,11.0,0.0
MV,G-Root,all_publicly_visible,5014,dns-root_g-root_msm5014_20260701T000000Z_010000Z.json,landing_region_149ad599e1a3::landing_region_d0ecf913edd7,"Tanjung Bemban, Indonesia -> Katong, Singapore",44.0,44,44,22,12,4,12,4,0.6984126984126984,1,True,False,False,44.0,0.0
MV,G-Root,all_publicly_visible,5014,dns-root_g-root_msm5014_20260701T000000Z_010000Z.json,landing_region_3e5f0fe5028c::landing_region_d0ecf913edd7,"Male, Maldives -> Katong, Singapore",17.0,17,17,17,9,2,12,4,0.2698412698412698,2,False,True,False,0.0,17.0
MV,G-Root,all_publicly_visible,5014,dns-root_g-root_msm5014_20260701T000000Z_010000Z.json,landing_region_3e5f0fe5028c::landing_region_465d1b4e7da4,"Male, Maldives -> Mt. Lavinia, Sri Lanka",1.0,1,1,1,1,1,12,4,0.015873015873015872,3,False,False,True,0.0,1.0
MV,G-Root,all_publicly_visible,5014,dns-root_g-root_msm5014_20260701T000000Z_010000Z.json,landing_region_465d1b4e7da4::landing_region_d0ecf913edd7,"Mt. Lavinia, Sri Lanka -> Katong, Singapore",1.0,1,1,1,1,1,12,4,0.015873015873015872,4,False,False,False,0.0,1.0
MX,G-Root,all_publicly_visible,5014,dns-root_g-root_msm5014_20260701T000000Z_010000Z.json,landing_region_149ad599e1a3::landing_region_d0ecf913edd7,"Tanjung Bemban, Indonesia -> Katong, Singapore",6.0,6,6,4,2,1,4,3,0.6,1,True,False,False,6.0,0.0
MX,G-Root,all_publicly_visible,5014,dns-root_g-root_msm5014_20260701T000000Z_010000Z.json,landing_region_0c894d5ef6d3::landing_region_2899c8b816f4,"Dania Beach, FL, United States -> Cancún, Mexico",4.0,4,4,4,2,2,4,3,0.4,2,False,True,False,0.0,4.0
MY,G-Root,all_publicly_visible,5014,dns-root_g-root_msm5014_20260701T000000Z_010000Z.json,landing_region_149ad599e1a3::landing_region_d0ecf913edd7,"Tanjung Bemban, Indonesia -> Katong, Singapore",44.0,44,44,23,12,11,13,12,0.9166666666666666,1,True,False,False,44.0,0.0
MY,G-Root,all_publicly_visible,5014,dns-root_g-root_msm5014_20260701T000000Z_010000Z.json,landing_region_319252418c1f::landing_region_d0ecf913edd7,"Deep Water Bay, China -> Katong, Singapore",2.0,2,2,2,1,1,13,12,0.041666666666666664,2,False,True,False,0.0,2.0
MY,G-Root,all_publicly_visible,5014,dns-root_g-root_msm5014_20260701T000000Z_010000Z.json,landing_region_d0ecf913edd7::landing_region_d5376611ccce,"Katong, Singapore -> Morib, Malaysia",2.0,2,2,2,1,1,13,12,0.041666666666666664,3,False,False,True,0.0,2.0
MZ,G-Root,all_publicly_visible,5014,dns-root_g-root_msm5014_20260701T000000Z_010000Z.json,landing_region_08ea81d123b5::landing_region_dc3abce92257,"Marseille, France -> Maputo, Mozambique",2.0,2,2,2,1,1,1,1,1.0,1,True,False,False,0.0,2.0
NC,G-Root,all_publicly_visible,5014,dns-root_g-root_msm5014_20260701T000000Z_010000Z.json,landing_region_3563aa191965::landing_region_58084817cbe7,"Noumea, New Caledonia -> Paddington, NSW, Australia",9.0,9,9,9,5,2,5,2,0.6,1,True,False,False,0.0,9.0
NC,G-Root,all_publicly_visible,5014,dns-root_g-root_msm5014_20260701T000000Z_010000Z.json,landing_region_3996aeca3c5e::landing_region_58084817cbe7,"Perth, WA, Australia -> Paddington, NSW, Australia",6.0,6,6,6,3,2,5,2,0.4,2,False,True,False,6.0,0.0
NG,G-Root,all_publicly_visible,5014,dns-root_g-root_msm5014_20260701T000000Z_010000Z.json,landing_region_30beda532e6f::landing_region_c88b92706e9c,"Lagos, Nigeria -> Seixal, Portugal",4.0,4,4,4,3,3,5,4,0.6666666666666666,1,True,False,False,0.0,4.0
NG,G-Root,all_publicly_visible,5014,dns-root_g-root_msm5014_20260701T000000Z_010000Z.json,landing_region_30beda532e6f::landing_region_44e270aeb18c,"Lagos, Nigeria -> Melkbosstrand, South Africa",2.0,2,2,2,2,1,5,4,0.3333333333333333,2,False,True,False,0.0,2.0
NO,G-Root,all_publicly_visible,5014,dns-root_g-root_msm5014_20260701T000000Z_010000Z.json,landing_region_2f1f6d8f7ce5::landing_region_d514e04d4eb8,"Oslo, Norway -> Drøbak, Norway",256.6666666666667,268,268,95,49,26,72,27,0.7684630738522955,1,True,False,False,256.6666666666667,0.0
NO,G-Root,all_publicly_visible,5014,dns-root_g-root_msm5014_20260701T000000Z_010000Z.json,landing_region_d514e04d4eb8::landing_region_d8238f687690,"Drøbak, Norway -> Larvik, Norway",15.666666666666666,28,28,21,11,6,72,27,0.046906187624750496,2,False,True,False,15.666666666666666,0.0
NO,G-Root,all_publicly_visible,5014,dns-root_g-root_msm5014_20260701T000000Z_010000Z.json,landing_region_59507011995d::landing_region_5c0c91ea8e24,"Kårstø, Norway -> Øygarden, Norway",12.0,12,12,12,6,2,72,27,0.03592814371257485,3,False,False,True,12.0,0.0
NO,G-Root,all_publicly_visible,5014,dns-root_g-root_msm5014_20260701T000000Z_010000Z.json,landing_region_59507011995d::landing_region_d514e04d4eb8,"Kårstø, Norway -> Drøbak, Norway",11.5,23,23,23,13,3,72,27,0.0344311377245509,4,False,False,False,11.5,0.0
NO,G-Root,all_publicly_visible,5014,dns-root_g-root_msm5014_20260701T000000Z_010000Z.json,landing_region_2f1f6d8f7ce5::landing_region_59507011995d,"Oslo, Norway -> Kårstø, Norway",8.5,17,17,17,9,3,72,27,0.025449101796407185,5,False,False,False,8.5,0.0
NO,G-Root,all_publicly_visible,5014,dns-root_g-root_msm5014_20260701T000000Z_010000Z.json,landing_region_2f1f6d8f7ce5::landing_region_d8238f687690,"Oslo, Norway -> Larvik, Norway",6.666666666666666,19,19,13,7,5,72,27,0.019960079840319358,6,False,False,False,6.666666666666666,0.0
NO,G-Root,all_publicly_visible,5014,dns-root_g-root_msm5014_20260701T000000Z_010000Z.json,landing_region_59507011995d::landing_region_9f0445306e12,"Kårstø, Norway -> Egersund, Norway",6.0,6,6,6,3,1,72,27,0.017964071856287425,7,False,False,False,6.0,0.0
NO,G-Root,all_publicly_visible,5014,dns-root_g-root_msm5014_20260701T000000Z_010000Z.json,landing_region_2f1f6d8f7ce5::landing_region_734e5f248738,"Oslo, Norway -> Kristiansand, Norway",4.0,8,8,6,3,2,72,27,0.011976047904191617,8,False,False,False,4.0,0.0
NO,G-Root,all_publicly_visible,5014,dns-root_g-root_msm5014_20260701T000000Z_010000Z.json,landing_region_734e5f248738::landing_region_d514e04d4eb8,"Kristiansand, Norway -> Drøbak, Norway",4.0,8,8,6,3,2,72,27,0.011976047904191617,9,False,False,False,4.0,0.0
NO,G-Root,all_publicly_visible,5014,dns-root_g-root_msm5014_20260701T000000Z_010000Z.json,landing_region_59507011995d::landing_region_d8238f687690,"Kårstø, Norway -> Larvik, Norway",3.0,6,6,6,4,1,72,27,0.008982035928143712,10,False,False,False,3.0,0.0
NO,G-Root,all_publicly_visible,5014,dns-root_g-root_msm5014_20260701T000000Z_010000Z.json,landing_region_51738c738daf::landing_region_68c2a6f2eb92,"Herlandsvika, Norway -> Brekstad, Norway",2.0,2,2,2,1,1,72,27,0.005988023952095809,11,False,False,False,2.0,0.0
NO,G-Root,all_publicly_visible,5014,dns-root_g-root_msm5014_20260701T000000Z_010000Z.json,landing_region_2f1f6d8f7ce5::landing_region_9f0445306e12,"Oslo, Norway -> Egersund, Norway",1.0,2,2,2,1,1,72,27,0.0029940119760479044,12,False,False,False,1.0,0.0
NO,G-Root,all_publicly_visible,5014,dns-root_g-root_msm5014_20260701T000000Z_010000Z.json,landing_region_56f5968b4284::landing_region_68c2a6f2eb92,"Edøya, Norway -> Brekstad, Norway",1.0,2,2,2,1,1,72,27,0.0029940119760479044,13,False,False,False,1.0,0.0
NO,G-Root,all_publicly_visible,5014,dns-root_g-root_msm5014_20260701T000000Z_010000Z.json,landing_region_68c2a6f2eb92::landing_region_85af16a4a5ec,"Brekstad, Norway -> Hitra, Norway",1.0,2,2,2,1,1,72,27,0.0029940119760479044,14,False,False,False,1.0,0.0
NO,G-Root,all_publicly_visible,5014,dns-root_g-root_msm5014_20260701T000000Z_010000Z.json,landing_region_9f0445306e12::landing_region_d514e04d4eb8,"Egersund, Norway -> Drøbak, Norway",1.0,2,2,2,1,1,72,27,0.0029940119760479044,15,False,False,False,1.0,0.0
NP,G-Root,all_publicly_visible,5014,dns-root_g-root_msm5014_20260701T000000Z_010000Z.json,landing_region_149ad599e1a3::landing_region_d0ecf913edd7,"Tanjung Bemban, Indonesia -> Katong, Singapore",8.0,8,8,8,6,3,10,6,0.5714285714285714,1,True,False,False,8.0,0.0
NP,G-Root,all_publicly_visible,5014,dns-root_g-root_msm5014_20260701T000000Z_010000Z.json,landing_region_32509493c7f4::landing_region_d0ecf913edd7,"Chennai, India -> Katong, Singapore",2.0,2,2,2,2,1,10,6,0.14285714285714285,2,False,True,False,0.0,2.0
NP,G-Root,all_publicly_visible,5014,dns-root_g-root_msm5014_20260701T000000Z_010000Z.json,landing_region_08ea81d123b5::landing_region_d0ecf913edd7,"Marseille, France -> Katong, Singapore",1.5,3,3,3,3,3,10,6,0.10714285714285714,3,False,False,True,0.0,1.5
NP,G-Root,all_publicly_visible,5014,dns-root_g-root_msm5014_20260701T000000Z_010000Z.json,landing_region_b368d05deae2::landing_region_d0ecf913edd7,"La Tour Fondue, France -> Katong, Singapore",1.5,3,3,3,3,3,10,6,0.10714285714285714,4,False,False,False,0.0,1.5
NP,G-Root,all_publicly_visible,5014,dns-root_g-root_msm5014_20260701T000000Z_010000Z.json,landing_region_0074f164da96::landing_region_d0ecf913edd7,"Mumbai, India -> Katong, Singapore",1.0,1,1,1,1,1,10,6,0.07142857142857142,5,False,False,False,0.0,1.0
NU,G-Root,all_publicly_visible,5014,dns-root_g-root_msm5014_20260701T000000Z_010000Z.json,landing_region_0601a73acabb::landing_region_3b96281acedd,"Apia, Samoa -> Alofi, Niue",2.0,2,2,2,1,1,1,1,1.0,1,True,False,False,0.0,2.0
NZ,G-Root,all_publicly_visible,5014,dns-root_g-root_msm5014_20260701T000000Z_010000Z.json,landing_region_58084817cbe7::landing_region_64abd2b76b5b,"Paddington, NSW, Australia -> Takapuna, New Zealand",98.0,98,98,98,51,10,71,21,0.3402777777777778,1,True,False,False,0.0,98.0
NZ,G-Root,all_publicly_visible,5014,dns-root_g-root_msm5014_20260701T000000Z_010000Z.json,landing_region_0850a0fd663e::landing_region_202dc066a01e,"Oteranga Bay, New Zealand -> Paraparaumu, New Zealand",57.0,57,57,41,22,7,71,21,0.19791666666666666,2,False,True,False,57.0,0.0
NZ,G-Root,all_publicly_visible,5014,dns-root_g-root_msm5014_20260701T000000Z_010000Z.json,landing_region_64abd2b76b5b::landing_region_df61fea74887,"Takapuna, New Zealand -> El Segundo, CA, United States",34.0,34,34,33,21,5,71,21,0.11805555555555555,3,False,False,True,0.0,34.0
NZ,G-Root,all_publicly_visible,5014,dns-root_g-root_msm5014_20260701T000000Z_010000Z.json,landing_region_0850a0fd663e::landing_region_64abd2b76b5b,"Oteranga Bay, New Zealand -> Takapuna, New Zealand",27.0,54,54,41,21,5,71,21,0.09375,4,False,False,False,27.0,0.0
NZ,G-Root,all_publicly_visible,5014,dns-root_g-root_msm5014_20260701T000000Z_010000Z.json,landing_region_202dc066a01e::landing_region_64abd2b76b5b,"Paraparaumu, New Zealand -> Takapuna, New Zealand",27.0,54,54,41,21,5,71,21,0.09375,5,False,False,False,27.0,0.0
NZ,G-Root,all_publicly_visible,5014,dns-root_g-root_msm5014_20260701T000000Z_010000Z.json,landing_region_64abd2b76b5b::landing_region_fee4652f607a,"Takapuna, New Zealand -> Raglan, New Zealand",18.0,18,18,18,9,1,71,21,0.0625,6,False,False,False,18.0,0.0
NZ,G-Root,all_publicly_visible,5014,dns-root_g-root_msm5014_20260701T000000Z_010000Z.json,landing_region_c0018732c600::landing_region_fee4652f607a,"Christchurch, New Zealand -> Raglan, New Zealand",18.0,18,18,18,9,1,71,21,0.0625,7,False,False,False,18.0,0.0
NZ,G-Root,all_publicly_visible,5014,dns-root_g-root_msm5014_20260701T000000Z_010000Z.json,landing_region_0850a0fd663e::landing_region_c0018732c600,"Oteranga Bay, New Zealand -> Christchurch, New Zealand",3.0,6,6,6,3,2,71,21,0.010416666666666666,8,False,False,False,3.0,0.0
NZ,G-Root,all_publicly_visible,5014,dns-root_g-root_msm5014_20260701T000000Z_010000Z.json,landing_region_202dc066a01e::landing_region_c0018732c600,"Paraparaumu, New Zealand -> Christchurch, New Zealand",3.0,6,6,6,3,2,71,21,0.010416666666666666,9,False,False,False,3.0,0.0
NZ,G-Root,all_publicly_visible,5014,dns-root_g-root_msm5014_20260701T000000Z_010000Z.json,landing_region_64abd2b76b5b::landing_region_c0018732c600,"Takapuna, New Zealand -> Christchurch, New Zealand",3.0,3,3,3,2,2,71,21,0.010416666666666666,10,False,False,False,3.0,0.0
OM,G-Root,all_publicly_visible,5014,dns-root_g-root_msm5014_20260701T000000Z_010000Z.json,landing_region_319252418c1f::landing_region_d0ecf913edd7,"Deep Water Bay, China -> Katong, Singapore",5.0,5,5,3,2,2,2,2,1.0,1,True,False,False,0.0,5.0
PA,G-Root,all_publicly_visible,5014,dns-root_g-root_msm5014_20260701T000000Z_010000Z.json,landing_region_0c894d5ef6d3::landing_region_af7df63397a0,"Dania Beach, FL, United States -> Jacksonville, FL, United States",2.0,2,2,2,1,1,2,1,0.5,1,True,False,False,2.0,0.0
PA,G-Root,all_publicly_visible,5014,dns-root_g-root_msm5014_20260701T000000Z_010000Z.json,landing_region_466f092d0a6e::landing_region_af7df63397a0,"Fort Amador, Panama -> Jacksonville, FL, United States",2.0,2,2,2,1,1,2,1,0.5,2,False,True,False,0.0,2.0
PE,G-Root,all_publicly_visible,5014,dns-root_g-root_msm5014_20260701T000000Z_010000Z.json,landing_region_0c894d5ef6d3::landing_region_83c1ffe3b901,"Dania Beach, FL, United States -> Mahuma, Curaçao",1.0,1,1,1,1,1,1,1,0.5,1,True,False,False,0.0,1.0
PE,G-Root,all_publicly_visible,5014,dns-root_g-root_msm5014_20260701T000000Z_010000Z.json,landing_region_0c894d5ef6d3::landing_region_af7df63397a0,"Dania Beach, FL, United States -> Jacksonville, FL, United States",1.0,1,1,1,1,1,1,1,0.5,2,False,True,False,1.0,0.0
PG,G-Root,all_publicly_visible,5014,dns-root_g-root_msm5014_20260701T000000Z_010000Z.json,landing_region_58084817cbe7::landing_region_a4275bfd77b7,"Paddington, NSW, Australia -> Port Moresby, Papua New Guinea",2.0,2,2,2,1,1,1,1,1.0,1,True,False,False,0.0,2.0
PH,G-Root,all_publicly_visible,5014,dns-root_g-root_msm5014_20260701T000000Z_010000Z.json,landing_region_149ad599e1a3::landing_region_d0ecf913edd7,"Tanjung Bemban, Indonesia -> Katong, Singapore",42.0,42,42,19,12,10,26,20,0.5,1,True,False,False,42.0,0.0
PH,G-Root,all_publicly_visible,5014,dns-root_g-root_msm5014_20260701T000000Z_010000Z.json,landing_region_71e1260196d0::landing_region_d0ecf913edd7,"Cavite, Philippines -> Katong, Singapore",22.0,22,22,22,15,12,26,20,0.2619047619047619,2,False,True,False,0.0,22.0
PH,G-Root,all_publicly_visible,5014,dns-root_g-root_msm5014_20260701T000000Z_010000Z.json,landing_region_319252418c1f::landing_region_71e1260196d0,"Deep Water Bay, China -> Cavite, Philippines",6.0,6,6,6,4,3,26,20,0.07142857142857142,3,False,False,True,0.0,6.0
PH,G-Root,all_publicly_visible,5014,dns-root_g-root_msm5014_20260701T000000Z_010000Z.json,landing_region_319252418c1f::landing_region_d0ecf913edd7,"Deep Water Bay, China -> Katong, Singapore",4.0,4,4,4,3,3,26,20,0.047619047619047616,4,False,False,False,0.0,4.0
PH,G-Root,all_publicly_visible,5014,dns-root_g-root_msm5014_20260701T000000Z_010000Z.json,landing_region_71e1260196d0::landing_region_85b85b02a38f,"Cavite, Philippines -> Batangas, Philippines",4.0,4,4,4,3,3,26,20,0.047619047619047616,5,False,False,False,4.0,0.0
PH,G-Root,all_publicly_visible,5014,dns-root_g-root_msm5014_20260701T000000Z_010000Z.json,landing_region_00c458c2b5c8::landing_region_568e54040a5c,"Palompon, Philippines -> Talisay, Philippines",2.0,2,2,2,1,1,26,20,0.023809523809523808,6,False,False,False,2.0,0.0
PH,G-Root,all_publicly_visible,5014,dns-root_g-root_msm5014_20260701T000000Z_010000Z.json,landing_region_11a5fc08eb7a::landing_region_73f9243dcd5b,"Caticlan, Philippines -> Roxas City, Philippines",2.0,2,2,2,1,1,26,20,0.023809523809523808,7,False,False,False,2.0,0.0
PH,G-Root,all_publicly_visible,5014,dns-root_g-root_msm5014_20260701T000000Z_010000Z.json,landing_region_319252418c1f::landing_region_6d0b3b188139,"Deep Water Bay, China -> Zhuhai, China",2.0,2,2,2,1,1,26,20,0.023809523809523808,8,False,False,False,2.0,0.0
PK,G-Root,all_publicly_visible,5014,dns-root_g-root_msm5014_20260701T000000Z_010000Z.json,landing_region_1b3a8d836a7d::landing_region_ea98b74befe5,"Karachi, Pakistan -> Isola delle Femmine, Italy",7.0,7,7,7,5,5,5,5,1.0,1,True,False,False,0.0,7.0
PR,G-Root,all_publicly_visible,5014,dns-root_g-root_msm5014_20260701T000000Z_010000Z.json,landing_region_0c894d5ef6d3::landing_region_822747b0ce7e,"Dania Beach, FL, United States -> Miramar, PR, United States",4.0,4,4,4,2,2,2,2,1.0,1,True,False,False,0.0,4.0
QA,G-Root,all_publicly_visible,5014,dns-root_g-root_msm5014_20260701T000000Z_010000Z.json,landing_region_08ea81d123b5::landing_region_f0ff9789c5ea,"Marseille, France -> Al-Kheesa, Qatar",2.0,2,2,2,1,1,1,1,1.0,1,True,False,False,0.0,2.0
RU,G-Root,all_publicly_visible,5014,dns-root_g-root_msm5014_20260701T000000Z_010000Z.json,landing_region_65aa8d7cf62e::landing_region_71db3ba08a92,"Espoo, Finland -> Stockholm, Sweden",51.0,51,51,51,37,29,41,32,0.9107142857142857,1,True,False,False,0.0,51.0
RU,G-Root,all_publicly_visible,5014,dns-root_g-root_msm5014_20260701T000000Z_010000Z.json,landing_region_5631d1801aee::landing_region_65aa8d7cf62e,"Tallinn, Estonia -> Espoo, Finland",5.0,5,5,5,4,3,41,32,0.08928571428571429,2,False,True,False,0.0,5.0
SA,G-Root,all_publicly_visible,5014,dns-root_g-root_msm5014_20260701T000000Z_010000Z.json,landing_region_08ea81d123b5::landing_region_a096883e3a96,"Marseille, France -> Jeddah, Saudi Arabia",1.0,1,1,1,1,1,1,1,1.0,1,True,False,False,0.0,1.0
SE,G-Root,all_publicly_visible,5014,dns-root_g-root_msm5014_20260701T000000Z_010000Z.json,landing_region_1ce0b85cd8b9::landing_region_e1a72a298b9d,"Uto, Sweden -> Dragor, Denmark",36.0,36,36,32,17,10,18,11,0.9230769230769231,1,True,False,False,36.0,0.0
SE,G-Root,all_publicly_visible,5014,dns-root_g-root_msm5014_20260701T000000Z_010000Z.json,landing_region_1ce0b85cd8b9::landing_region_3d94d1c98c16,"Uto, Sweden -> Näsby, Sweden",2.0,2,2,2,1,1,18,11,0.05128205128205128,2,False,True,False,2.0,0.0
SE,G-Root,all_publicly_visible,5014,dns-root_g-root_msm5014_20260701T000000Z_010000Z.json,landing_region_2f1f6d8f7ce5::landing_region_d514e04d4eb8,"Oslo, Norway -> Drøbak, Norway",1.0,1,1,1,1,1,18,11,0.02564102564102564,3,False,False,True,1.0,0.0
SG,G-Root,all_publicly_visible,5014,dns-root_g-root_msm5014_20260701T000000Z_010000Z.json,landing_region_149ad599e1a3::landing_region_d0ecf913edd7,"Tanjung Bemban, Indonesia -> Katong, Singapore",674.0,674,674,200,109,58,110,58,0.9628571428571429,1,True,False,False,674.0,0.0
SG,G-Root,all_publicly_visible,5014,dns-root_g-root_msm5014_20260701T000000Z_010000Z.json,landing_region_319252418c1f::landing_region_d0ecf913edd7,"Deep Water Bay, China -> Katong, Singapore",24.0,24,24,24,13,7,110,58,0.03428571428571429,2,False,True,False,0.0,24.0
SG,G-Root,all_publicly_visible,5014,dns-root_g-root_msm5014_20260701T000000Z_010000Z.json,landing_region_d0ecf913edd7::landing_region_d5376611ccce,"Katong, Singapore -> Morib, Malaysia",2.0,2,2,1,1,1,110,58,0.002857142857142857,3,False,False,True,0.0,2.0
SL,G-Root,all_publicly_visible,5014,dns-root_g-root_msm5014_20260701T000000Z_010000Z.json,landing_region_c88b92706e9c::landing_region_dbe3261635ed,"Seixal, Portugal -> Freetown, Sierra Leone",2.0,2,2,2,1,1,1,1,1.0,1,True,False,False,0.0,2.0
SN,G-Root,all_publicly_visible,5014,dns-root_g-root_msm5014_20260701T000000Z_010000Z.json,landing_region_9d5009d65552::landing_region_c88b92706e9c,"Dakar, Senegal -> Seixal, Portugal",2.0,2,2,2,1,1,1,1,1.0,1,True,False,False,0.0,2.0
SR,G-Root,all_publicly_visible,5014,dns-root_g-root_msm5014_20260701T000000Z_010000Z.json,landing_region_0c894d5ef6d3::landing_region_83c1ffe3b901,"Dania Beach, FL, United States -> Mahuma, Curaçao",1.0,1,1,1,1,1,1,1,1.0,1,True,False,False,0.0,1.0
SV,G-Root,all_publicly_visible,5014,dns-root_g-root_msm5014_20260701T000000Z_010000Z.json,landing_region_0c894d5ef6d3::landing_region_620bdff3a2d2,"Dania Beach, FL, United States -> Puerto Cortes, Honduras",2.0,2,2,2,1,1,1,1,1.0,1,True,False,False,0.0,2.0
TD,G-Root,all_publicly_visible,5014,dns-root_g-root_msm5014_20260701T000000Z_010000Z.json,landing_region_0c894d5ef6d3::landing_region_a33078e57a08,"Dania Beach, FL, United States -> Fortaleza, Brazil",2.0,2,2,2,1,1,1,1,1.0,1,True,False,False,0.0,2.0
TH,G-Root,all_publicly_visible,5014,dns-root_g-root_msm5014_20260701T000000Z_010000Z.json,landing_region_149ad599e1a3::landing_region_d0ecf913edd7,"Tanjung Bemban, Indonesia -> Katong, Singapore",133.0,133,133,66,37,21,39,21,0.9637681159420289,1,True,False,False,133.0,0.0
TH,G-Root,all_publicly_visible,5014,dns-root_g-root_msm5014_20260701T000000Z_010000Z.json,landing_region_04269067e649::landing_region_149ad599e1a3,"Songkhla, Thailand -> Tanjung Bemban, Indonesia",2.0,4,4,4,2,1,39,21,0.014492753623188406,2,False,True,False,0.0,2.0
TH,G-Root,all_publicly_visible,5014,dns-root_g-root_msm5014_20260701T000000Z_010000Z.json,landing_region_04269067e649::landing_region_d0ecf913edd7,"Songkhla, Thailand -> Katong, Singapore",2.0,4,4,4,2,1,39,21,0.014492753623188406,3,False,False,True,0.0,2.0
TH,G-Root,all_publicly_visible,5014,dns-root_g-root_msm5014_20260701T000000Z_010000Z.json,landing_region_319252418c1f::landing_region_d0ecf913edd7,"Deep Water Bay, China -> Katong, Singapore",1.0,1,1,1,1,1,39,21,0.007246376811594203,4,False,False,False,0.0,1.0
TJ,G-Root,all_publicly_visible,5014,dns-root_g-root_msm5014_20260701T000000Z_010000Z.json,landing_region_319252418c1f::landing_region_6d0b3b188139,"Deep Water Bay, China -> Zhuhai, China",11.0,11,11,11,9,7,9,7,1.0,1,True,False,False,11.0,0.0
TL,G-Root,all_publicly_visible,5014,dns-root_g-root_msm5014_20260701T000000Z_010000Z.json,landing_region_149ad599e1a3::landing_region_d0ecf913edd7,"Tanjung Bemban, Indonesia -> Katong, Singapore",19.0,19,19,6,3,1,4,2,0.8260869565217391,1,True,False,False,19.0,0.0
TL,G-Root,all_publicly_visible,5014,dns-root_g-root_msm5014_20260701T000000Z_010000Z.json,landing_region_58084817cbe7::landing_region_b204db5c9fda,"Paddington, NSW, Australia -> Adelaide, SA, Australia",2.0,2,2,2,1,1,4,2,0.08695652173913043,2,False,True,False,2.0,0.0
TL,G-Root,all_publicly_visible,5014,dns-root_g-root_msm5014_20260701T000000Z_010000Z.json,landing_region_149acfcae34c::landing_region_58084817cbe7,"Melbourne, VIC, Australia -> Paddington, NSW, Australia",1.0,1,1,1,1,1,4,2,0.043478260869565216,3,False,False,True,1.0,0.0
TL,G-Root,all_publicly_visible,5014,dns-root_g-root_msm5014_20260701T000000Z_010000Z.json,landing_region_149ad599e1a3::landing_region_ce5716d12955,"Tanjung Bemban, Indonesia -> Ancol, Indonesia",1.0,1,1,1,1,1,4,2,0.043478260869565216,4,False,False,False,0.0,1.0
TO,G-Root,all_publicly_visible,5014,dns-root_g-root_msm5014_20260701T000000Z_010000Z.json,landing_region_1cece50a3587::landing_region_58084817cbe7,"Suva, Fiji -> Paddington, NSW, Australia",2.0,2,2,2,1,1,1,1,0.25,1,True,False,False,0.0,2.0
TO,G-Root,all_publicly_visible,5014,dns-root_g-root_msm5014_20260701T000000Z_010000Z.json,landing_region_1cece50a3587::landing_region_ab5fcb6a28e2,"Suva, Fiji -> Nuku'alofa, Tonga",2.0,2,2,2,1,1,1,1,0.25,2,False,True,False,0.0,2.0
TO,G-Root,all_publicly_visible,5014,dns-root_g-root_msm5014_20260701T000000Z_010000Z.json,landing_region_3996aeca3c5e::landing_region_b204db5c9fda,"Perth, WA, Australia -> Adelaide, SA, Australia",2.0,2,2,2,1,1,1,1,0.25,3,False,False,True,2.0,0.0
TO,G-Root,all_publicly_visible,5014,dns-root_g-root_msm5014_20260701T000000Z_010000Z.json,landing_region_58084817cbe7::landing_region_b204db5c9fda,"Paddington, NSW, Australia -> Adelaide, SA, Australia",2.0,2,2,2,1,1,1,1,0.25,4,False,False,False,2.0,0.0
TV,G-Root,all_publicly_visible,5014,dns-root_g-root_msm5014_20260701T000000Z_010000Z.json,landing_region_1cece50a3587::landing_region_58084817cbe7,"Suva, Fiji -> Paddington, NSW, Australia",2.0,2,2,2,1,1,1,1,1.0,1,True,False,False,0.0,2.0
TW,G-Root,all_publicly_visible,5014,dns-root_g-root_msm5014_20260701T000000Z_010000Z.json,landing_region_3362110f86da::landing_region_7a95dbddaa36,"Pa Li, Taiwan -> Yuanli, Taiwan",52.0,52,52,45,24,4,63,22,0.3291139240506329,1,True,False,False,52.0,0.0
TW,G-Root,all_publicly_visible,5014,dns-root_g-root_msm5014_20260701T000000Z_010000Z.json,landing_region_319252418c1f::landing_region_3362110f86da,"Deep Water Bay, China -> Pa Li, Taiwan",41.0,80,80,80,48,17,63,22,0.25949367088607594,2,False,True,False,0.0,41.0
TW,G-Root,all_publicly_visible,5014,dns-root_g-root_msm5014_20260701T000000Z_010000Z.json,landing_region_319252418c1f::landing_region_8eebb9f0ec75,"Deep Water Bay, China -> Toucheng, Taiwan",39.0,78,78,78,47,17,63,22,0.2468354430379747,3,False,False,True,0.0,39.0
TW,G-Root,all_publicly_visible,5014,dns-root_g-root_msm5014_20260701T000000Z_010000Z.json,landing_region_149ad599e1a3::landing_region_d0ecf913edd7,"Tanjung Bemban, Indonesia -> Katong, Singapore",11.0,11,11,11,6,4,63,22,0.06962025316455696,4,False,False,False,11.0,0.0
TW,G-Root,all_publicly_visible,5014,dns-root_g-root_msm5014_20260701T000000Z_010000Z.json,landing_region_3362110f86da::landing_region_ddcc0ff066ef,"Pa Li, Taiwan -> Budai, Taiwan",5.0,5,5,5,3,3,63,22,0.03164556962025317,5,False,False,False,5.0,0.0
TW,G-Root,all_publicly_visible,5014,dns-root_g-root_msm5014_20260701T000000Z_010000Z.json,landing_region_7a95dbddaa36::landing_region_ddcc0ff066ef,"Yuanli, Taiwan -> Budai, Taiwan",4.0,4,4,2,1,1,63,22,0.02531645569620253,6,False,False,False,4.0,0.0
TW,G-Root,all_publicly_visible,5014,dns-root_g-root_msm5014_20260701T000000Z_010000Z.json,landing_region_149ad599e1a3::landing_region_8eebb9f0ec75,"Tanjung Bemban, Indonesia -> Toucheng, Taiwan",2.0,6,6,6,3,2,63,22,0.012658227848101266,7,False,False,False,0.0,2.0
TW,G-Root,all_publicly_visible,5014,dns-root_g-root_msm5014_20260701T000000Z_010000Z.json,landing_region_3362110f86da::landing_region_d0ecf913edd7,"Pa Li, Taiwan -> Katong, Singapore",2.0,6,6,6,3,2,63,22,0.012658227848101266,8,False,False,False,0.0,2.0
TW,G-Root,all_publicly_visible,5014,dns-root_g-root_msm5014_20260701T000000Z_010000Z.json,landing_region_8eebb9f0ec75::landing_region_d0ecf913edd7,"Toucheng, Taiwan -> Katong, Singapore",2.0,6,6,6,3,2,63,22,0.012658227848101266,9,False,False,False,0.0,2.0
TZ,G-Root,all_publicly_visible,5014,dns-root_g-root_msm5014_20260701T000000Z_010000Z.json,landing_region_173727a59ebb::landing_region_5524694c9ae5,"Djibouti City, Djibouti -> Dar Es Salaam, Tanzania",2.0,2,2,2,1,1,1,1,1.0,1,True,False,False,0.0,2.0
US,G-Root,all_publicly_visible,5014,dns-root_g-root_msm5014_20260701T000000Z_010000Z.json,landing_region_35391ab448ed::landing_region_a4e660c6c620,"Brookhaven, NY, United States -> Island Park, NY, United States",105.0,105,105,35,19,3,84,32,0.3874538745387454,1,True,False,False,105.0,0.0
US,G-Root,all_publicly_visible,5014,dns-root_g-root_msm5014_20260701T000000Z_010000Z.json,landing_region_34040dee7bd1::landing_region_df61fea74887,"Hillsboro, OR, United States -> El Segundo, CA, United States",61.0,61,61,61,33,9,84,32,0.22509225092250923,2,False,True,False,61.0,0.0
US,G-Root,all_publicly_visible,5014,dns-root_g-root_msm5014_20260701T000000Z_010000Z.json,landing_region_5f578929a68a::landing_region_fee5a5fdbba8,"Harbour Pointe, WA, United States -> Cama Beach, WA, United States",27.666666666666668,29,29,16,10,5,84,32,0.10209102091020911,3,False,False,True,27.666666666666668,0.0
US,G-Root,all_publicly_visible,5014,dns-root_g-root_msm5014_20260701T000000Z_010000Z.json,landing_region_91000f65ec77::landing_region_c227a3796213,"Kapolei, HI, United States -> Keawaula, HI, United States",25.0,25,25,11,7,4,84,32,0.09225092250922509,4,False,False,False,25.0,0.0
US,G-Root,all_publicly_visible,5014,dns-root_g-root_msm5014_20260701T000000Z_010000Z.json,landing_region_149ad599e1a3::landing_region_d0ecf913edd7,"Tanjung Bemban, Indonesia -> Katong, Singapore",12.0,12,12,4,2,2,84,32,0.04428044280442804,5,False,False,False,12.0,0.0
US,G-Root,all_publicly_visible,5014,dns-root_g-root_msm5014_20260701T000000Z_010000Z.json,landing_region_5f578929a68a::landing_region_94c53aa4a6d7,"Harbour Pointe, WA, United States -> Vancouver, BC, Canada",9.666666666666666,12,12,10,5,4,84,32,0.03567035670356703,6,False,False,False,7.666666666666667,2.0
US,G-Root,all_publicly_visible,5014,dns-root_g-root_msm5014_20260701T000000Z_010000Z.json,landing_region_0c894d5ef6d3::landing_region_af7df63397a0,"Dania Beach, FL, United States -> Jacksonville, FL, United States",8.0,8,8,8,4,4,84,32,0.02952029520295203,7,False,False,False,8.0,0.0
US,G-Root,all_publicly_visible,5014,dns-root_g-root_msm5014_20260701T000000Z_010000Z.json,landing_region_19da5dac2df8::landing_region_94c53aa4a6d7,"Eastbourne, BC, Canada -> Vancouver, BC, Canada",4.0,4,4,2,1,1,84,32,0.014760147601476014,8,False,False,False,4.0,0.0
US,G-Root,all_publicly_visible,5014,dns-root_g-root_msm5014_20260701T000000Z_010000Z.json,landing_region_0c894d5ef6d3::landing_region_822747b0ce7e,"Dania Beach, FL, United States -> Miramar, PR, United States",2.0,2,2,2,1,1,84,32,0.007380073800738007,9,False,False,False,0.0,2.0
US,G-Root,all_publicly_visible,5014,dns-root_g-root_msm5014_20260701T000000Z_010000Z.json,landing_region_1392e3aea9b8::landing_region_8dc97f28b4d0,"Fujairah, United Arab Emirates -> Sharjah, United Arab Emirates",2.0,2,2,1,1,1,84,32,0.007380073800738007,10,False,False,False,2.0,0.0
US,G-Root,all_publicly_visible,5014,dns-root_g-root_msm5014_20260701T000000Z_010000Z.json,landing_region_2f1f6d8f7ce5::landing_region_d514e04d4eb8,"Oslo, Norway -> Drøbak, Norway",2.0,2,2,2,1,1,84,32,0.007380073800738007,11,False,False,False,2.0,0.0
US,G-Root,all_publicly_visible,5014,dns-root_g-root_msm5014_20260701T000000Z_010000Z.json,landing_region_319252418c1f::landing_region_6d0b3b188139,"Deep Water Bay, China -> Zhuhai, China",2.0,2,2,2,1,1,84,32,0.007380073800738007,12,False,False,False,2.0,0.0
US,G-Root,all_publicly_visible,5014,dns-root_g-root_msm5014_20260701T000000Z_010000Z.json,landing_region_35391ab448ed::landing_region_59a210e88c9e,"Brookhaven, NY, United States -> New Haven, CT, United States",2.0,2,2,2,1,1,84,32,0.007380073800738007,13,False,False,False,2.0,0.0
US,G-Root,all_publicly_visible,5014,dns-root_g-root_msm5014_20260701T000000Z_010000Z.json,landing_region_bc6c664daa8f::landing_region_df61fea74887,"Alupang, Guam -> El Segundo, CA, United States",2.0,2,2,2,1,1,84,32,0.007380073800738007,14,False,False,False,0.0,2.0
US,G-Root,all_publicly_visible,5014,dns-root_g-root_msm5014_20260701T000000Z_010000Z.json,landing_region_1a3ed4fe187f::landing_region_91000f65ec77,"Kawaihae, HI, United States -> Kapolei, HI, United States",1.5,3,3,3,2,2,84,32,0.005535055350553505,15,False,False,False,1.5,0.0
US,G-Root,all_publicly_visible,5014,dns-root_g-root_msm5014_20260701T000000Z_010000Z.json,landing_region_1a3ed4fe187f::landing_region_c227a3796213,"Kawaihae, HI, United States -> Keawaula, HI, United States",1.5,3,3,3,2,2,84,32,0.005535055350553505,16,False,False,False,1.5,0.0
US,G-Root,all_publicly_visible,5014,dns-root_g-root_msm5014_20260701T000000Z_010000Z.json,landing_region_88d0c44dceee::landing_region_91000f65ec77,"Wailuku, HI, United States -> Kapolei, HI, United States",1.0,2,2,2,1,1,84,32,0.0036900369003690036,17,False,False,False,1.0,0.0
US,G-Root,all_publicly_visible,5014,dns-root_g-root_msm5014_20260701T000000Z_010000Z.json,landing_region_88d0c44dceee::landing_region_c227a3796213,"Wailuku, HI, United States -> Keawaula, HI, United States",1.0,2,2,2,1,1,84,32,0.0036900369003690036,18,False,False,False,1.0,0.0
US,G-Root,all_publicly_visible,5014,dns-root_g-root_msm5014_20260701T000000Z_010000Z.json,landing_region_94c53aa4a6d7::landing_region_fee5a5fdbba8,"Vancouver, BC, Canada -> Cama Beach, WA, United States",1.0,2,2,2,1,1,84,32,0.0036900369003690036,19,False,False,False,1.0,0.0
US,G-Root,all_publicly_visible,5014,dns-root_g-root_msm5014_20260701T000000Z_010000Z.json,landing_region_5f578929a68a::landing_region_f41a83b9b5b3,"Harbour Pointe, WA, United States -> Cordova Bay, BC, Canada",0.6666666666666666,2,2,2,1,1,84,32,0.0024600246002460025,20,False,False,False,0.6666666666666666,0.0
UZ,G-Root,all_publicly_visible,5014,dns-root_g-root_msm5014_20260701T000000Z_010000Z.json,landing_region_319252418c1f::landing_region_6d0b3b188139,"Deep Water Bay, China -> Zhuhai, China",11.0,11,11,11,8,7,8,7,1.0,1,True,False,False,11.0,0.0
VE,G-Root,all_publicly_visible,5014,dns-root_g-root_msm5014_20260701T000000Z_010000Z.json,landing_region_0c894d5ef6d3::landing_region_af7df63397a0,"Dania Beach, FL, United States -> Jacksonville, FL, United States",3.0,3,3,3,2,2,2,2,0.75,1,True,False,False,3.0,0.0
VE,G-Root,all_publicly_visible,5014,dns-root_g-root_msm5014_20260701T000000Z_010000Z.json,landing_region_0c894d5ef6d3::landing_region_83c1ffe3b901,"Dania Beach, FL, United States -> Mahuma, Curaçao",1.0,1,1,1,1,1,2,2,0.25,2,False,True,False,0.0,1.0
VI,G-Root,all_publicly_visible,5014,dns-root_g-root_msm5014_20260701T000000Z_010000Z.json,landing_region_0c894d5ef6d3::landing_region_fd5565d28cce,"Dania Beach, FL, United States -> St. Croix, Virgin Islands, Virgin Islands (U.S.)",3.0,3,3,3,2,1,2,1,1.0,1,True,False,False,0.0,3.0
VN,G-Root,all_publicly_visible,5014,dns-root_g-root_msm5014_20260701T000000Z_010000Z.json,landing_region_149ad599e1a3::landing_region_d0ecf913edd7,"Tanjung Bemban, Indonesia -> Katong, Singapore",39.0,39,39,25,14,11,14,11,0.8478260869565217,1,True,False,False,39.0,0.0
VN,G-Root,all_publicly_visible,5014,dns-root_g-root_msm5014_20260701T000000Z_010000Z.json,landing_region_319252418c1f::landing_region_6d0b3b188139,"Deep Water Bay, China -> Zhuhai, China",6.0,6,6,6,3,3,14,11,0.13043478260869565,2,False,True,False,6.0,0.0
VN,G-Root,all_publicly_visible,5014,dns-root_g-root_msm5014_20260701T000000Z_010000Z.json,landing_region_319252418c1f::landing_region_d0ecf913edd7,"Deep Water Bay, China -> Katong, Singapore",1.0,1,1,1,1,1,14,11,0.021739130434782608,3,False,False,True,0.0,1.0
VU,G-Root,all_publicly_visible,5014,dns-root_g-root_msm5014_20260701T000000Z_010000Z.json,landing_region_1cece50a3587::landing_region_58084817cbe7,"Suva, Fiji -> Paddington, NSW, Australia",2.0,2,2,2,1,1,1,1,1.0,1,True,False,False,0.0,2.0
ZA,G-Root,all_publicly_visible,5014,dns-root_g-root_msm5014_20260701T000000Z_010000Z.json,landing_region_0c894d5ef6d3::landing_region_a33078e57a08,"Dania Beach, FL, United States -> Fortaleza, Brazil",36.0,36,36,36,18,6,34,14,0.4186046511627907,1,True,False,False,0.0,36.0
ZA,G-Root,all_publicly_visible,5014,dns-root_g-root_msm5014_20260701T000000Z_010000Z.json,landing_region_3ee19f69866b::landing_region_44e270aeb18c,"Luanda, Angola -> Melkbosstrand, South Africa",26.0,26,26,26,13,3,34,14,0.3023255813953488,2,False,True,False,0.0,26.0
ZA,G-Root,all_publicly_visible,5014,dns-root_g-root_msm5014_20260701T000000Z_010000Z.json,landing_region_08ea81d123b5::landing_region_44e270aeb18c,"Marseille, France -> Melkbosstrand, South Africa",18.0,18,18,18,13,7,34,14,0.20930232558139536,3,False,False,True,0.0,18.0
ZA,G-Root,all_publicly_visible,5014,dns-root_g-root_msm5014_20260701T000000Z_010000Z.json,landing_region_44e270aeb18c::landing_region_c88b92706e9c,"Melkbosstrand, South Africa -> Seixal, Portugal",6.0,6,6,6,3,1,34,14,0.06976744186046512,4,False,False,False,0.0,6.0
