probe_country,service_id,path_scope_stratum,total_atomic_segments,uniquely_resolved_segments,bounded_candidate_set_segments,no_matched_corridor_segments,insufficiently_resolved_segments,rtt_conclusive_segments,rtt_inconclusive_segments,uniquely_resolved_share,bounded_candidate_set_share,no_matched_corridor_share,insufficiently_resolved_share
?,G-Root,all_publicly_visible,14,0,0,8,6,9,5,0.0,0.0,0.5714285714285714,0.42857142857142855
AD,G-Root,all_publicly_visible,40,0,0,32,8,36,4,0.0,0.0,0.8,0.2
AE,G-Root,all_publicly_visible,220,8,6,155,51,185,35,0.03636363636363636,0.02727272727272727,0.7045454545454546,0.2318181818181818
AF,G-Root,all_publicly_visible,106,4,0,50,52,84,22,0.03773584905660377,0.0,0.4716981132075472,0.49056603773584906
AL,G-Root,all_publicly_visible,326,0,0,200,126,257,69,0.0,0.0,0.6134969325153374,0.38650306748466257
AM,G-Root,all_publicly_visible,254,0,0,206,48,206,48,0.0,0.0,0.8110236220472441,0.1889763779527559
AO,G-Root,all_publicly_visible,197,16,0,111,70,157,40,0.08121827411167512,0.0,0.5634517766497462,0.3553299492385787
AR,G-Root,all_publicly_visible,590,0,0,405,185,492,98,0.0,0.0,0.6864406779661016,0.3135593220338983
AT,G-Root,all_publicly_visible,2998,0,0,2497,501,2320,678,0.0,0.0,0.83288859239493,0.16711140760507004
AU,G-Root,all_publicly_visible,4143,138,9,2543,1453,3005,1138,0.0333091962346126,0.002172338884866039,0.6138064204682597,0.35071204441226167
AX,G-Root,all_publicly_visible,27,2,0,21,4,18,9,0.07407407407407407,0.0,0.7777777777777778,0.14814814814814814
AZ,G-Root,all_publicly_visible,140,0,8,78,54,100,40,0.0,0.05714285714285714,0.5571428571428572,0.38571428571428573
BA,G-Root,all_publicly_visible,171,0,0,135,36,148,23,0.0,0.0,0.7894736842105263,0.21052631578947367
BB,G-Root,all_publicly_visible,15,1,0,10,4,12,3,0.06666666666666667,0.0,0.6666666666666666,0.26666666666666666
BD,G-Root,all_publicly_visible,189,0,19,90,80,159,30,0.0,0.10052910052910052,0.47619047619047616,0.42328042328042326
BE,G-Root,all_publicly_visible,1540,0,0,1003,537,1312,228,0.0,0.0,0.6512987012987013,0.3487012987012987
BF,G-Root,all_publicly_visible,58,0,0,34,24,45,13,0.0,0.0,0.5862068965517241,0.41379310344827586
BG,G-Root,all_publicly_visible,758,0,0,593,165,641,117,0.0,0.0,0.7823218997361477,0.21767810026385223
BH,G-Root,all_publicly_visible,87,6,7,24,50,62,25,0.06896551724137931,0.08045977011494253,0.27586206896551724,0.5747126436781609
BI,G-Root,all_publicly_visible,24,0,0,22,2,21,3,0.0,0.0,0.9166666666666666,0.08333333333333333
BJ,G-Root,all_publicly_visible,147,0,3,121,23,114,33,0.0,0.02040816326530612,0.8231292517006803,0.1564625850340136
BL,G-Root,all_publicly_visible,14,0,0,14,0,11,3,0.0,0.0,1.0,0.0
BO,G-Root,all_publicly_visible,284,0,0,193,91,211,73,0.0,0.0,0.6795774647887324,0.3204225352112676
BR,G-Root,all_publicly_visible,1161,4,0,670,487,928,233,0.0034453057708871662,0.0,0.5770887166236004,0.41946597760551246
BT,G-Root,all_publicly_visible,24,0,8,14,2,17,7,0.0,0.3333333333333333,0.5833333333333334,0.08333333333333333
BW,G-Root,all_publicly_visible,11,0,0,8,3,8,3,0.0,0.0,0.7272727272727273,0.2727272727272727
BY,G-Root,all_publicly_visible,404,0,0,332,72,316,88,0.0,0.0,0.8217821782178217,0.1782178217821782
CA,G-Root,all_publicly_visible,3684,369,5,2276,1034,2746,938,0.1001628664495114,0.0013572204125950054,0.6178067318132465,0.28067318132464714
CD,G-Root,all_publicly_visible,59,0,0,45,14,46,13,0.0,0.0,0.7627118644067796,0.23728813559322035
CG,G-Root,all_publicly_visible,39,1,0,20,18,30,9,0.02564102564102564,0.0,0.5128205128205128,0.46153846153846156
CH,G-Root,all_publicly_visible,4791,0,0,4053,738,3764,1027,0.0,0.0,0.8459611772072636,0.15403882279273637
CI,G-Root,all_publicly_visible,36,4,0,14,18,31,5,0.1111111111111111,0.0,0.3888888888888889,0.5
CK,G-Root,all_publicly_visible,14,0,0,12,2,13,1,0.0,0.0,0.8571428571428571,0.14285714285714285
CL,G-Root,all_publicly_visible,977,0,0,444,533,807,170,0.0,0.0,0.45445240532241554,0.5455475946775844
CM,G-Root,all_publicly_visible,37,2,1,28,6,25,12,0.05405405405405406,0.02702702702702703,0.7567567567567568,0.16216216216216217
CN,G-Root,all_publicly_visible,1254,1,12,805,436,946,308,0.0007974481658692185,0.009569377990430622,0.6419457735247209,0.34768740031897927
CN,G-Root,resolved_entry_only,138,0,0,62,76,100,38,0.0,0.0,0.4492753623188406,0.5507246376811594
CO,G-Root,all_publicly_visible,466,17,0,269,180,380,86,0.03648068669527897,0.0,0.5772532188841202,0.38626609442060084
CR,G-Root,all_publicly_visible,167,1,0,64,102,143,24,0.005988023952095809,0.0,0.38323353293413176,0.6107784431137725
CU,G-Root,all_publicly_visible,18,1,0,11,6,14,4,0.05555555555555555,0.0,0.6111111111111112,0.3333333333333333
CV,G-Root,all_publicly_visible,49,6,3,14,26,39,10,0.12244897959183673,0.061224489795918366,0.2857142857142857,0.5306122448979592
CW,G-Root,all_publicly_visible,27,1,0,24,2,22,5,0.037037037037037035,0.0,0.8888888888888888,0.07407407407407407
CY,G-Root,all_publicly_visible,179,18,0,120,41,153,26,0.1005586592178771,0.0,0.6703910614525139,0.22905027932960895
CZ,G-Root,all_publicly_visible,3647,0,0,2560,1087,2711,936,0.0,0.0,0.7019468055936386,0.2980531944063614
DE,G-Root,all_publicly_visible,19076,2,0,14864,4210,14889,4187,0.00010484378276368212,0.0,0.7791989934996855,0.22069616271755085
DJ,G-Root,all_publicly_visible,28,0,0,24,4,26,2,0.0,0.0,0.8571428571428571,0.14285714285714285
DK,G-Root,all_publicly_visible,1264,420,0,506,338,972,292,0.3322784810126582,0.0,0.40031645569620256,0.2674050632911392
DO,G-Root,all_publicly_visible,114,7,0,67,40,87,27,0.06140350877192982,0.0,0.5877192982456141,0.3508771929824561
DZ,G-Root,all_publicly_visible,16,0,0,8,8,14,2,0.0,0.0,0.5,0.5
EC,G-Root,all_publicly_visible,358,5,0,130,223,293,65,0.013966480446927373,0.0,0.36312849162011174,0.6229050279329609
EE,G-Root,all_publicly_visible,411,38,17,302,54,318,93,0.09245742092457421,0.0413625304136253,0.7347931873479319,0.13138686131386862
EG,G-Root,all_publicly_visible,38,0,0,12,26,32,6,0.0,0.0,0.3157894736842105,0.6842105263157895
ES,G-Root,all_publicly_visible,3160,10,0,1908,1242,2611,549,0.0031645569620253164,0.0,0.6037974683544304,0.3930379746835443
ET,G-Root,all_publicly_visible,9,0,0,5,4,6,3,0.0,0.0,0.5555555555555556,0.4444444444444444
FI,G-Root,all_publicly_visible,1998,35,37,1582,344,1610,388,0.017517517517517518,0.018518518518518517,0.7917917917917918,0.17217217217217218
FJ,G-Root,all_publicly_visible,7,0,0,5,2,4,3,0.0,0.0,0.7142857142857143,0.2857142857142857
FM,G-Root,all_publicly_visible,22,0,0,22,0,16,6,0.0,0.0,1.0,0.0
FR,G-Root,all_publicly_visible,12006,0,0,8841,3165,9792,2214,0.0,0.0,0.7363818090954523,0.26361819090454774
GB,G-Root,all_publicly_visible,7006,0,0,5439,1567,5293,1713,0.0,0.0,0.7763345703682558,0.2236654296317442
GB,G-Root,resolved_entry_only,1,0,0,0,1,1,0,0.0,0.0,0.0,1.0
GE,G-Root,all_publicly_visible,234,0,0,190,44,189,45,0.0,0.0,0.811965811965812,0.18803418803418803
GF,G-Root,all_publicly_visible,16,0,0,14,2,12,4,0.0,0.0,0.875,0.125
GG,G-Root,all_publicly_visible,7,2,0,3,2,5,2,0.2857142857142857,0.0,0.42857142857142855,0.2857142857142857
GH,G-Root,all_publicly_visible,49,2,0,39,8,42,7,0.04081632653061224,0.0,0.7959183673469388,0.16326530612244897
GP,G-Root,all_publicly_visible,20,0,4,13,3,16,4,0.0,0.2,0.65,0.15
GQ,G-Root,all_publicly_visible,2,0,0,2,0,2,0,0.0,0.0,1.0,0.0
GR,G-Root,all_publicly_visible,831,2,0,639,190,708,123,0.0024067388688327317,0.0,0.7689530685920578,0.2286401925391095
GT,G-Root,all_publicly_visible,29,0,0,13,16,21,8,0.0,0.0,0.4482758620689655,0.5517241379310345
GU,G-Root,all_publicly_visible,118,17,5,69,27,90,28,0.1440677966101695,0.0423728813559322,0.5847457627118644,0.2288135593220339
HK,G-Root,all_publicly_visible,703,19,19,443,222,552,151,0.02702702702702703,0.02702702702702703,0.6301564722617354,0.3157894736842105
HN,G-Root,all_publicly_visible,135,10,0,54,71,107,28,0.07407407407407407,0.0,0.4,0.5259259259259259
HR,G-Root,all_publicly_visible,498,0,0,314,184,416,82,0.0,0.0,0.6305220883534136,0.36947791164658633
HT,G-Root,all_publicly_visible,6,0,0,3,3,4,2,0.0,0.0,0.5,0.5
HU,G-Root,all_publicly_visible,570,0,0,433,137,466,104,0.0,0.0,0.7596491228070176,0.24035087719298245
ID,G-Root,all_publicly_visible,1454,259,330,545,320,1188,266,0.1781292984869326,0.22696011004126548,0.374828060522696,0.2200825309491059
IE,G-Root,all_publicly_visible,1298,0,0,1021,277,938,360,0.0,0.0,0.7865947611710323,0.21340523882896764
IL,G-Root,all_publicly_visible,352,33,27,165,127,297,55,0.09375,0.07670454545454546,0.46875,0.36079545454545453
IM,G-Root,all_publicly_visible,48,0,0,38,10,35,13,0.0,0.0,0.7916666666666666,0.20833333333333334
IN,G-Root,all_publicly_visible,2063,52,246,1042,723,1632,431,0.025206010664081433,0.11924381968007755,0.5050896752302472,0.3504604944255938
IQ,G-Root,all_publicly_visible,101,0,0,39,62,81,20,0.0,0.0,0.38613861386138615,0.6138613861386139
IR,G-Root,all_publicly_visible,550,0,0,69,481,420,130,0.0,0.0,0.12545454545454546,0.8745454545454545
IS,G-Root,all_publicly_visible,206,8,0,176,22,149,57,0.038834951456310676,0.0,0.8543689320388349,0.10679611650485436
IT,G-Root,all_publicly_visible,4178,2,0,2636,1540,3290,888,0.0004786979415988511,0.0,0.6309238870272857,0.36859741503111537
JM,G-Root,all_publicly_visible,78,9,0,37,32,52,26,0.11538461538461539,0.0,0.47435897435897434,0.41025641025641024
JO,G-Root,all_publicly_visible,40,0,0,16,24,31,9,0.0,0.0,0.4,0.6
JP,G-Root,all_publicly_visible,4304,0,10,3518,776,3005,1299,0.0,0.0023234200743494425,0.8173791821561338,0.18029739776951673
KE,G-Root,all_publicly_visible,255,0,0,217,38,194,61,0.0,0.0,0.8509803921568627,0.14901960784313725
KG,G-Root,all_publicly_visible,315,0,0,255,60,265,50,0.0,0.0,0.8095238095238095,0.19047619047619047
KH,G-Root,all_publicly_visible,106,0,6,50,50,84,22,0.0,0.05660377358490566,0.4716981132075472,0.4716981132075472
KI,G-Root,all_publicly_visible,32,0,0,22,10,19,13,0.0,0.0,0.6875,0.3125
KN,G-Root,all_publicly_visible,13,2,0,7,4,11,2,0.15384615384615385,0.0,0.5384615384615384,0.3076923076923077
KR,G-Root,all_publicly_visible,409,0,0,288,121,314,95,0.0,0.0,0.7041564792176039,0.29584352078239606
KW,G-Root,all_publicly_visible,12,0,0,6,6,8,4,0.0,0.0,0.5,0.5
KY,G-Root,all_publicly_visible,5,1,0,2,2,5,0,0.2,0.0,0.4,0.4
KZ,G-Root,all_publicly_visible,875,0,0,693,182,647,228,0.0,0.0,0.792,0.208
LA,G-Root,all_publicly_visible,58,0,4,54,0,42,16,0.0,0.06896551724137931,0.9310344827586207,0.0
LB,G-Root,all_publicly_visible,45,0,0,17,28,35,10,0.0,0.0,0.37777777777777777,0.6222222222222222
LC,G-Root,all_publicly_visible,45,5,0,24,16,28,17,0.1111111111111111,0.0,0.5333333333333333,0.35555555555555557
LI,G-Root,all_publicly_visible,24,0,0,21,3,22,2,0.0,0.0,0.875,0.125
LK,G-Root,all_publicly_visible,229,43,18,97,71,168,61,0.18777292576419213,0.07860262008733625,0.42358078602620086,0.31004366812227074
LR,G-Root,all_publicly_visible,10,0,0,6,4,9,1,0.0,0.0,0.6,0.4
LS,G-Root,all_publicly_visible,25,0,0,17,8,18,7,0.0,0.0,0.68,0.32
LT,G-Root,all_publicly_visible,437,0,0,337,100,349,88,0.0,0.0,0.7711670480549199,0.2288329519450801
LU,G-Root,all_publicly_visible,486,0,0,366,120,410,76,0.0,0.0,0.7530864197530864,0.24691358024691357
LV,G-Root,all_publicly_visible,364,8,1,251,104,280,84,0.02197802197802198,0.0027472527472527475,0.6895604395604396,0.2857142857142857
MA,G-Root,all_publicly_visible,19,0,0,6,13,16,3,0.0,0.0,0.3157894736842105,0.6842105263157895
MD,G-Root,all_publicly_visible,298,0,0,201,97,254,44,0.0,0.0,0.674496644295302,0.32550335570469796
ME,G-Root,all_publicly_visible,115,0,0,87,28,97,18,0.0,0.0,0.7565217391304347,0.24347826086956523
MG,G-Root,all_publicly_visible,56,0,0,54,2,37,19,0.0,0.0,0.9642857142857143,0.03571428571428571
MH,G-Root,all_publicly_visible,18,0,0,12,6,9,9,0.0,0.0,0.6666666666666666,0.3333333333333333
MK,G-Root,all_publicly_visible,126,0,0,93,33,114,12,0.0,0.0,0.7380952380952381,0.2619047619047619
ML,G-Root,all_publicly_visible,24,8,2,4,10,17,7,0.3333333333333333,0.08333333333333333,0.16666666666666666,0.4166666666666667
MM,G-Root,all_publicly_visible,34,3,8,15,8,24,10,0.08823529411764706,0.23529411764705882,0.4411764705882353,0.23529411764705882
MN,G-Root,all_publicly_visible,142,0,0,121,21,106,36,0.0,0.0,0.852112676056338,0.14788732394366197
MP,G-Root,all_publicly_visible,16,4,0,4,8,12,4,0.25,0.0,0.25,0.5
MT,G-Root,all_publicly_visible,119,4,0,83,32,97,22,0.03361344537815126,0.0,0.6974789915966386,0.2689075630252101
MU,G-Root,all_publicly_visible,111,0,11,86,14,90,21,0.0,0.0990990990990991,0.7747747747747747,0.12612612612612611
MV,G-Root,all_publicly_visible,194,57,45,49,43,134,60,0.29381443298969073,0.23195876288659795,0.25257731958762886,0.22164948453608246
MW,G-Root,all_publicly_visible,20,0,0,18,2,15,5,0.0,0.0,0.9,0.1
MX,G-Root,all_publicly_visible,824,4,6,470,344,650,174,0.0048543689320388345,0.007281553398058253,0.5703883495145631,0.4174757281553398
MY,G-Root,all_publicly_visible,476,2,46,234,194,377,99,0.004201680672268907,0.09663865546218488,0.49159663865546216,0.40756302521008403
MZ,G-Root,all_publicly_visible,45,2,0,31,12,34,11,0.044444444444444446,0.0,0.6888888888888889,0.26666666666666666
NC,G-Root,all_publicly_visible,84,15,0,55,14,71,13,0.17857142857142858,0.0,0.6547619047619048,0.16666666666666666
NG,G-Root,all_publicly_visible,161,3,4,93,61,117,44,0.018633540372670808,0.024844720496894408,0.577639751552795,0.37888198757763975
NI,G-Root,all_publicly_visible,96,0,0,37,59,74,22,0.0,0.0,0.3854166666666667,0.6145833333333334
NL,G-Root,all_publicly_visible,6421,0,0,4583,1838,5164,1257,0.0,0.0,0.7137517520635415,0.2862482479364585
NO,G-Root,all_publicly_visible,1164,284,74,554,252,866,298,0.24398625429553264,0.06357388316151202,0.47594501718213056,0.21649484536082475
NP,G-Root,all_publicly_visible,277,1,13,224,39,228,49,0.0036101083032490976,0.04693140794223827,0.8086642599277978,0.1407942238267148
NU,G-Root,all_publicly_visible,19,2,0,17,0,15,4,0.10526315789473684,0.0,0.8947368421052632,0.0
NZ,G-Root,all_publicly_visible,1990,176,117,1388,309,1539,451,0.08844221105527639,0.05879396984924623,0.6974874371859296,0.15527638190954773
OM,G-Root,all_publicly_visible,26,0,5,16,5,16,10,0.0,0.19230769230769232,0.6153846153846154,0.19230769230769232
PA,G-Root,all_publicly_visible,260,4,0,115,141,206,54,0.015384615384615385,0.0,0.4423076923076923,0.5423076923076923
PE,G-Root,all_publicly_visible,236,2,0,93,141,183,53,0.00847457627118644,0.0,0.3940677966101695,0.597457627118644
PF,G-Root,all_publicly_visible,73,0,0,27,46,58,15,0.0,0.0,0.3698630136986301,0.6301369863013698
PG,G-Root,all_publicly_visible,10,2,0,6,2,7,3,0.2,0.0,0.6,0.2
PH,G-Root,all_publicly_visible,882,36,48,526,272,672,210,0.04081632653061224,0.05442176870748299,0.5963718820861678,0.30839002267573695
PK,G-Root,all_publicly_visible,156,7,0,69,80,119,37,0.04487179487179487,0.0,0.4423076923076923,0.5128205128205128
PL,G-Root,all_publicly_visible,2577,0,0,1890,687,2136,441,0.0,0.0,0.7334109429569267,0.26658905704307334
PL,G-Root,resolved_entry_only,4,0,0,0,4,4,0,0.0,0.0,0.0,1.0
PR,G-Root,all_publicly_visible,34,4,0,24,6,27,7,0.11764705882352941,0.0,0.7058823529411765,0.17647058823529413
PS,G-Root,all_publicly_visible,16,0,0,4,12,11,5,0.0,0.0,0.25,0.75
PT,G-Root,all_publicly_visible,1034,166,0,494,374,885,149,0.16054158607350097,0.0,0.47775628626692457,0.3617021276595745
PW,G-Root,all_publicly_visible,9,0,0,9,0,7,2,0.0,0.0,1.0,0.0
PY,G-Root,all_publicly_visible,164,0,0,104,60,128,36,0.0,0.0,0.6341463414634146,0.36585365853658536
QA,G-Root,all_publicly_visible,12,2,0,10,0,8,4,0.16666666666666666,0.0,0.8333333333333334,0.0
RE,G-Root,all_publicly_visible,859,3,0,621,235,725,134,0.0034924330616996507,0.0,0.7229336437718277,0.27357392316647267
RO,G-Root,all_publicly_visible,918,0,0,453,465,748,170,0.0,0.0,0.4934640522875817,0.5065359477124183
RS,G-Root,all_publicly_visible,652,0,0,493,159,538,114,0.0,0.0,0.7561349693251533,0.24386503067484663
RU,G-Root,all_publicly_visible,5701,5,51,3944,1701,4241,1460,0.0008770391159445711,0.008945798982634626,0.6918084546570777,0.2983687072443431
RU,G-Root,resolved_entry_only,8,0,0,0,8,4,4,0.0,0.0,0.0,1.0
RW,G-Root,all_publicly_visible,24,0,0,22,2,16,8,0.0,0.0,0.9166666666666666,0.08333333333333333
SA,G-Root,all_publicly_visible,283,1,0,118,164,233,50,0.0035335689045936395,0.0,0.4169611307420495,0.5795053003533569
SE,G-Root,all_publicly_visible,3072,270,32,2244,526,2287,785,0.087890625,0.010416666666666666,0.73046875,0.17122395833333334
SG,G-Root,all_publicly_visible,1746,2,698,720,326,1299,447,0.001145475372279496,0.3997709049255441,0.41237113402061853,0.18671248568155785
SI,G-Root,all_publicly_visible,498,0,0,420,78,420,78,0.0,0.0,0.8433734939759037,0.1566265060240964
SK,G-Root,all_publicly_visible,875,0,0,626,249,684,191,0.0,0.0,0.7154285714285714,0.2845714285714286
SL,G-Root,all_publicly_visible,24,2,0,10,12,19,5,0.08333333333333333,0.0,0.4166666666666667,0.5
SM,G-Root,all_publicly_visible,16,0,0,16,0,15,1,0.0,0.0,1.0,0.0
SN,G-Root,all_publicly_visible,30,0,2,16,12,22,8,0.0,0.06666666666666667,0.5333333333333333,0.4
SR,G-Root,all_publicly_visible,9,1,0,6,2,7,2,0.1111111111111111,0.0,0.6666666666666666,0.2222222222222222
SS,G-Root,all_publicly_visible,35,0,0,30,5,26,9,0.0,0.0,0.8571428571428571,0.14285714285714285
SV,G-Root,all_publicly_visible,193,2,0,108,83,146,47,0.010362694300518135,0.0,0.5595854922279793,0.43005181347150256
TD,G-Root,all_publicly_visible,12,2,0,10,0,12,0,0.16666666666666666,0.0,0.8333333333333334,0.0
TG,G-Root,all_publicly_visible,7,0,0,6,1,6,1,0.0,0.0,0.8571428571428571,0.14285714285714285
TH,G-Root,all_publicly_visible,842,0,138,417,287,607,235,0.0,0.16389548693586697,0.49524940617577196,0.34085510688836107
TJ,G-Root,all_publicly_visible,227,11,0,178,38,177,50,0.048458149779735685,0.0,0.7841409691629956,0.16740088105726872
TL,G-Root,all_publicly_visible,95,15,20,54,6,66,29,0.15789473684210525,0.21052631578947367,0.5684210526315789,0.06315789473684211
TN,G-Root,all_publicly_visible,86,0,0,49,37,76,10,0.0,0.0,0.5697674418604651,0.43023255813953487
TO,G-Root,all_publicly_visible,28,8,0,20,0,21,7,0.2857142857142857,0.0,0.7142857142857143,0.0
TR,G-Root,all_publicly_visible,927,0,0,442,485,709,218,0.0,0.0,0.47680690399137,0.52319309600863
TT,G-Root,all_publicly_visible,9,0,0,5,4,7,2,0.0,0.0,0.5555555555555556,0.4444444444444444
TV,G-Root,all_publicly_visible,12,2,0,10,0,9,3,0.16666666666666666,0.0,0.8333333333333334,0.0
TW,G-Root,all_publicly_visible,1238,60,98,763,317,960,278,0.048465266558966075,0.0791599353796446,0.6163166397415186,0.2560581583198708
TZ,G-Root,all_publicly_visible,90,2,0,86,2,65,25,0.022222222222222223,0.0,0.9555555555555556,0.022222222222222223
UA,G-Root,all_publicly_visible,1857,0,0,1275,582,1537,320,0.0,0.0,0.6865912762520194,0.3134087237479806
UG,G-Root,all_publicly_visible,132,0,0,126,6,102,30,0.0,0.0,0.9545454545454546,0.045454545454545456
US,G-Root,all_publicly_visible,20646,639,44,14242,5721,15860,4786,0.03095030514385353,0.002131163421486002,0.6898188511091737,0.27709968032548676
UY,G-Root,all_publicly_visible,299,0,0,271,28,231,68,0.0,0.0,0.9063545150501672,0.09364548494983277
UZ,G-Root,all_publicly_visible,177,11,0,143,23,136,41,0.062146892655367235,0.0,0.807909604519774,0.12994350282485875
VA,G-Root,all_publicly_visible,10,0,0,8,2,7,3,0.0,0.0,0.8,0.2
VE,G-Root,all_publicly_visible,398,18,0,160,220,333,65,0.04522613065326633,0.0,0.4020100502512563,0.5527638190954773
VI,G-Root,all_publicly_visible,37,3,0,23,11,29,8,0.08108108108108109,0.0,0.6216216216216216,0.2972972972972973
VN,G-Root,all_publicly_visible,489,6,40,333,110,353,136,0.012269938650306749,0.081799591002045,0.6809815950920245,0.2249488752556237
VU,G-Root,all_publicly_visible,23,2,0,15,6,20,3,0.08695652173913043,0.0,0.6521739130434783,0.2608695652173913
YE,G-Root,all_publicly_visible,19,0,0,9,10,13,6,0.0,0.0,0.47368421052631576,0.5263157894736842
ZA,G-Root,all_publicly_visible,2133,84,6,1549,494,1639,494,0.03938115330520394,0.0028129395218002813,0.726207219878106,0.23159868729488983
ZM,G-Root,all_publicly_visible,67,2,0,55,10,47,20,0.029850746268656716,0.0,0.8208955223880597,0.14925373134328357
ZW,G-Root,all_publicly_visible,42,0,0,34,8,34,8,0.0,0.0,0.8095238095238095,0.19047619047619047
,G-Root,all_publicly_visible,77,0,0,54,23,51,26,0.0,0.0,0.7012987012987013,0.2987012987012987
