country,corridor_id,corridor_label,observation_mass,raw_segment_count_with_corridor_feasible,unique_atomic_segments,unique_traceroutes,unique_probes,unique_probe_asns,group_unique_probes,group_unique_probe_asns,share_of_country_observation_mass,rank_within_country,is_top1_corridor,is_top2_corridor,is_top3_corridor,domestic_segment_mass,international_segment_mass
AE,landing_region_1392e3aea9b8::landing_region_8dc97f28b4d0,"Fujairah, United Arab Emirates -> Sharjah, United Arab Emirates",62.0,62,62,16,8,4,9,5,0.8611111111111112,1,True,False,False,62.0,0.0
AE,landing_region_1392e3aea9b8::landing_region_d0ecf913edd7,"Fujairah, United Arab Emirates -> Katong, Singapore",4.0,4,4,2,1,1,9,5,0.05555555555555555,2,False,True,False,0.0,4.0
AE,landing_region_1392e3aea9b8::landing_region_1ef38be3b39c,"Fujairah, United Arab Emirates -> Abu Dhabi, United Arab Emirates",2.0,4,4,2,1,0,9,5,0.027777777777777776,3,False,False,True,2.0,0.0
AE,landing_region_6fa1e5de30e2::landing_region_8dc97f28b4d0,"Al Seeb, Oman -> Sharjah, United Arab Emirates",2.0,2,2,1,1,1,9,5,0.027777777777777776,4,False,False,False,0.0,2.0
AE,landing_region_8dc97f28b4d0::landing_region_8eb6b32d9fb6,"Sharjah, United Arab Emirates -> Sir Abu Nu'Ayr Island, United Arab Emirates",2.0,4,4,2,1,0,9,5,0.027777777777777776,5,False,False,False,2.0,0.0
AU,landing_region_58084817cbe7::landing_region_b3ff0e144e34,"Paddington, NSW, Australia -> Maroochydore, QLD, Australia",12.0,12,12,6,4,2,11,7,0.3,1,True,False,False,12.0,0.0
AU,landing_region_58084817cbe7::landing_region_b204db5c9fda,"Paddington, NSW, Australia -> Adelaide, SA, Australia",8.0,8,8,4,2,2,11,7,0.2,2,False,True,False,8.0,0.0
AU,landing_region_58084817cbe7::landing_region_ea9847129f13,"Paddington, NSW, Australia -> Maruyama, Japan",8.0,8,8,4,2,1,11,7,0.2,3,False,False,True,0.0,8.0
AU,landing_region_149acfcae34c::landing_region_58084817cbe7,"Melbourne, VIC, Australia -> Paddington, NSW, Australia",4.0,8,8,4,3,2,11,7,0.1,4,False,False,False,4.0,0.0
AU,landing_region_58084817cbe7::landing_region_cf432e5aaa09,"Paddington, NSW, Australia -> Torquay, VIC, Australia",4.0,8,8,4,3,2,11,7,0.1,5,False,False,False,4.0,0.0
AU,landing_region_b204db5c9fda::landing_region_cf432e5aaa09,"Adelaide, SA, Australia -> Torquay, VIC, Australia",4.0,4,4,2,1,1,11,7,0.1,6,False,False,False,4.0,0.0
AX,landing_region_3eb4f4d89687::landing_region_f4011a851fe0,"Hamnäs, Finland -> Östhammar, Sweden",10.0,12,12,2,1,1,1,1,0.8333333333333334,1,True,False,False,8.0,2.0
AX,landing_region_3eb4f4d89687::landing_region_71db3ba08a92,"Hamnäs, Finland -> Stockholm, Sweden",2.0,4,4,2,1,1,1,1,0.16666666666666666,2,False,True,False,0.0,2.0
BJ,landing_region_8afa8229a8fd::landing_region_c88b92706e9c,"Cotonou, Benin -> Seixal, Portugal",12.0,12,12,6,3,2,5,3,0.6,1,True,False,False,0.0,12.0
BJ,landing_region_30beda532e6f::landing_region_8afa8229a8fd,"Lagos, Nigeria -> Cotonou, Benin",4.0,4,4,2,1,0,5,3,0.2,2,False,True,False,0.0,4.0
BJ,landing_region_8afa8229a8fd::landing_region_ffdf496f7c75,"Cotonou, Benin -> Casablanca, Morocco",4.0,4,4,2,1,1,5,3,0.2,3,False,False,True,0.0,4.0
BR,landing_region_5113b57f1083::landing_region_7f124bf07cd8,"Praia Grande, Brazil -> Rio de Janeiro, Brazil",16.0,16,16,7,5,5,8,8,0.6666666666666666,1,True,False,False,16.0,0.0
BR,landing_region_38c81e7bfa6f::landing_region_5113b57f1083,"Porto Alegre, Brazil -> Praia Grande, Brazil",4.0,4,4,2,2,2,8,8,0.16666666666666666,2,False,True,False,4.0,0.0
BR,landing_region_a33078e57a08::landing_region_e7752fc032df,"Fortaleza, Brazil -> Salvador, Brazil",4.0,4,4,2,1,1,8,8,0.16666666666666666,3,False,False,True,4.0,0.0
CA,landing_region_ad2e1f237edf::landing_region_df3d1db01d0e,"Buffalo, NY, United States -> Toronto, ON, Canada",12.0,12,12,6,3,2,18,6,0.17142857142857143,1,True,False,False,4.0,8.0
CA,landing_region_19da5dac2df8::landing_region_4da2bf713882,"Eastbourne, BC, Canada -> Bowser, BC, Canada",3.735064935064935,44,44,22,11,2,18,6,0.05335807050092765,2,False,True,False,3.735064935064935,0.0
CA,landing_region_19da5dac2df8::landing_region_70abce74b352,"Eastbourne, BC, Canada -> Snaw-naw-as, BC, Canada",3.735064935064935,44,44,22,11,2,18,6,0.05335807050092765,3,False,False,True,3.735064935064935,0.0
CA,landing_region_19da5dac2df8::landing_region_94c53aa4a6d7,"Eastbourne, BC, Canada -> Vancouver, BC, Canada",3.735064935064935,44,44,22,11,2,18,6,0.05335807050092765,4,False,False,False,3.735064935064935,0.0
CA,landing_region_19da5dac2df8::landing_region_ed5425cf5b7d,"Eastbourne, BC, Canada -> Powell River, BC, Canada",3.735064935064935,44,44,22,11,2,18,6,0.05335807050092765,5,False,False,False,3.735064935064935,0.0
CA,landing_region_4da2bf713882::landing_region_70abce74b352,"Bowser, BC, Canada -> Snaw-naw-as, BC, Canada",3.735064935064935,44,44,22,11,2,18,6,0.05335807050092765,6,False,False,False,3.735064935064935,0.0
CA,landing_region_4da2bf713882::landing_region_94c53aa4a6d7,"Bowser, BC, Canada -> Vancouver, BC, Canada",3.735064935064935,44,44,22,11,2,18,6,0.05335807050092765,7,False,False,False,3.735064935064935,0.0
CA,landing_region_70abce74b352::landing_region_94c53aa4a6d7,"Snaw-naw-as, BC, Canada -> Vancouver, BC, Canada",3.735064935064935,44,44,22,11,2,18,6,0.05335807050092765,8,False,False,False,3.735064935064935,0.0
CA,landing_region_70abce74b352::landing_region_ed5425cf5b7d,"Snaw-naw-as, BC, Canada -> Powell River, BC, Canada",3.735064935064935,44,44,22,11,2,18,6,0.05335807050092765,9,False,False,False,3.735064935064935,0.0
CA,landing_region_94c53aa4a6d7::landing_region_ed5425cf5b7d,"Vancouver, BC, Canada -> Powell River, BC, Canada",3.735064935064935,44,44,22,11,2,18,6,0.05335807050092765,10,False,False,False,3.735064935064935,0.0
CA,landing_region_94c53aa4a6d7::landing_region_f41a83b9b5b3,"Vancouver, BC, Canada -> Cordova Bay, BC, Canada",3.735064935064935,44,44,22,11,2,18,6,0.05335807050092765,11,False,False,False,3.735064935064935,0.0
CA,landing_region_5f578929a68a::landing_region_94c53aa4a6d7,"Harbour Pointe, WA, United States -> Vancouver, BC, Canada",3.0,12,12,6,3,2,18,6,0.04285714285714286,12,False,False,False,0.0,3.0
CA,landing_region_5f578929a68a::landing_region_f41a83b9b5b3,"Harbour Pointe, WA, United States -> Cordova Bay, BC, Canada",3.0,12,12,6,3,2,18,6,0.04285714285714286,13,False,False,False,0.0,3.0
CA,landing_region_94c53aa4a6d7::landing_region_fee5a5fdbba8,"Vancouver, BC, Canada -> Cama Beach, WA, United States",3.0,12,12,6,3,2,18,6,0.04285714285714286,14,False,False,False,0.0,3.0
CA,landing_region_f41a83b9b5b3::landing_region_fee5a5fdbba8,"Cordova Bay, BC, Canada -> Cama Beach, WA, United States",3.0,12,12,6,3,2,18,6,0.04285714285714286,15,False,False,False,0.0,3.0
CA,landing_region_4d0aa9fbe6f5::landing_region_7aaa0727bd23,"St. Martins, NB, Canada -> Aylesford, NS, Canada",2.0,2,2,1,1,1,18,6,0.02857142857142857,16,False,False,False,2.0,0.0
CA,landing_region_4da2bf713882::landing_region_ed5425cf5b7d,"Bowser, BC, Canada -> Powell River, BC, Canada",0.935064935064935,16,16,8,4,2,18,6,0.013358070500927643,17,False,False,False,0.935064935064935,0.0
CA,landing_region_10ed1e7f3a53::landing_region_19da5dac2df8,"Comox, BC, Canada -> Eastbourne, BC, Canada",0.5714285714285714,12,12,6,3,1,18,6,0.008163265306122448,18,False,False,False,0.5714285714285714,0.0
CA,landing_region_10ed1e7f3a53::landing_region_4da2bf713882,"Comox, BC, Canada -> Bowser, BC, Canada",0.5714285714285714,12,12,6,3,1,18,6,0.008163265306122448,19,False,False,False,0.5714285714285714,0.0
CA,landing_region_10ed1e7f3a53::landing_region_70abce74b352,"Comox, BC, Canada -> Snaw-naw-as, BC, Canada",0.5714285714285714,12,12,6,3,1,18,6,0.008163265306122448,20,False,False,False,0.5714285714285714,0.0
CA,landing_region_10ed1e7f3a53::landing_region_94c53aa4a6d7,"Comox, BC, Canada -> Vancouver, BC, Canada",0.5714285714285714,12,12,6,3,1,18,6,0.008163265306122448,21,False,False,False,0.5714285714285714,0.0
CA,landing_region_10ed1e7f3a53::landing_region_ed5425cf5b7d,"Comox, BC, Canada -> Powell River, BC, Canada",0.5714285714285714,12,12,6,3,1,18,6,0.008163265306122448,22,False,False,False,0.5714285714285714,0.0
CA,landing_region_19da5dac2df8::landing_region_49c51c03c37a,"Eastbourne, BC, Canada -> Toquaht Bay, BC, Canada",0.5714285714285714,12,12,6,3,1,18,6,0.008163265306122448,23,False,False,False,0.5714285714285714,0.0
CA,landing_region_49c51c03c37a::landing_region_4da2bf713882,"Toquaht Bay, BC, Canada -> Bowser, BC, Canada",0.5714285714285714,12,12,6,3,1,18,6,0.008163265306122448,24,False,False,False,0.5714285714285714,0.0
CA,landing_region_49c51c03c37a::landing_region_70abce74b352,"Toquaht Bay, BC, Canada -> Snaw-naw-as, BC, Canada",0.5714285714285714,12,12,6,3,1,18,6,0.008163265306122448,25,False,False,False,0.5714285714285714,0.0
CA,landing_region_49c51c03c37a::landing_region_94c53aa4a6d7,"Toquaht Bay, BC, Canada -> Vancouver, BC, Canada",0.5714285714285714,12,12,6,3,1,18,6,0.008163265306122448,26,False,False,False,0.5714285714285714,0.0
CA,landing_region_49c51c03c37a::landing_region_ed5425cf5b7d,"Toquaht Bay, BC, Canada -> Powell River, BC, Canada",0.5714285714285714,12,12,6,3,1,18,6,0.008163265306122448,27,False,False,False,0.5714285714285714,0.0
CL,landing_region_382ef3579d8a::landing_region_8c0e5886c6bc,"Cartagena, Chile -> Valparaíso, Chile",74.0,74,74,18,10,6,10,6,1.0,1,True,False,False,74.0,0.0
CN,landing_region_319252418c1f::landing_region_6d0b3b188139,"Deep Water Bay, China -> Zhuhai, China",8.0,8,8,4,4,3,8,5,0.4444444444444444,1,True,False,False,6.0,2.0
CN,landing_region_271ad44782a4::landing_region_319252418c1f,"Chongming, China -> Deep Water Bay, China",5.0,10,10,5,4,2,8,5,0.2777777777777778,2,False,True,False,5.0,0.0
CN,landing_region_319252418c1f::landing_region_6de47797807a,"Deep Water Bay, China -> Lingang, China",5.0,10,10,5,4,2,8,5,0.2777777777777778,3,False,False,True,5.0,0.0
CV,landing_region_0e3c71b8e5bb::landing_region_c78987ebb9a4,"Vila do Maio, Cape Verde -> Sines, Portugal",2.0,4,4,2,1,1,1,1,0.5,1,True,False,False,0.0,2.0
CV,landing_region_0e3c71b8e5bb::landing_region_c88b92706e9c,"Vila do Maio, Cape Verde -> Seixal, Portugal",2.0,4,4,2,1,1,1,1,0.5,2,False,True,False,0.0,2.0
CW,landing_region_0c894d5ef6d3::landing_region_83c1ffe3b901,"Dania Beach, FL, United States -> Mahuma, Curaçao",10.0,10,10,5,3,2,3,2,1.0,1,True,False,False,0.0,10.0
CY,landing_region_3e7b4a85e943::landing_region_a09a1e953122,"Pentaskhinos, Cyprus -> Yeroskipos, Cyprus",8.0,8,8,4,2,1,3,2,0.6666666666666666,1,True,False,False,8.0,0.0
CY,landing_region_08ea81d123b5::landing_region_3e7b4a85e943,"Marseille, France -> Pentaskhinos, Cyprus",2.0,4,4,2,1,1,3,2,0.16666666666666666,2,False,True,False,0.0,2.0
CY,landing_region_08ea81d123b5::landing_region_a09a1e953122,"Marseille, France -> Yeroskipos, Cyprus",2.0,4,4,2,1,1,3,2,0.16666666666666666,3,False,False,True,0.0,2.0
DE,landing_region_363f6a205e8d::landing_region_8c8eca82b223,"Rodbyhavn, Denmark -> Markgrafenheide, Germany",8.0,8,8,2,1,1,1,1,1.0,1,True,False,False,8.0,0.0
DJ,landing_region_173727a59ebb::landing_region_57424b247075,"Djibouti City, Djibouti -> Nyali, Kenya",4.0,4,4,2,1,1,1,1,1.0,1,True,False,False,0.0,4.0
DK,landing_region_1c12bbea2f36::landing_region_363f6a205e8d,"Borbby Strandbad, Sweden -> Rodbyhavn, Denmark",72.0,72,72,34,17,5,25,8,0.6923076923076923,1,True,False,False,72.0,0.0
DK,landing_region_1ce0b85cd8b9::landing_region_e1a72a298b9d,"Uto, Sweden -> Dragor, Denmark",20.0,20,20,10,5,1,25,8,0.19230769230769232,2,False,True,False,0.0,20.0
DK,landing_region_1c12bbea2f36::landing_region_e1a72a298b9d,"Borbby Strandbad, Sweden -> Dragor, Denmark",12.0,12,12,6,3,2,25,8,0.11538461538461539,3,False,False,True,0.0,12.0
DO,landing_region_0c894d5ef6d3::landing_region_bf457e1b83fe,"Dania Beach, FL, United States -> Haina, Dominican Republic",4.0,4,4,2,1,1,1,1,1.0,1,True,False,False,0.0,4.0
EE,landing_region_5631d1801aee::landing_region_65aa8d7cf62e,"Tallinn, Estonia -> Espoo, Finland",14.0,14,14,7,5,1,8,3,0.5384615384615384,1,True,False,False,14.0,0.0
EE,landing_region_5631d1801aee::landing_region_71db3ba08a92,"Tallinn, Estonia -> Stockholm, Sweden",6.0,12,12,6,3,2,8,3,0.23076923076923078,2,False,True,False,0.0,6.0
EE,landing_region_65aa8d7cf62e::landing_region_71db3ba08a92,"Espoo, Finland -> Stockholm, Sweden",6.0,12,12,6,3,2,8,3,0.23076923076923078,3,False,False,True,0.0,6.0
ES,landing_region_c88b92706e9c::landing_region_fe9debdbb175,"Seixal, Portugal -> Chipiona, Spain",20.0,20,20,10,5,2,6,3,0.9090909090909091,1,True,False,False,0.0,20.0
ES,landing_region_1159954a018c::landing_region_1a00bf1d418e,"Brean, United Kingdom -> Bilbao, Spain",2.0,2,2,1,1,1,6,3,0.09090909090909091,2,False,True,False,0.0,2.0
FI,landing_region_5631d1801aee::landing_region_65aa8d7cf62e,"Tallinn, Estonia -> Espoo, Finland",238.5,402,402,114,58,16,63,17,0.5572429906542056,1,True,False,False,238.5,0.0
FI,landing_region_65aa8d7cf62e::landing_region_6a085d7da78f,"Espoo, Finland -> Kotka, Finland",152.0,296,296,78,39,6,63,17,0.35514018691588783,2,False,True,False,152.0,0.0
FI,landing_region_5ff6ee2e39f7::landing_region_65aa8d7cf62e,"Haradsholm, Finland -> Espoo, Finland",16.5,44,44,15,8,2,63,17,0.038551401869158876,3,False,False,True,16.5,0.0
FI,landing_region_1497f5544d8d::landing_region_65aa8d7cf62e,"Hanko, Finland -> Espoo, Finland",15.833333333333332,42,42,15,8,2,63,17,0.03699376947040498,4,False,False,False,15.833333333333332,0.0
FI,landing_region_1497f5544d8d::landing_region_5ff6ee2e39f7,"Hanko, Finland -> Haradsholm, Finland",3.1666666666666665,12,12,3,2,1,63,17,0.007398753894080997,5,False,False,False,3.1666666666666665,0.0
FI,landing_region_5631d1801aee::landing_region_71db3ba08a92,"Tallinn, Estonia -> Stockholm, Sweden",1.0,2,2,1,1,0,63,17,0.002336448598130841,6,False,False,False,0.0,1.0
FI,landing_region_65aa8d7cf62e::landing_region_71db3ba08a92,"Espoo, Finland -> Stockholm, Sweden",1.0,2,2,1,1,0,63,17,0.002336448598130841,7,False,False,False,0.0,1.0
FJ,landing_region_1cece50a3587::landing_region_64abd2b76b5b,"Suva, Fiji -> Takapuna, New Zealand",4.0,4,4,2,1,1,1,1,1.0,1,True,False,False,0.0,4.0
FR,landing_region_64561d142765::landing_region_ef749c24fbd2,"Bredene, Belgium -> Broadstairs, United Kingdom",6.0,6,6,3,2,1,2,1,1.0,1,True,False,False,6.0,0.0
GB,landing_region_120836cdab0e::landing_region_a3a3679614fb,"Callantsoog, Netherlands -> Winterton-on-Sea, United Kingdom",2.0,4,4,2,1,1,2,2,0.25,1,True,False,False,0.0,2.0
GB,landing_region_3e66a317c0e3::landing_region_a371d3258cbb,"Port Grenaugh, Isle of Man -> Clonshaugh, Ireland",2.0,4,4,2,1,1,2,2,0.25,2,False,True,False,0.0,2.0
GB,landing_region_80827e75a07c::landing_region_a371d3258cbb,"Coleraine, United Kingdom -> Clonshaugh, Ireland",2.0,4,4,2,1,1,2,2,0.25,3,False,False,True,0.0,2.0
GB,landing_region_c0cd1a04639b::landing_region_c2e186b4690c,"Sizewell, United Kingdom -> Zandvoort, Netherlands",2.0,4,4,2,1,1,2,2,0.25,4,False,False,False,0.0,2.0
GH,landing_region_2e263771884f::landing_region_30beda532e6f,"Accra, Ghana -> Lagos, Nigeria",12.0,12,12,6,3,3,3,3,1.0,1,True,False,False,0.0,12.0
GP,landing_region_24728f09c1b8::landing_region_89faef27b517,"Beausejour, Guadeloupe -> Capesterre-Belle-Eau, Guadeloupe",2.0,4,4,2,1,1,1,1,0.5,1,True,False,False,2.0,0.0
GP,landing_region_881c7f4b78b6::landing_region_89faef27b517,"Morris Bay, Antigua and Barbuda -> Capesterre-Belle-Eau, Guadeloupe",2.0,4,4,2,1,1,1,1,0.5,2,False,True,False,2.0,0.0
GQ,landing_region_26cbd7e9a6d0::landing_region_e871d8d12bd1,"Bata, Equatorial Guinea -> Malabo, Equatorial Guinea",2.0,2,2,1,1,1,1,1,0.5,1,True,False,False,2.0,0.0
GQ,landing_region_30beda532e6f::landing_region_3ac9da776834,"Lagos, Nigeria -> Limbe, Cameroon",2.0,2,2,1,1,1,1,1,0.5,2,False,True,False,0.0,2.0
GT,landing_region_0c894d5ef6d3::landing_region_ac0b942bb0ee,"Dania Beach, FL, United States -> Puerto San Jose, Guatemala",12.0,12,12,6,3,3,3,3,1.0,1,True,False,False,0.0,12.0
GU,landing_region_a13562362d3c::landing_region_bc6c664daa8f,"Rota, Northern Mariana Islands -> Alupang, Guam",48.0,48,48,13,7,3,11,5,0.5333333333333333,1,True,False,False,48.0,0.0
GU,landing_region_bc6c664daa8f::landing_region_ea9847129f13,"Alupang, Guam -> Maruyama, Japan",38.0,38,38,19,10,4,11,5,0.4222222222222222,2,False,True,False,0.0,38.0
GU,landing_region_58084817cbe7::landing_region_bc6c664daa8f,"Paddington, NSW, Australia -> Alupang, Guam",4.0,4,4,2,1,1,11,5,0.044444444444444446,3,False,False,True,0.0,4.0
HK,landing_region_319252418c1f::landing_region_6d0b3b188139,"Deep Water Bay, China -> Zhuhai, China",20.0,20,20,10,5,4,9,6,0.5555555555555556,1,True,False,False,20.0,0.0
HK,landing_region_319252418c1f::landing_region_d0ecf913edd7,"Deep Water Bay, China -> Katong, Singapore",8.0,8,8,4,2,2,9,6,0.2222222222222222,2,False,True,False,0.0,8.0
HK,landing_region_319252418c1f::landing_region_b8a30afb11ed,"Deep Water Bay, China -> Sriracha, Thailand",4.0,4,4,2,1,0,9,6,0.1111111111111111,3,False,False,True,0.0,4.0
HK,landing_region_319252418c1f::landing_region_3362110f86da,"Deep Water Bay, China -> Pa Li, Taiwan",2.0,4,4,1,1,0,9,6,0.05555555555555555,4,False,False,False,0.0,2.0
HK,landing_region_319252418c1f::landing_region_8eebb9f0ec75,"Deep Water Bay, China -> Toucheng, Taiwan",2.0,4,4,1,1,0,9,6,0.05555555555555555,5,False,False,False,0.0,2.0
ID,landing_region_58934ccdf4e7::landing_region_ce5716d12955,"Kendal, Indonesia -> Ancol, Indonesia",28.0,28,28,14,7,6,18,14,0.3888888888888889,1,True,False,False,28.0,0.0
ID,landing_region_150b225bb130::landing_region_ce5716d12955,"Cirebon, Indonesia -> Ancol, Indonesia",8.0,8,8,4,2,2,18,14,0.1111111111111111,2,False,True,False,8.0,0.0
ID,landing_region_16506ee61a44::landing_region_d0ecf913edd7,"Medan, Indonesia -> Katong, Singapore",8.0,8,8,4,2,0,18,14,0.1111111111111111,3,False,False,True,0.0,8.0
ID,landing_region_26e606e1a782::landing_region_ce5716d12955,"Gresik, Indonesia -> Ancol, Indonesia",8.0,16,16,8,4,3,18,14,0.1111111111111111,4,False,False,False,8.0,0.0
ID,landing_region_282fd8dbb423::landing_region_ce5716d12955,"Madura, Indonesia -> Ancol, Indonesia",8.0,16,16,8,4,3,18,14,0.1111111111111111,5,False,False,False,8.0,0.0
ID,landing_region_12a650616015::landing_region_95097cb3ef8d,"Beculuk, Indonesia -> Candikusuma, Indonesia",4.0,6,6,3,2,2,18,14,0.05555555555555555,6,False,False,False,4.0,0.0
ID,landing_region_8b50d5cb7b72::landing_region_9e102cfed296,"Senggigi, Indonesia -> Padang Galak, Indonesia",2.0,4,4,2,1,1,18,14,0.027777777777777776,7,False,False,False,2.0,0.0
ID,landing_region_149ad599e1a3::landing_region_b0fe5c69b187,"Tanjung Bemban, Indonesia -> Rengit, Malaysia",1.3333333333333333,4,4,2,1,1,18,14,0.018518518518518517,8,False,False,False,0.0,1.3333333333333333
ID,landing_region_149ad599e1a3::landing_region_d0ecf913edd7,"Tanjung Bemban, Indonesia -> Katong, Singapore",1.3333333333333333,4,4,2,1,1,18,14,0.018518518518518517,9,False,False,False,0.0,1.3333333333333333
ID,landing_region_149ad599e1a3::landing_region_e9a4eab3ab1c,"Tanjung Bemban, Indonesia -> Karimun, Indonesia",1.3333333333333333,4,4,2,1,1,18,14,0.018518518518518517,10,False,False,False,0.0,1.3333333333333333
ID,landing_region_149ad599e1a3::landing_region_ce5716d12955,"Tanjung Bemban, Indonesia -> Ancol, Indonesia",1.0,2,2,1,1,1,18,14,0.013888888888888888,11,False,False,False,0.0,1.0
ID,landing_region_ce5716d12955::landing_region_d0ecf913edd7,"Ancol, Indonesia -> Katong, Singapore",1.0,2,2,1,1,1,18,14,0.013888888888888888,12,False,False,False,0.0,1.0
IE,landing_region_3e66a317c0e3::landing_region_a371d3258cbb,"Port Grenaugh, Isle of Man -> Clonshaugh, Ireland",2.0,4,4,2,1,1,1,1,0.5,1,True,False,False,0.0,2.0
IE,landing_region_80827e75a07c::landing_region_a371d3258cbb,"Coleraine, United Kingdom -> Clonshaugh, Ireland",2.0,4,4,2,1,1,1,1,0.5,2,False,True,False,0.0,2.0
IL,landing_region_7559ef31b258::landing_region_c6ca70161fbc,"Netanya, Israel -> Rishon Le’Zion, Israel",38.0,114,114,32,17,9,17,9,0.3333333333333333,1,True,False,False,38.0,0.0
IL,landing_region_7559ef31b258::landing_region_d42b6ba4dd12,"Netanya, Israel -> Haifa, Israel",38.0,114,114,32,17,9,17,9,0.3333333333333333,2,False,True,False,38.0,0.0
IL,landing_region_c6ca70161fbc::landing_region_d42b6ba4dd12,"Rishon Le’Zion, Israel -> Haifa, Israel",38.0,114,114,32,17,9,17,9,0.3333333333333333,3,False,False,True,38.0,0.0
IM,landing_region_08337e5ad0be::landing_region_3e66a317c0e3,"Silecroft Beach, United Kingdom -> Port Grenaugh, Isle of Man",4.0,4,4,2,1,1,1,1,1.0,1,True,False,False,0.0,4.0
IN,landing_region_0074f164da96::landing_region_32509493c7f4,"Mumbai, India -> Chennai, India",8.0,8,8,4,3,3,3,3,1.0,1,True,False,False,8.0,0.0
IT,landing_region_2e571d30f06e::landing_region_83784f5eb7a1,"Cagliari, Italy -> Civitavecchia, Italy",4.0,4,4,2,1,1,3,3,0.4,1,True,False,False,4.0,0.0
IT,landing_region_08ea81d123b5::landing_region_a98ab4a2cae2,"Marseille, France -> Genoa, Italy",2.0,2,2,1,1,1,3,3,0.2,2,False,True,False,0.0,2.0
IT,landing_region_1d5c9bdda1cc::landing_region_21eee101671e,"Rome, Italy -> Marsala, Italy",1.3333333333333333,4,4,2,1,1,3,3,0.13333333333333333,3,False,False,True,1.3333333333333333,0.0
IT,landing_region_1d5c9bdda1cc::landing_region_ea98b74befe5,"Rome, Italy -> Isola delle Femmine, Italy",1.3333333333333333,4,4,2,1,1,3,3,0.13333333333333333,4,False,False,False,1.3333333333333333,0.0
IT,landing_region_21eee101671e::landing_region_83784f5eb7a1,"Marsala, Italy -> Civitavecchia, Italy",1.3333333333333333,4,4,2,1,1,3,3,0.13333333333333333,5,False,False,False,1.3333333333333333,0.0
JM,landing_region_0c894d5ef6d3::landing_region_4b188f8b0733,"Dania Beach, FL, United States -> Morant Point, Jamaica",2.0,4,4,2,1,0,1,0,0.5,1,True,False,False,0.0,2.0
JM,landing_region_0c894d5ef6d3::landing_region_b2eb6ff00cc4,"Dania Beach, FL, United States -> Bull Bay, Jamaica",2.0,4,4,2,1,0,1,0,0.5,2,False,True,False,0.0,2.0
JP,landing_region_cfeb44e542fb::landing_region_d84551d28c05,"Ajigaura, Japan -> Ninomiya, Japan",130.66666666666666,382,382,122,67,31,77,36,0.3156199677938808,1,True,False,False,130.66666666666666,0.0
JP,landing_region_cfeb44e542fb::landing_region_ea9847129f13,"Ajigaura, Japan -> Maruyama, Japan",126.66666666666666,378,378,122,67,31,77,36,0.30595813204508854,2,False,True,False,126.66666666666666,0.0
JP,landing_region_d84551d28c05::landing_region_ea9847129f13,"Ninomiya, Japan -> Maruyama, Japan",120.66666666666666,362,362,116,64,29,77,36,0.2914653784219001,3,False,False,True,120.66666666666666,0.0
JP,landing_region_a995dae8d34a::landing_region_ea9847129f13,"Toyohashi, Japan -> Maruyama, Japan",8.0,20,20,10,6,3,77,36,0.01932367149758454,4,False,False,False,8.0,0.0
JP,landing_region_cfeb44e542fb::landing_region_d77c3f65b5a6,"Ajigaura, Japan -> Shima, Japan",4.0,16,16,8,5,2,77,36,0.00966183574879227,5,False,False,False,4.0,0.0
JP,landing_region_d77c3f65b5a6::landing_region_d84551d28c05,"Shima, Japan -> Ninomiya, Japan",4.0,16,16,8,5,2,77,36,0.00966183574879227,6,False,False,False,4.0,0.0
JP,landing_region_d77c3f65b5a6::landing_region_ea9847129f13,"Shima, Japan -> Maruyama, Japan",4.0,16,16,8,5,2,77,36,0.00966183574879227,7,False,False,False,4.0,0.0
JP,landing_region_ea9847129f13::landing_region_f25f62ad46f6,"Maruyama, Japan -> Kitaibaraki, Japan",4.0,12,12,6,3,2,77,36,0.00966183574879227,8,False,False,False,4.0,0.0
JP,landing_region_1f776bd1cb70::landing_region_cfeb44e542fb,"Ishikari, Japan -> Ajigaura, Japan",2.0,6,6,3,2,1,77,36,0.004830917874396135,9,False,False,False,2.0,0.0
JP,landing_region_1f776bd1cb70::landing_region_d84551d28c05,"Ishikari, Japan -> Ninomiya, Japan",2.0,6,6,3,2,1,77,36,0.004830917874396135,10,False,False,False,2.0,0.0
JP,landing_region_1f776bd1cb70::landing_region_ea9847129f13,"Ishikari, Japan -> Maruyama, Japan",2.0,6,6,3,2,1,77,36,0.004830917874396135,11,False,False,False,2.0,0.0
JP,landing_region_c0a3cf17d0a7::landing_region_c9c628987dc1,"Kitakyushu, Japan -> Itoshima, Japan",2.0,2,2,1,1,1,77,36,0.004830917874396135,12,False,False,False,2.0,0.0
JP,landing_region_71e1260196d0::landing_region_ea9847129f13,"Cavite, Philippines -> Maruyama, Japan",1.0,2,2,1,1,1,77,36,0.0024154589371980675,13,False,False,False,0.0,1.0
JP,landing_region_85b85b02a38f::landing_region_ea9847129f13,"Batangas, Philippines -> Maruyama, Japan",1.0,2,2,1,1,1,77,36,0.0024154589371980675,14,False,False,False,0.0,1.0
JP,landing_region_cfeb44e542fb::landing_region_eaf653d4b51e,"Ajigaura, Japan -> Naha, Japan",0.6666666666666666,2,2,1,1,0,77,36,0.001610305958132045,15,False,False,False,0.6666666666666666,0.0
JP,landing_region_d84551d28c05::landing_region_eaf653d4b51e,"Ninomiya, Japan -> Naha, Japan",0.6666666666666666,2,2,1,1,0,77,36,0.001610305958132045,16,False,False,False,0.6666666666666666,0.0
JP,landing_region_ea9847129f13::landing_region_eaf653d4b51e,"Maruyama, Japan -> Naha, Japan",0.6666666666666666,2,2,1,1,0,77,36,0.001610305958132045,17,False,False,False,0.6666666666666666,0.0
KE,landing_region_57424b247075::landing_region_eafefa1c1ea4,"Nyali, Kenya -> Amanzimtoti, South Africa",16.0,16,16,8,5,4,5,4,1.0,1,True,False,False,0.0,16.0
KY,landing_region_0c894d5ef6d3::landing_region_6a990cca53f4,"Dania Beach, FL, United States -> Half Moon Bay, Cayman Islands",4.0,4,4,2,1,1,1,1,1.0,1,True,False,False,0.0,4.0
LC,landing_region_47af17c54e44::landing_region_588e014b726d,"Schoelcher, Martinique -> Kingstown, Saint Vincent and the Grenadines",2.0,8,8,4,2,2,2,2,0.16666666666666666,1,True,False,False,2.0,0.0
LC,landing_region_47af17c54e44::landing_region_c92fc361db9a,"Schoelcher, Martinique -> Rodney Bay, Saint Lucia",2.0,8,8,4,2,2,2,2,0.16666666666666666,2,False,True,False,2.0,0.0
LC,landing_region_588e014b726d::landing_region_c92fc361db9a,"Kingstown, Saint Vincent and the Grenadines -> Rodney Bay, Saint Lucia",2.0,8,8,4,2,2,2,2,0.16666666666666666,3,False,False,True,2.0,0.0
LC,landing_region_588e014b726d::landing_region_f9d6bc049512,"Kingstown, Saint Vincent and the Grenadines -> Owia, Saint Vincent and the Grenadines",2.0,8,8,4,2,2,2,2,0.16666666666666666,4,False,False,False,2.0,0.0
LC,landing_region_47af17c54e44::landing_region_56b1e3c6dc7d,"Schoelcher, Martinique -> Dickenson Bay, Antigua and Barbuda",0.5,4,4,2,1,1,2,2,0.041666666666666664,5,False,False,False,0.0,0.5
LC,landing_region_47af17c54e44::landing_region_881c7f4b78b6,"Schoelcher, Martinique -> Morris Bay, Antigua and Barbuda",0.5,4,4,2,1,1,2,2,0.041666666666666664,6,False,False,False,0.0,0.5
LC,landing_region_47af17c54e44::landing_region_b221e27b3993,"Schoelcher, Martinique -> Philipsburg, Sint Maarten",0.5,4,4,2,1,1,2,2,0.041666666666666664,7,False,False,False,0.0,0.5
LC,landing_region_47af17c54e44::landing_region_b69228a09b14,"Schoelcher, Martinique -> Basseterre, Saint Kitts and Nevis",0.5,4,4,2,1,1,2,2,0.041666666666666664,8,False,False,False,0.0,0.5
LC,landing_region_56b1e3c6dc7d::landing_region_c92fc361db9a,"Dickenson Bay, Antigua and Barbuda -> Rodney Bay, Saint Lucia",0.5,4,4,2,1,1,2,2,0.041666666666666664,9,False,False,False,0.0,0.5
LC,landing_region_881c7f4b78b6::landing_region_c92fc361db9a,"Morris Bay, Antigua and Barbuda -> Rodney Bay, Saint Lucia",0.5,4,4,2,1,1,2,2,0.041666666666666664,10,False,False,False,0.0,0.5
LC,landing_region_b221e27b3993::landing_region_c92fc361db9a,"Philipsburg, Sint Maarten -> Rodney Bay, Saint Lucia",0.5,4,4,2,1,1,2,2,0.041666666666666664,11,False,False,False,0.0,0.5
LC,landing_region_b69228a09b14::landing_region_c92fc361db9a,"Basseterre, Saint Kitts and Nevis -> Rodney Bay, Saint Lucia",0.5,4,4,2,1,1,2,2,0.041666666666666664,12,False,False,False,0.0,0.5
LK,landing_region_465d1b4e7da4::landing_region_d0ecf913edd7,"Mt. Lavinia, Sri Lanka -> Katong, Singapore",10.0,10,10,5,3,3,3,3,1.0,1,True,False,False,0.0,10.0
ME,landing_region_7adde3db3d0d::landing_region_ac34543a7a05,"Dubrovnik, Croatia -> Durres, Albania",8.0,8,8,2,1,1,1,1,1.0,1,True,False,False,8.0,0.0
MM,landing_region_a314ea9d2330::landing_region_d0ecf913edd7,"Thanlyin, Myanmar -> Katong, Singapore",6.0,6,6,3,2,2,2,2,1.0,1,True,False,False,0.0,6.0
MP,landing_region_3602b9b9f277::landing_region_a13562362d3c,"Tinian, Northern Mariana Islands -> Rota, Northern Mariana Islands",2.0,4,4,2,1,1,1,1,0.5,1,True,False,False,0.0,2.0
MP,landing_region_3602b9b9f277::landing_region_bc6c664daa8f,"Tinian, Northern Mariana Islands -> Alupang, Guam",2.0,4,4,2,1,1,1,1,0.5,2,False,True,False,0.0,2.0
MT,landing_region_9e2ae58b14d4::landing_region_9e3a5ff856b9,"Marina di Ragusa, Italy -> Balluta Bay, Malta",52.0,52,52,18,9,2,9,2,0.8125,1,True,False,False,52.0,0.0
MT,landing_region_08ea81d123b5::landing_region_9e3a5ff856b9,"Marseille, France -> Balluta Bay, Malta",8.0,8,8,4,2,1,9,2,0.125,2,False,True,False,0.0,8.0
MT,landing_region_21eee101671e::landing_region_9e3a5ff856b9,"Marsala, Italy -> Balluta Bay, Malta",4.0,4,4,2,1,1,9,2,0.0625,3,False,False,True,0.0,4.0
MU,landing_region_44e270aeb18c::landing_region_991301515953,"Melkbosstrand, South Africa -> Baie du Tombeau, Mauritius",2.0,2,2,1,1,1,1,1,1.0,1,True,False,False,0.0,2.0
MV,landing_region_3e5f0fe5028c::landing_region_465d1b4e7da4,"Male, Maldives -> Mt. Lavinia, Sri Lanka",4.0,4,4,2,1,1,1,1,1.0,1,True,False,False,0.0,4.0
MX,landing_region_0c894d5ef6d3::landing_region_2899c8b816f4,"Dania Beach, FL, United States -> Cancún, Mexico",4.0,4,4,2,1,1,1,1,1.0,1,True,False,False,0.0,4.0
MY,landing_region_d0ecf913edd7::landing_region_d5376611ccce,"Katong, Singapore -> Morib, Malaysia",5.333333333333333,8,8,4,3,3,4,4,0.4444444444444444,1,True,False,False,0.0,5.333333333333333
MY,landing_region_149ad599e1a3::landing_region_bfbd2d5054a7,"Tanjung Bemban, Indonesia -> Melaka, Malaysia",1.3333333333333333,4,4,2,2,2,4,4,0.1111111111111111,2,False,True,False,0.0,1.3333333333333333
MY,landing_region_bfbd2d5054a7::landing_region_d0ecf913edd7,"Melaka, Malaysia -> Katong, Singapore",1.3333333333333333,4,4,2,2,2,4,4,0.1111111111111111,3,False,False,True,0.0,1.3333333333333333
MY,landing_region_149ad599e1a3::landing_region_b0fe5c69b187,"Tanjung Bemban, Indonesia -> Rengit, Malaysia",0.8,4,4,2,1,1,4,4,0.06666666666666667,4,False,False,False,0.0,0.8
MY,landing_region_149ad599e1a3::landing_region_d0ecf913edd7,"Tanjung Bemban, Indonesia -> Katong, Singapore",0.8,4,4,2,1,1,4,4,0.06666666666666667,5,False,False,False,0.0,0.8
MY,landing_region_149ad599e1a3::landing_region_e2bda68c9220,"Tanjung Bemban, Indonesia -> Mersing, Malaysia",0.8,4,4,2,1,1,4,4,0.06666666666666667,6,False,False,False,0.0,0.8
MY,landing_region_149ad599e1a3::landing_region_e9a4eab3ab1c,"Tanjung Bemban, Indonesia -> Karimun, Indonesia",0.8,4,4,2,1,1,4,4,0.06666666666666667,7,False,False,False,0.0,0.8
MY,landing_region_d0ecf913edd7::landing_region_e2bda68c9220,"Katong, Singapore -> Mersing, Malaysia",0.8,4,4,2,1,1,4,4,0.06666666666666667,8,False,False,False,0.0,0.8
NL,landing_region_120836cdab0e::landing_region_35391ab448ed,"Callantsoog, Netherlands -> Brookhaven, NY, United States",2.0,2,2,1,1,0,1,0,1.0,1,True,False,False,0.0,2.0
NO,landing_region_2f1f6d8f7ce5::landing_region_d514e04d4eb8,"Oslo, Norway -> Drøbak, Norway",20.0,76,76,32,17,9,30,13,0.136986301369863,1,True,False,False,20.0,0.0
NO,landing_region_2f1f6d8f7ce5::landing_region_d8238f687690,"Oslo, Norway -> Larvik, Norway",16.0,72,72,30,16,8,30,13,0.1095890410958904,2,False,True,False,16.0,0.0
NO,landing_region_d514e04d4eb8::landing_region_d8238f687690,"Drøbak, Norway -> Larvik, Norway",16.0,72,72,30,16,8,30,13,0.1095890410958904,3,False,False,True,16.0,0.0
NO,landing_region_1a418f57bf9f::landing_region_2f1f6d8f7ce5,"Capri Strand, Sweden -> Oslo, Norway",12.0,60,60,24,13,7,30,13,0.0821917808219178,4,False,False,False,12.0,0.0
NO,landing_region_1a418f57bf9f::landing_region_d514e04d4eb8,"Capri Strand, Sweden -> Drøbak, Norway",12.0,60,60,24,13,7,30,13,0.0821917808219178,5,False,False,False,12.0,0.0
NO,landing_region_68c2a6f2eb92::landing_region_fe6b66210668,"Brekstad, Norway -> Narvik, Norway",8.0,8,8,4,2,1,30,13,0.0547945205479452,6,False,False,False,8.0,0.0
NO,landing_region_2f1f6d8f7ce5::landing_region_59507011995d,"Oslo, Norway -> Kårstø, Norway",5.5,24,24,12,6,3,30,13,0.03767123287671233,7,False,False,False,5.5,0.0
NO,landing_region_2f1f6d8f7ce5::landing_region_9f0445306e12,"Oslo, Norway -> Egersund, Norway",5.5,24,24,12,6,3,30,13,0.03767123287671233,8,False,False,False,5.5,0.0
NO,landing_region_59507011995d::landing_region_d514e04d4eb8,"Kårstø, Norway -> Drøbak, Norway",5.5,24,24,12,6,3,30,13,0.03767123287671233,9,False,False,False,5.5,0.0
NO,landing_region_9f0445306e12::landing_region_d514e04d4eb8,"Egersund, Norway -> Drøbak, Norway",5.5,24,24,12,6,3,30,13,0.03767123287671233,10,False,False,False,5.5,0.0
NO,landing_region_28d81b327182::landing_region_51738c738daf,"Lefdal, Norway -> Herlandsvika, Norway",2.0,12,12,2,1,1,30,13,0.0136986301369863,11,False,False,False,2.0,0.0
NO,landing_region_28d81b327182::landing_region_bd7d4cf4f8a1,"Lefdal, Norway -> Åheim, Norway",2.0,12,12,2,1,1,30,13,0.0136986301369863,12,False,False,False,2.0,0.0
NO,landing_region_28d81b327182::landing_region_f8ebd95c71ce,"Lefdal, Norway -> Molde, Norway",2.0,12,12,2,1,1,30,13,0.0136986301369863,13,False,False,False,2.0,0.0
NO,landing_region_51738c738daf::landing_region_bd7d4cf4f8a1,"Herlandsvika, Norway -> Åheim, Norway",2.0,12,12,2,1,1,30,13,0.0136986301369863,14,False,False,False,2.0,0.0
NO,landing_region_51738c738daf::landing_region_f8ebd95c71ce,"Herlandsvika, Norway -> Molde, Norway",2.0,12,12,2,1,1,30,13,0.0136986301369863,15,False,False,False,2.0,0.0
NO,landing_region_59507011995d::landing_region_5c0c91ea8e24,"Kårstø, Norway -> Øygarden, Norway",2.0,4,4,2,1,1,30,13,0.0136986301369863,16,False,False,False,2.0,0.0
NO,landing_region_5c0c91ea8e24::landing_region_84394d1aa7f2,"Øygarden, Norway -> Hyllestad, Norway",2.0,4,4,2,1,1,30,13,0.0136986301369863,17,False,False,False,2.0,0.0
NO,landing_region_bd7d4cf4f8a1::landing_region_f8ebd95c71ce,"Åheim, Norway -> Molde, Norway",2.0,12,12,2,1,1,30,13,0.0136986301369863,18,False,False,False,2.0,0.0
NO,landing_region_2f1f6d8f7ce5::landing_region_613d7c7fc2a1,"Oslo, Norway -> Lista, Norway",1.6666666666666665,10,10,5,3,2,30,13,0.01141552511415525,19,False,False,False,1.6666666666666665,0.0
NO,landing_region_2f1f6d8f7ce5::landing_region_734e5f248738,"Oslo, Norway -> Kristiansand, Norway",1.6666666666666665,10,10,5,3,2,30,13,0.01141552511415525,20,False,False,False,1.6666666666666665,0.0
NO,landing_region_2f1f6d8f7ce5::landing_region_b89ae8b4224f,"Oslo, Norway -> Arendal, Norway",1.6666666666666665,10,10,5,3,2,30,13,0.01141552511415525,21,False,False,False,1.6666666666666665,0.0
NO,landing_region_613d7c7fc2a1::landing_region_d514e04d4eb8,"Lista, Norway -> Drøbak, Norway",1.6666666666666665,10,10,5,3,2,30,13,0.01141552511415525,22,False,False,False,1.6666666666666665,0.0
NO,landing_region_734e5f248738::landing_region_d514e04d4eb8,"Kristiansand, Norway -> Drøbak, Norway",1.6666666666666665,10,10,5,3,2,30,13,0.01141552511415525,23,False,False,False,1.6666666666666665,0.0
NO,landing_region_b89ae8b4224f::landing_region_d514e04d4eb8,"Arendal, Norway -> Drøbak, Norway",1.6666666666666665,10,10,5,3,2,30,13,0.01141552511415525,24,False,False,False,1.6666666666666665,0.0
NO,landing_region_68c2a6f2eb92::landing_region_f8ebd95c71ce,"Brekstad, Norway -> Molde, Norway",1.3,8,8,4,2,2,30,13,0.008904109589041096,25,False,False,False,1.3,0.0
NO,landing_region_85af16a4a5ec::landing_region_f8ebd95c71ce,"Hitra, Norway -> Molde, Norway",1.3,8,8,4,2,2,30,13,0.008904109589041096,26,False,False,False,1.3,0.0
NO,landing_region_56f5968b4284::landing_region_68c2a6f2eb92,"Edøya, Norway -> Brekstad, Norway",0.8,4,4,2,1,1,30,13,0.005479452054794521,27,False,False,False,0.8,0.0
NO,landing_region_56f5968b4284::landing_region_85af16a4a5ec,"Edøya, Norway -> Hitra, Norway",0.8,4,4,2,1,1,30,13,0.005479452054794521,28,False,False,False,0.8,0.0
NO,landing_region_68c2a6f2eb92::landing_region_85af16a4a5ec,"Brekstad, Norway -> Hitra, Norway",0.8,4,4,2,1,1,30,13,0.005479452054794521,29,False,False,False,0.8,0.0
NO,landing_region_59507011995d::landing_region_613d7c7fc2a1,"Kårstø, Norway -> Lista, Norway",0.6666666666666666,4,4,2,1,1,30,13,0.0045662100456621,30,False,False,False,0.6666666666666666,0.0
NO,landing_region_59507011995d::landing_region_734e5f248738,"Kårstø, Norway -> Kristiansand, Norway",0.6666666666666666,4,4,2,1,1,30,13,0.0045662100456621,31,False,False,False,0.6666666666666666,0.0
NO,landing_region_59507011995d::landing_region_b89ae8b4224f,"Kårstø, Norway -> Arendal, Norway",0.6666666666666666,4,4,2,1,1,30,13,0.0045662100456621,32,False,False,False,0.6666666666666666,0.0
NO,landing_region_613d7c7fc2a1::landing_region_9f0445306e12,"Lista, Norway -> Egersund, Norway",0.6666666666666666,4,4,2,1,1,30,13,0.0045662100456621,33,False,False,False,0.6666666666666666,0.0
NO,landing_region_734e5f248738::landing_region_9f0445306e12,"Kristiansand, Norway -> Egersund, Norway",0.6666666666666666,4,4,2,1,1,30,13,0.0045662100456621,34,False,False,False,0.6666666666666666,0.0
NO,landing_region_9f0445306e12::landing_region_b89ae8b4224f,"Egersund, Norway -> Arendal, Norway",0.6666666666666666,4,4,2,1,1,30,13,0.0045662100456621,35,False,False,False,0.6666666666666666,0.0
NO,landing_region_1a418f57bf9f::landing_region_59507011995d,"Capri Strand, Sweden -> Kårstø, Norway",0.5,4,4,2,1,1,30,13,0.003424657534246575,36,False,False,False,0.5,0.0
NO,landing_region_1a418f57bf9f::landing_region_9f0445306e12,"Capri Strand, Sweden -> Egersund, Norway",0.5,4,4,2,1,1,30,13,0.003424657534246575,37,False,False,False,0.5,0.0
NO,landing_region_28d81b327182::landing_region_68c2a6f2eb92,"Lefdal, Norway -> Brekstad, Norway",0.5,4,4,2,1,1,30,13,0.003424657534246575,38,False,False,False,0.5,0.0
NO,landing_region_28d81b327182::landing_region_85af16a4a5ec,"Lefdal, Norway -> Hitra, Norway",0.5,4,4,2,1,1,30,13,0.003424657534246575,39,False,False,False,0.5,0.0
NO,landing_region_51738c738daf::landing_region_68c2a6f2eb92,"Herlandsvika, Norway -> Brekstad, Norway",0.5,4,4,2,1,1,30,13,0.003424657534246575,40,False,False,False,0.5,0.0
NO,landing_region_51738c738daf::landing_region_85af16a4a5ec,"Herlandsvika, Norway -> Hitra, Norway",0.5,4,4,2,1,1,30,13,0.003424657534246575,41,False,False,False,0.5,0.0
NO,landing_region_59507011995d::landing_region_d8238f687690,"Kårstø, Norway -> Larvik, Norway",0.5,4,4,2,1,1,30,13,0.003424657534246575,42,False,False,False,0.5,0.0
NO,landing_region_68c2a6f2eb92::landing_region_bd7d4cf4f8a1,"Brekstad, Norway -> Åheim, Norway",0.5,4,4,2,1,1,30,13,0.003424657534246575,43,False,False,False,0.5,0.0
NO,landing_region_85af16a4a5ec::landing_region_bd7d4cf4f8a1,"Hitra, Norway -> Åheim, Norway",0.5,4,4,2,1,1,30,13,0.003424657534246575,44,False,False,False,0.5,0.0
NO,landing_region_9f0445306e12::landing_region_d8238f687690,"Egersund, Norway -> Larvik, Norway",0.5,4,4,2,1,1,30,13,0.003424657534246575,45,False,False,False,0.5,0.0
NU,landing_region_0601a73acabb::landing_region_3b96281acedd,"Apia, Samoa -> Alofi, Niue",4.0,4,4,2,1,0,1,0,1.0,1,True,False,False,0.0,4.0
NZ,landing_region_0850a0fd663e::landing_region_64abd2b76b5b,"Oteranga Bay, New Zealand -> Takapuna, New Zealand",6.0,12,12,4,2,2,3,3,0.375,1,True,False,False,6.0,0.0
NZ,landing_region_202dc066a01e::landing_region_64abd2b76b5b,"Paraparaumu, New Zealand -> Takapuna, New Zealand",6.0,12,12,4,2,2,3,3,0.375,2,False,True,False,6.0,0.0
NZ,landing_region_0850a0fd663e::landing_region_c0018732c600,"Oteranga Bay, New Zealand -> Christchurch, New Zealand",2.0,4,4,2,1,1,3,3,0.125,3,False,False,True,2.0,0.0
NZ,landing_region_202dc066a01e::landing_region_c0018732c600,"Paraparaumu, New Zealand -> Christchurch, New Zealand",2.0,4,4,2,1,1,3,3,0.125,4,False,False,False,2.0,0.0
PA,landing_region_466f092d0a6e::landing_region_9e23da50dbe5,"Fort Amador, Panama -> Colón, Panama",4.0,4,4,2,1,1,2,2,0.5,1,True,False,False,4.0,0.0
PA,landing_region_466f092d0a6e::landing_region_af7df63397a0,"Fort Amador, Panama -> Jacksonville, FL, United States",2.0,4,4,2,1,1,2,2,0.25,2,False,True,False,0.0,2.0
PA,landing_region_9e23da50dbe5::landing_region_af7df63397a0,"Colón, Panama -> Jacksonville, FL, United States",2.0,4,4,2,1,1,2,2,0.25,3,False,False,True,0.0,2.0
PE,landing_region_4d0efd9bb45b::landing_region_5113b57f1083,"Lurin, Peru -> Praia Grande, Brazil",12.0,12,12,6,4,3,4,3,1.0,1,True,False,False,0.0,12.0
PG,landing_region_58084817cbe7::landing_region_a4275bfd77b7,"Paddington, NSW, Australia -> Port Moresby, Papua New Guinea",4.0,4,4,2,1,1,1,1,1.0,1,True,False,False,0.0,4.0
PH,landing_region_71e1260196d0::landing_region_85b85b02a38f,"Cavite, Philippines -> Batangas, Philippines",119.83809523809524,140,140,53,28,15,37,20,0.5077885391444713,1,True,False,False,119.83809523809524,0.0
PH,landing_region_71e1260196d0::landing_region_d0ecf913edd7,"Cavite, Philippines -> Katong, Singapore",14.0,28,28,14,8,6,37,20,0.059322033898305086,2,False,True,False,0.0,14.0
PH,landing_region_85b85b02a38f::landing_region_d0ecf913edd7,"Batangas, Philippines -> Katong, Singapore",14.0,28,28,14,8,6,37,20,0.059322033898305086,3,False,False,True,0.0,14.0
PH,landing_region_319252418c1f::landing_region_71e1260196d0,"Deep Water Bay, China -> Cavite, Philippines",13.0,26,26,13,7,4,37,20,0.05508474576271186,4,False,False,False,0.0,13.0
PH,landing_region_319252418c1f::landing_region_85b85b02a38f,"Deep Water Bay, China -> Batangas, Philippines",13.0,26,26,13,7,4,37,20,0.05508474576271186,5,False,False,False,0.0,13.0
PH,landing_region_85b85b02a38f::landing_region_f4e40485a2a8,"Batangas, Philippines -> Lucena, Philippines",8.238095238095237,22,22,9,5,4,37,20,0.034907183212267955,6,False,False,False,8.238095238095237,0.0
PH,landing_region_71e1260196d0::landing_region_ea9847129f13,"Cavite, Philippines -> Maruyama, Japan",5.0,10,10,5,3,2,37,20,0.0211864406779661,7,False,False,False,0.0,5.0
PH,landing_region_85b85b02a38f::landing_region_ea9847129f13,"Batangas, Philippines -> Maruyama, Japan",5.0,10,10,5,3,2,37,20,0.0211864406779661,8,False,False,False,0.0,5.0
PH,landing_region_71e1260196d0::landing_region_f1cf3d89b00f,"Cavite, Philippines -> Pinamalayan, Philippines",2.8380952380952382,16,16,4,2,2,37,20,0.012025827280064568,9,False,False,False,2.8380952380952382,0.0
PH,landing_region_85b85b02a38f::landing_region_f1cf3d89b00f,"Batangas, Philippines -> Pinamalayan, Philippines",2.8380952380952382,16,16,4,2,2,37,20,0.012025827280064568,10,False,False,False,2.8380952380952382,0.0
PH,landing_region_568e54040a5c::landing_region_85b85b02a38f,"Talisay, Philippines -> Batangas, Philippines",2.6017316017316015,14,14,5,3,3,37,20,0.01102428644801526,11,False,False,False,2.6017316017316015,0.0
PH,landing_region_71e1260196d0::landing_region_b424eda6e2a1,"Cavite, Philippines -> Cadiz City, Philippines",2.6017316017316015,14,14,5,3,3,37,20,0.01102428644801526,12,False,False,False,2.6017316017316015,0.0
PH,landing_region_568e54040a5c::landing_region_71e1260196d0,"Talisay, Philippines -> Cavite, Philippines",2.2683982683982684,12,12,5,3,3,37,20,0.009611857069484189,13,False,False,False,2.2683982683982684,0.0
PH,landing_region_68949973e697::landing_region_85b85b02a38f,"Roxas, Philippines -> Batangas, Philippines",1.6,8,8,2,1,1,37,20,0.006779661016949153,14,False,False,False,1.6,0.0
PH,landing_region_85b85b02a38f::landing_region_e1fca807130d,"Batangas, Philippines -> San Jose, Philippines",1.6,8,8,2,1,1,37,20,0.006779661016949153,15,False,False,False,1.6,0.0
PH,landing_region_07c15c5c24ef::landing_region_11a5fc08eb7a,"Calatrava, Philippines -> Caticlan, Philippines",1.3333333333333333,4,4,2,1,1,37,20,0.005649717514124294,16,False,False,False,1.3333333333333333,0.0
PH,landing_region_07c15c5c24ef::landing_region_73f9243dcd5b,"Calatrava, Philippines -> Roxas City, Philippines",1.3333333333333333,4,4,2,1,1,37,20,0.005649717514124294,17,False,False,False,1.3333333333333333,0.0
PH,landing_region_11a5fc08eb7a::landing_region_73f9243dcd5b,"Caticlan, Philippines -> Roxas City, Philippines",1.3333333333333333,4,4,2,1,1,37,20,0.005649717514124294,18,False,False,False,1.3333333333333333,0.0
PH,landing_region_5cf0b30d1e13::landing_region_71e1260196d0,"Bulan, Philippines -> Cavite, Philippines",1.3333333333333333,4,4,2,1,1,37,20,0.005649717514124294,19,False,False,False,1.3333333333333333,0.0
PH,landing_region_6bfc07cf0a74::landing_region_85b85b02a38f,"Matnog, Philippines -> Batangas, Philippines",1.3333333333333333,4,4,2,1,1,37,20,0.005649717514124294,20,False,False,False,1.3333333333333333,0.0
PH,landing_region_71e1260196d0::landing_region_ca8ba064dbbf,"Cavite, Philippines -> Legazpi City, Philippines",1.3333333333333333,4,4,2,1,1,37,20,0.005649717514124294,21,False,False,False,1.3333333333333333,0.0
PH,landing_region_00c458c2b5c8::landing_region_f4e40485a2a8,"Palompon, Philippines -> Lucena, Philippines",1.2683982683982684,10,10,5,3,3,37,20,0.005374568933890968,22,False,False,False,1.2683982683982684,0.0
PH,landing_region_523d74a2945b::landing_region_f4e40485a2a8,"San Carlos, Philippines -> Lucena, Philippines",1.2683982683982684,10,10,5,3,3,37,20,0.005374568933890968,23,False,False,False,1.2683982683982684,0.0
PH,landing_region_568e54040a5c::landing_region_f4e40485a2a8,"Talisay, Philippines -> Lucena, Philippines",1.2683982683982684,10,10,5,3,3,37,20,0.005374568933890968,24,False,False,False,1.2683982683982684,0.0
PH,landing_region_e0e5e838eb99::landing_region_f4e40485a2a8,"Tagbilaran, Philippines -> Lucena, Philippines",1.2683982683982684,10,10,5,3,3,37,20,0.005374568933890968,25,False,False,False,1.2683982683982684,0.0
PH,landing_region_b2f951a0073c::landing_region_f4e40485a2a8,"Boac, Philippines -> Lucena, Philippines",1.2380952380952381,8,8,2,1,1,37,20,0.005246166263115416,26,False,False,False,1.2380952380952381,0.0
PH,landing_region_f1cf3d89b00f::landing_region_f4e40485a2a8,"Pinamalayan, Philippines -> Lucena, Philippines",1.2380952380952381,8,8,2,1,1,37,20,0.005246166263115416,27,False,False,False,1.2380952380952381,0.0
PH,landing_region_2fee20529ebb::landing_region_f4e40485a2a8,"Surigao City, Philippines -> Lucena, Philippines",1.0,4,4,2,1,1,37,20,0.00423728813559322,28,False,False,False,1.0,0.0
PH,landing_region_71e1260196d0::landing_region_c51cb80e0473,"Cavite, Philippines -> Buenavista, Philippines",1.0,4,4,2,1,1,37,20,0.00423728813559322,29,False,False,False,1.0,0.0
PH,landing_region_cc1ec3c30a7f::landing_region_f4e40485a2a8,"Camiguin Island, Philippines -> Lucena, Philippines",1.0,4,4,2,1,1,37,20,0.00423728813559322,30,False,False,False,1.0,0.0
PH,landing_region_f4e40485a2a8::landing_region_fe894cd39e7f,"Lucena, Philippines -> Siargao Island, Philippines",1.0,4,4,2,1,1,37,20,0.00423728813559322,31,False,False,False,1.0,0.0
PH,landing_region_85b85b02a38f::landing_region_b2f951a0073c,"Batangas, Philippines -> Boac, Philippines",0.5714285714285714,4,4,2,1,1,37,20,0.0024213075060532684,32,False,False,False,0.5714285714285714,0.0
PH,landing_region_00c458c2b5c8::landing_region_85b85b02a38f,"Palompon, Philippines -> Batangas, Philippines",0.36363636363636365,4,4,2,1,1,37,20,0.0015408320493066256,33,False,False,False,0.36363636363636365,0.0
PH,landing_region_523d74a2945b::landing_region_85b85b02a38f,"San Carlos, Philippines -> Batangas, Philippines",0.36363636363636365,4,4,2,1,1,37,20,0.0015408320493066256,34,False,False,False,0.36363636363636365,0.0
PH,landing_region_73d583aa73b2::landing_region_85b85b02a38f,"San Remigio, Philippines -> Batangas, Philippines",0.36363636363636365,4,4,2,1,1,37,20,0.0015408320493066256,35,False,False,False,0.36363636363636365,0.0
PH,landing_region_85b85b02a38f::landing_region_e0e5e838eb99,"Batangas, Philippines -> Tagbilaran, Philippines",0.36363636363636365,4,4,2,1,1,37,20,0.0015408320493066256,36,False,False,False,0.36363636363636365,0.0
PH,landing_region_00c458c2b5c8::landing_region_164e038b4e26,"Palompon, Philippines -> Maasin, Philippines",0.2857142857142857,4,4,2,1,1,37,20,0.0012106537530266342,37,False,False,False,0.2857142857142857,0.0
PH,landing_region_00c458c2b5c8::landing_region_523d74a2945b,"Palompon, Philippines -> San Carlos, Philippines",0.2857142857142857,4,4,2,1,1,37,20,0.0012106537530266342,38,False,False,False,0.2857142857142857,0.0
PH,landing_region_00c458c2b5c8::landing_region_568e54040a5c,"Palompon, Philippines -> Talisay, Philippines",0.2857142857142857,4,4,2,1,1,37,20,0.0012106537530266342,39,False,False,False,0.2857142857142857,0.0
PH,landing_region_00c458c2b5c8::landing_region_73d583aa73b2,"Palompon, Philippines -> San Remigio, Philippines",0.2857142857142857,4,4,2,1,1,37,20,0.0012106537530266342,40,False,False,False,0.2857142857142857,0.0
PH,landing_region_00c458c2b5c8::landing_region_b424eda6e2a1,"Palompon, Philippines -> Cadiz City, Philippines",0.2857142857142857,4,4,2,1,1,37,20,0.0012106537530266342,41,False,False,False,0.2857142857142857,0.0
PH,landing_region_00c458c2b5c8::landing_region_e0e5e838eb99,"Palompon, Philippines -> Tagbilaran, Philippines",0.2857142857142857,4,4,2,1,1,37,20,0.0012106537530266342,42,False,False,False,0.2857142857142857,0.0
PH,landing_region_164e038b4e26::landing_region_523d74a2945b,"Maasin, Philippines -> San Carlos, Philippines",0.2857142857142857,4,4,2,1,1,37,20,0.0012106537530266342,43,False,False,False,0.2857142857142857,0.0
PH,landing_region_164e038b4e26::landing_region_568e54040a5c,"Maasin, Philippines -> Talisay, Philippines",0.2857142857142857,4,4,2,1,1,37,20,0.0012106537530266342,44,False,False,False,0.2857142857142857,0.0
PH,landing_region_164e038b4e26::landing_region_e0e5e838eb99,"Maasin, Philippines -> Tagbilaran, Philippines",0.2857142857142857,4,4,2,1,1,37,20,0.0012106537530266342,45,False,False,False,0.2857142857142857,0.0
PH,landing_region_523d74a2945b::landing_region_568e54040a5c,"San Carlos, Philippines -> Talisay, Philippines",0.2857142857142857,4,4,2,1,1,37,20,0.0012106537530266342,46,False,False,False,0.2857142857142857,0.0
PH,landing_region_523d74a2945b::landing_region_73d583aa73b2,"San Carlos, Philippines -> San Remigio, Philippines",0.2857142857142857,4,4,2,1,1,37,20,0.0012106537530266342,47,False,False,False,0.2857142857142857,0.0
PH,landing_region_568e54040a5c::landing_region_73d583aa73b2,"Talisay, Philippines -> San Remigio, Philippines",0.2857142857142857,4,4,2,1,1,37,20,0.0012106537530266342,48,False,False,False,0.2857142857142857,0.0
PH,landing_region_568e54040a5c::landing_region_e0e5e838eb99,"Talisay, Philippines -> Tagbilaran, Philippines",0.2857142857142857,4,4,2,1,1,37,20,0.0012106537530266342,49,False,False,False,0.2857142857142857,0.0
PH,landing_region_73d583aa73b2::landing_region_e0e5e838eb99,"San Remigio, Philippines -> Tagbilaran, Philippines",0.2857142857142857,4,4,2,1,1,37,20,0.0012106537530266342,50,False,False,False,0.2857142857142857,0.0
PH,landing_region_00c458c2b5c8::landing_region_07c15c5c24ef,"Palompon, Philippines -> Calatrava, Philippines",0.13333333333333333,2,2,1,1,1,37,20,0.0005649717514124294,51,False,False,False,0.13333333333333333,0.0
PH,landing_region_00c458c2b5c8::landing_region_11a5fc08eb7a,"Palompon, Philippines -> Caticlan, Philippines",0.13333333333333333,2,2,1,1,1,37,20,0.0005649717514124294,52,False,False,False,0.13333333333333333,0.0
PH,landing_region_00c458c2b5c8::landing_region_73f9243dcd5b,"Palompon, Philippines -> Roxas City, Philippines",0.13333333333333333,2,2,1,1,1,37,20,0.0005649717514124294,53,False,False,False,0.13333333333333333,0.0
PH,landing_region_07c15c5c24ef::landing_region_523d74a2945b,"Calatrava, Philippines -> San Carlos, Philippines",0.13333333333333333,2,2,1,1,1,37,20,0.0005649717514124294,54,False,False,False,0.13333333333333333,0.0
PH,landing_region_07c15c5c24ef::landing_region_568e54040a5c,"Calatrava, Philippines -> Talisay, Philippines",0.13333333333333333,2,2,1,1,1,37,20,0.0005649717514124294,55,False,False,False,0.13333333333333333,0.0
PH,landing_region_07c15c5c24ef::landing_region_e0e5e838eb99,"Calatrava, Philippines -> Tagbilaran, Philippines",0.13333333333333333,2,2,1,1,1,37,20,0.0005649717514124294,56,False,False,False,0.13333333333333333,0.0
PH,landing_region_11a5fc08eb7a::landing_region_523d74a2945b,"Caticlan, Philippines -> San Carlos, Philippines",0.13333333333333333,2,2,1,1,1,37,20,0.0005649717514124294,57,False,False,False,0.13333333333333333,0.0
PH,landing_region_11a5fc08eb7a::landing_region_568e54040a5c,"Caticlan, Philippines -> Talisay, Philippines",0.13333333333333333,2,2,1,1,1,37,20,0.0005649717514124294,58,False,False,False,0.13333333333333333,0.0
PH,landing_region_11a5fc08eb7a::landing_region_73d583aa73b2,"Caticlan, Philippines -> San Remigio, Philippines",0.13333333333333333,2,2,1,1,1,37,20,0.0005649717514124294,59,False,False,False,0.13333333333333333,0.0
PH,landing_region_11a5fc08eb7a::landing_region_e0e5e838eb99,"Caticlan, Philippines -> Tagbilaran, Philippines",0.13333333333333333,2,2,1,1,1,37,20,0.0005649717514124294,60,False,False,False,0.13333333333333333,0.0
PH,landing_region_523d74a2945b::landing_region_73f9243dcd5b,"San Carlos, Philippines -> Roxas City, Philippines",0.13333333333333333,2,2,1,1,1,37,20,0.0005649717514124294,61,False,False,False,0.13333333333333333,0.0
PH,landing_region_568e54040a5c::landing_region_73f9243dcd5b,"Talisay, Philippines -> Roxas City, Philippines",0.13333333333333333,2,2,1,1,1,37,20,0.0005649717514124294,62,False,False,False,0.13333333333333333,0.0
PH,landing_region_73d583aa73b2::landing_region_73f9243dcd5b,"San Remigio, Philippines -> Roxas City, Philippines",0.13333333333333333,2,2,1,1,1,37,20,0.0005649717514124294,63,False,False,False,0.13333333333333333,0.0
PH,landing_region_73f9243dcd5b::landing_region_b424eda6e2a1,"Roxas City, Philippines -> Cadiz City, Philippines",0.13333333333333333,2,2,1,1,1,37,20,0.0005649717514124294,64,False,False,False,0.13333333333333333,0.0
PH,landing_region_73f9243dcd5b::landing_region_e0e5e838eb99,"Roxas City, Philippines -> Tagbilaran, Philippines",0.13333333333333333,2,2,1,1,1,37,20,0.0005649717514124294,65,False,False,False,0.13333333333333333,0.0
PR,landing_region_0c894d5ef6d3::landing_region_222235fff376,"Dania Beach, FL, United States -> Ponce, PR, United States",4.0,8,8,4,2,1,2,1,0.5,1,True,False,False,0.0,4.0
PR,landing_region_0c894d5ef6d3::landing_region_822747b0ce7e,"Dania Beach, FL, United States -> Miramar, PR, United States",4.0,8,8,4,2,1,2,1,0.5,2,False,True,False,0.0,4.0
PT,landing_region_a2ee20dddede::landing_region_c88b92706e9c,"Burgau, Portugal -> Seixal, Portugal",14.0,14,14,7,4,2,8,6,0.4666666666666667,1,True,False,False,14.0,0.0
PT,landing_region_c78987ebb9a4::landing_region_c88b92706e9c,"Sines, Portugal -> Seixal, Portugal",12.0,12,12,6,3,3,8,6,0.4,2,False,True,False,12.0,0.0
PT,landing_region_88cdc9b92bbf::landing_region_bafbcb4f2540,"Machico, Portugal -> Porto Santo, Portugal",4.0,4,4,2,1,1,8,6,0.13333333333333333,3,False,False,True,4.0,0.0
QA,landing_region_14db368b2428::landing_region_f0ff9789c5ea,"Halul Island, Qatar -> Al-Kheesa, Qatar",4.0,8,8,2,1,1,1,1,0.5,1,True,False,False,4.0,0.0
QA,landing_region_445416594174::landing_region_f0ff9789c5ea,"Amwaj Island, Bahrain -> Al-Kheesa, Qatar",4.0,8,8,2,1,1,1,1,0.5,2,False,True,False,4.0,0.0
RO,landing_region_85c5930cf70b::landing_region_bea624a510ae,"Mangalia, Romania -> Istanbul, Turkey",12.0,12,12,6,4,2,4,2,1.0,1,True,False,False,0.0,12.0
SE,landing_region_1c12bbea2f36::landing_region_e1a72a298b9d,"Borbby Strandbad, Sweden -> Dragor, Denmark",182.0,186,186,84,46,21,126,33,0.3238434163701068,1,True,False,False,40.0,142.0
SE,landing_region_1ce0b85cd8b9::landing_region_e1a72a298b9d,"Uto, Sweden -> Dragor, Denmark",114.0,172,172,63,37,11,126,33,0.20284697508896798,2,False,True,False,66.0,48.0
SE,landing_region_5631d1801aee::landing_region_71db3ba08a92,"Tallinn, Estonia -> Stockholm, Sweden",70.0,140,140,70,63,13,126,33,0.12455516014234876,3,False,False,True,0.0,70.0
SE,landing_region_65aa8d7cf62e::landing_region_71db3ba08a92,"Espoo, Finland -> Stockholm, Sweden",70.0,140,140,70,63,13,126,33,0.12455516014234876,4,False,False,False,0.0,70.0
SE,landing_region_1c12bbea2f36::landing_region_1ce0b85cd8b9,"Borbby Strandbad, Sweden -> Uto, Sweden",58.0,116,116,49,30,9,126,33,0.10320284697508897,5,False,False,False,58.0,0.0
SE,landing_region_3db43e0add05::landing_region_599c2c879d37,"Kungsbacka, Sweden -> Laeso, Denmark",26.0,28,28,8,4,3,126,33,0.046263345195729534,6,False,False,False,26.0,0.0
SE,landing_region_1ce0b85cd8b9::landing_region_3d94d1c98c16,"Uto, Sweden -> Näsby, Sweden",22.0,24,24,8,4,3,126,33,0.03914590747330961,7,False,False,False,22.0,0.0
SE,landing_region_1348c2f18d19::landing_region_3d94d1c98c16,"Byxelkrok, Sweden -> Näsby, Sweden",4.0,4,4,2,1,1,126,33,0.0071174377224199285,8,False,False,False,4.0,0.0
SE,landing_region_3eb4f4d89687::landing_region_71db3ba08a92,"Hamnäs, Finland -> Stockholm, Sweden",4.0,8,8,4,2,1,126,33,0.0071174377224199285,9,False,False,False,4.0,0.0
SE,landing_region_3eb4f4d89687::landing_region_f4011a851fe0,"Hamnäs, Finland -> Östhammar, Sweden",4.0,8,8,4,2,1,126,33,0.0071174377224199285,10,False,False,False,4.0,0.0
SE,landing_region_1348c2f18d19::landing_region_1ce0b85cd8b9,"Byxelkrok, Sweden -> Uto, Sweden",2.0,4,4,2,1,1,126,33,0.0035587188612099642,11,False,False,False,2.0,0.0
SE,landing_region_1c12bbea2f36::landing_region_5f83f61dba62,"Borbby Strandbad, Sweden -> Rønne, Denmark",2.0,6,6,3,2,1,126,33,0.0035587188612099642,12,False,False,False,2.0,0.0
SE,landing_region_599c2c879d37::landing_region_d51ce847b879,"Laeso, Denmark -> Skalvik, Sweden",2.0,4,4,2,1,1,126,33,0.0035587188612099642,13,False,False,False,2.0,0.0
SE,landing_region_5f83f61dba62::landing_region_e1a72a298b9d,"Rønne, Denmark -> Dragor, Denmark",2.0,6,6,3,2,1,126,33,0.0035587188612099642,14,False,False,False,2.0,0.0
SG,landing_region_149ad599e1a3::landing_region_b0fe5c69b187,"Tanjung Bemban, Indonesia -> Rengit, Malaysia",8.799999999999999,28,28,14,7,3,9,5,0.275,1,True,False,False,8.799999999999999,0.0
SG,landing_region_149ad599e1a3::landing_region_d0ecf913edd7,"Tanjung Bemban, Indonesia -> Katong, Singapore",8.799999999999999,28,28,14,7,3,9,5,0.275,2,False,True,False,8.799999999999999,0.0
SG,landing_region_149ad599e1a3::landing_region_e9a4eab3ab1c,"Tanjung Bemban, Indonesia -> Karimun, Indonesia",8.799999999999999,28,28,14,7,3,9,5,0.275,3,False,False,True,8.799999999999999,0.0
SG,landing_region_149ad599e1a3::landing_region_bfbd2d5054a7,"Tanjung Bemban, Indonesia -> Melaka, Malaysia",1.3333333333333333,4,4,2,2,2,9,5,0.04166666666666667,4,False,False,False,0.0,1.3333333333333333
SG,landing_region_bfbd2d5054a7::landing_region_d0ecf913edd7,"Melaka, Malaysia -> Katong, Singapore",1.3333333333333333,4,4,2,2,2,9,5,0.04166666666666667,5,False,False,False,0.0,1.3333333333333333
SG,landing_region_d0ecf913edd7::landing_region_d5376611ccce,"Katong, Singapore -> Morib, Malaysia",1.3333333333333333,4,4,2,2,2,9,5,0.04166666666666667,6,False,False,False,0.0,1.3333333333333333
SG,landing_region_149ad599e1a3::landing_region_e2bda68c9220,"Tanjung Bemban, Indonesia -> Mersing, Malaysia",0.8,4,4,2,1,1,9,5,0.025000000000000005,7,False,False,False,0.8,0.0
SG,landing_region_d0ecf913edd7::landing_region_e2bda68c9220,"Katong, Singapore -> Mersing, Malaysia",0.8,4,4,2,1,1,9,5,0.025000000000000005,8,False,False,False,0.8,0.0
SN,landing_region_9d5009d65552::landing_region_c88b92706e9c,"Dakar, Senegal -> Seixal, Portugal",2.0,2,2,1,1,1,1,1,1.0,1,True,False,False,0.0,2.0
TG,landing_region_30beda532e6f::landing_region_c40dbe766ade,"Lagos, Nigeria -> Lome, Togo",4.0,4,4,2,1,1,1,1,1.0,1,True,False,False,0.0,4.0
TH,landing_region_25a669da6890::landing_region_b8a30afb11ed,"Phetchaburi, Thailand -> Sriracha, Thailand",56.0,56,56,15,8,5,17,8,0.6222222222222222,1,True,False,False,56.0,0.0
TH,landing_region_b8a30afb11ed::landing_region_d0ecf913edd7,"Sriracha, Thailand -> Katong, Singapore",30.0,30,30,15,8,2,17,8,0.3333333333333333,2,False,True,False,0.0,30.0
TH,landing_region_319252418c1f::landing_region_b8a30afb11ed,"Deep Water Bay, China -> Sriracha, Thailand",4.0,4,4,2,1,1,17,8,0.044444444444444446,3,False,False,True,0.0,4.0
TN,landing_region_08ea81d123b5::landing_region_408d7085b44b,"Marseille, France -> Bizerte, Tunisia",4.0,4,4,2,2,2,2,2,1.0,1,True,False,False,0.0,4.0
TO,landing_region_1cece50a3587::landing_region_ab5fcb6a28e2,"Suva, Fiji -> Nuku'alofa, Tonga",4.0,4,4,2,1,1,1,1,1.0,1,True,False,False,0.0,4.0
TW,landing_region_3362110f86da::landing_region_7a95dbddaa36,"Pa Li, Taiwan -> Yuanli, Taiwan",44.0,44,44,20,10,6,14,6,0.7096774193548387,1,True,False,False,44.0,0.0
TW,landing_region_3362110f86da::landing_region_baee86a03f35,"Pa Li, Taiwan -> Guningtou, Taiwan",8.0,8,8,4,2,0,14,6,0.12903225806451613,2,False,True,False,0.0,8.0
TW,landing_region_3362110f86da::landing_region_ddcc0ff066ef,"Pa Li, Taiwan -> Budai, Taiwan",2.0,4,4,2,1,0,14,6,0.03225806451612903,3,False,False,True,2.0,0.0
TW,landing_region_3362110f86da::landing_region_ef18f60e8ea4,"Pa Li, Taiwan -> Dawu, Taiwan",2.0,4,4,2,1,0,14,6,0.03225806451612903,4,False,False,False,2.0,0.0
TW,landing_region_7a95dbddaa36::landing_region_bc12e2110b5f,"Yuanli, Taiwan -> Magong, Taiwan",2.0,4,4,2,1,1,14,6,0.03225806451612903,5,False,False,False,2.0,0.0
TW,landing_region_7a95dbddaa36::landing_region_ddcc0ff066ef,"Yuanli, Taiwan -> Budai, Taiwan",2.0,4,4,2,1,1,14,6,0.03225806451612903,6,False,False,False,2.0,0.0
TW,landing_region_319252418c1f::landing_region_3362110f86da,"Deep Water Bay, China -> Pa Li, Taiwan",1.0,2,2,1,1,0,14,6,0.016129032258064516,7,False,False,False,0.0,1.0
TW,landing_region_319252418c1f::landing_region_8eebb9f0ec75,"Deep Water Bay, China -> Toucheng, Taiwan",1.0,2,2,1,1,0,14,6,0.016129032258064516,8,False,False,False,0.0,1.0
US,landing_region_35391ab448ed::landing_region_b3d356cd3c9f,"Brookhaven, NY, United States -> Wall Township, NJ, United States",379.3333333333333,742,742,264,148,44,208,69,0.3405146618791143,1,True,False,False,379.3333333333333,0.0
US,landing_region_35391ab448ed::landing_region_a4e660c6c620,"Brookhaven, NY, United States -> Island Park, NY, United States",359.3333333333333,740,740,251,141,45,208,69,0.32256134051466184,2,False,True,False,359.3333333333333,0.0
US,landing_region_5f578929a68a::landing_region_fee5a5fdbba8,"Harbour Pointe, WA, United States -> Cama Beach, WA, United States",161.6,188,188,51,26,12,208,69,0.14506283662477557,3,False,False,True,161.6,0.0
US,landing_region_35391ab448ed::landing_region_59a210e88c9e,"Brookhaven, NY, United States -> New Haven, CT, United States",73.33333333333333,182,182,61,34,8,208,69,0.06582884500299221,4,False,False,False,73.33333333333333,0.0
US,landing_region_ad2e1f237edf::landing_region_df3d1db01d0e,"Buffalo, NY, United States -> Toronto, ON, Canada",36.0,36,36,18,15,4,208,69,0.03231597845601436,5,False,False,False,4.0,32.0
US,landing_region_0c894d5ef6d3::landing_region_af7df63397a0,"Dania Beach, FL, United States -> Jacksonville, FL, United States",22.0,22,22,11,6,4,208,69,0.019748653500897665,6,False,False,False,22.0,0.0
US,landing_region_0c894d5ef6d3::landing_region_a160581162b2,"Dania Beach, FL, United States -> Vero Beach, FL, United States",8.0,8,8,2,1,1,208,69,0.00718132854578097,7,False,False,False,8.0,0.0
US,landing_region_34040dee7bd1::landing_region_a2016c77cbfd,"Hillsboro, OR, United States -> Portage, AK, United States",8.0,8,8,4,2,1,208,69,0.00718132854578097,8,False,False,False,8.0,0.0
US,landing_region_5f578929a68a::landing_region_f41a83b9b5b3,"Harbour Pointe, WA, United States -> Cordova Bay, BC, Canada",7.6000000000000005,34,34,17,9,5,208,69,0.006822262118491921,9,False,False,False,7.6000000000000005,0.0
US,landing_region_f41a83b9b5b3::landing_region_fee5a5fdbba8,"Cordova Bay, BC, Canada -> Cama Beach, WA, United States",6.933333333333334,32,32,16,9,5,208,69,0.006223818073010174,10,False,False,False,6.933333333333334,0.0
US,landing_region_5f578929a68a::landing_region_94c53aa4a6d7,"Harbour Pointe, WA, United States -> Vancouver, BC, Canada",6.266666666666667,30,30,15,8,4,208,69,0.005625374027528426,11,False,False,False,6.266666666666667,0.0
US,landing_region_94c53aa4a6d7::landing_region_fee5a5fdbba8,"Vancouver, BC, Canada -> Cama Beach, WA, United States",5.6000000000000005,28,28,14,8,4,208,69,0.0050269299820466795,12,False,False,False,5.6000000000000005,0.0
US,landing_region_91000f65ec77::landing_region_c227a3796213,"Kapolei, HI, United States -> Keawaula, HI, United States",4.666666666666666,14,14,5,3,2,208,69,0.004189108318372232,13,False,False,False,4.666666666666666,0.0
US,landing_region_91000f65ec77::landing_region_ce80c3fde7f3,"Kapolei, HI, United States -> Kaunakakai, HI, United States",4.666666666666666,14,14,5,3,2,208,69,0.004189108318372232,14,False,False,False,4.666666666666666,0.0
US,landing_region_c227a3796213::landing_region_ce80c3fde7f3,"Keawaula, HI, United States -> Kaunakakai, HI, United States",4.666666666666666,14,14,5,3,2,208,69,0.004189108318372232,15,False,False,False,4.666666666666666,0.0
US,landing_region_0c894d5ef6d3::landing_region_35391ab448ed,"Dania Beach, FL, United States -> Brookhaven, NY, United States",4.0,4,4,2,1,1,208,69,0.003590664272890485,16,False,False,False,4.0,0.0
US,landing_region_5f578929a68a::landing_region_a2016c77cbfd,"Harbour Pointe, WA, United States -> Portage, AK, United States",4.0,4,4,2,1,1,208,69,0.003590664272890485,17,False,False,False,4.0,0.0
US,landing_region_661389eca7bf::landing_region_df61fea74887,"Santa Barbara, CA, United States -> El Segundo, CA, United States",4.0,4,4,2,1,1,208,69,0.003590664272890485,18,False,False,False,4.0,0.0
US,landing_region_1a3ed4fe187f::landing_region_91000f65ec77,"Kawaihae, HI, United States -> Kapolei, HI, United States",3.333333333333333,8,8,4,2,2,208,69,0.002992220227408737,19,False,False,False,3.333333333333333,0.0
US,landing_region_1a3ed4fe187f::landing_region_c227a3796213,"Kawaihae, HI, United States -> Keawaula, HI, United States",3.333333333333333,8,8,4,2,2,208,69,0.002992220227408737,20,False,False,False,3.333333333333333,0.0
US,landing_region_0c894d5ef6d3::landing_region_9329cea6236f,"Dania Beach, FL, United States -> Maiquetia, Venezuela",2.0,2,2,1,1,1,208,69,0.0017953321364452424,21,False,False,False,0.0,2.0
US,landing_region_91000f65ec77::landing_region_df61fea74887,"Kapolei, HI, United States -> El Segundo, CA, United States",2.0,4,4,2,1,1,208,69,0.0017953321364452424,22,False,False,False,2.0,0.0
US,landing_region_c227a3796213::landing_region_df61fea74887,"Keawaula, HI, United States -> El Segundo, CA, United States",2.0,4,4,2,1,1,208,69,0.0017953321364452424,23,False,False,False,2.0,0.0
US,landing_region_1a3ed4fe187f::landing_region_ce80c3fde7f3,"Kawaihae, HI, United States -> Kaunakakai, HI, United States",1.3333333333333333,4,4,2,1,1,208,69,0.0011968880909634949,24,False,False,False,1.3333333333333333,0.0
VE,landing_region_8812d6f6982d::landing_region_9329cea6236f,"Higuerote, Venezuela -> Maiquetia, Venezuela",4.0,4,4,2,1,1,1,1,1.0,1,True,False,False,4.0,0.0
VI,landing_region_0c894d5ef6d3::landing_region_fd5565d28cce,"Dania Beach, FL, United States -> St. Croix, Virgin Islands, Virgin Islands (U.S.)",8.0,8,8,4,2,1,2,1,0.5,1,True,False,False,0.0,8.0
VI,landing_region_75e3d0794dc5::landing_region_fd5565d28cce,"Great Bay, Virgin Islands (U.S.) -> St. Croix, Virgin Islands, Virgin Islands (U.S.)",8.0,8,8,4,2,1,2,1,0.5,2,False,True,False,8.0,0.0
VN,landing_region_66a38a926c5f::landing_region_d0ecf913edd7,"Vung Tau, Vietnam -> Katong, Singapore",16.0,16,16,8,5,3,5,3,1.0,1,True,False,False,0.0,16.0
ZA,landing_region_22e3b376dfe7::landing_region_44e270aeb18c,"Yzerfontein, South Africa -> Melkbosstrand, South Africa",48.0,48,48,14,7,6,7,6,1.0,1,True,False,False,48.0,0.0
