unit_id,num_links,num_links_with_feasible_candidates,avg_feasible_candidates_per_link,median_feasible_candidates_per_link,max_feasible_candidates_per_link,avg_feasible_corridors_per_link,median_feasible_corridors_per_link,max_feasible_corridors_per_link,share_links_with_parallel_ambiguity,share_links_with_many_candidates,share_links_with_large_landing_radius,share_links_with_rtt_inconclusive,share_links_with_multi_segment_possible,share_links_with_domestic_submarine_candidate,share_links_with_only_low_support_feasible_candidates
probe_country=AE|service_id=C-Root,26,26,10.0,14.0,14,3.076923076923077,4.0,4,0.6923076923076923,0.6923076923076923,0.0,0.7692307692307693,0.0,0.9230769230769231,0.46153846153846156
probe_country=AF|service_id=C-Root,2,2,1.0,1.0,1,2.0,2.0,2,0.0,0.0,0.0,0.0,0.0,0.0,1.0
probe_country=AM|service_id=C-Root,4,4,1.0,1.0,1,2.0,2.0,2,0.0,0.0,0.0,0.0,0.0,0.0,1.0
probe_country=AT|service_id=C-Root,10,10,2.0,2.0,2,1.0,1.0,1,0.0,0.0,0.0,1.0,0.0,1.0,1.0
probe_country=AU|service_id=C-Root,1438,1438,6.36509040333797,3.0,14,1.9909596662030598,1.0,4,0.3289290681502086,0.3289290681502086,0.0,0.7885952712100139,0.09040333796940195,0.9624478442280946,0.5417246175243393
probe_country=AX|service_id=C-Root,10,10,1.4,1.0,3,1.4,1.0,2,0.2,0.0,0.0,0.4,0.0,0.4,0.8
probe_country=AZ|service_id=C-Root,7,7,1.0,1.0,1,2.0,2.0,2,0.0,0.0,0.0,0.42857142857142855,0.0,0.0,1.0
probe_country=BD|service_id=C-Root,61,61,13.131147540983607,14.0,14,3.7704918032786887,4.0,4,1.0,0.9180327868852459,0.0,0.9672131147540983,0.03278688524590164,0.9180327868852459,0.36065573770491804
probe_country=BF|service_id=C-Root,6,6,2.3333333333333335,1.0,5,1.3333333333333333,1.0,2,0.3333333333333333,0.0,0.0,0.6666666666666666,0.3333333333333333,0.6666666666666666,0.3333333333333333
probe_country=BH|service_id=C-Root,10,10,1.6,1.0,4,1.8,2.0,2,0.2,0.0,0.0,0.2,0.8,0.2,0.8
probe_country=BI|service_id=C-Root,1,1,1.0,1.0,1,1.0,1.0,1,0.0,0.0,0.0,1.0,0.0,0.0,0.0
probe_country=BJ|service_id=C-Root,8,8,1.75,2.0,2,1.75,2.0,2,0.0,0.0,0.0,0.0,1.0,0.0,1.0
probe_country=BR|service_id=C-Root,9,9,3.2222222222222223,4.0,5,1.0,1.0,1,0.6666666666666666,0.0,0.0,0.0,0.3333333333333333,0.6666666666666666,0.7777777777777778
probe_country=BT|service_id=C-Root,4,4,14.0,14.0,14,4.0,4.0,4,1.0,1.0,0.0,1.0,0.0,1.0,0.5
probe_country=CA|service_id=C-Root,219,219,1.726027397260274,2.0,3,2.401826484018265,3.0,7,0.0,0.6164383561643836,0.0,0.6712328767123288,0.0,0.7534246575342466,0.8447488584474886
probe_country=CH|service_id=C-Root,80,80,1.65,2.0,2,1.0,1.0,1,0.0,0.0,0.0,0.9875,0.0,1.0,1.0
probe_country=CI|service_id=C-Root,5,5,1.0,1.0,1,1.0,1.0,1,0.0,0.0,0.0,0.8,0.0,1.0,0.4
probe_country=CK|service_id=C-Root,4,4,3.0,3.0,3,1.0,1.0,1,0.0,0.0,0.0,1.0,0.0,1.0,0.5
probe_country=CM|service_id=C-Root,3,3,2.6666666666666665,1.0,6,1.3333333333333333,1.0,2,0.3333333333333333,0.3333333333333333,0.0,1.0,0.0,0.0,0.0
probe_country=CN|service_id=C-Root,66,66,5.181818181818182,2.0,14,1.9393939393939394,1.0,4,0.2878787878787879,0.3181818181818182,0.0,0.7424242424242424,0.0,0.9242424242424242,0.6818181818181818
probe_country=CO|service_id=C-Root,11,11,1.6363636363636365,2.0,2,1.0,1.0,1,0.18181818181818182,0.0,0.0,0.0,0.0,0.18181818181818182,1.0
probe_country=CU|service_id=C-Root,1,1,1.0,1.0,1,1.0,1.0,1,0.0,0.0,0.0,1.0,0.0,0.0,0.0
probe_country=CV|service_id=C-Root,4,4,1.0,1.0,1,2.5,3.0,3,0.0,0.0,0.0,0.75,0.0,0.75,0.75
probe_country=CW|service_id=C-Root,3,3,1.0,1.0,1,1.0,1.0,1,0.0,0.0,0.0,1.0,0.0,0.0,1.0
probe_country=CY|service_id=C-Root,18,18,1.0,1.0,1,1.0,1.0,1,0.0,0.0,0.0,0.16666666666666666,0.0,0.0,0.2222222222222222
probe_country=DE|service_id=C-Root,52,52,1.9038461538461537,2.0,3,1.25,1.0,2,0.07692307692307693,0.0,0.0,0.5,0.0,0.75,1.0
probe_country=DK|service_id=C-Root,430,430,5.355813953488372,6.0,14,2.541860465116279,3.0,4,0.9441860465116279,0.5558139534883721,0.0,0.9046511627906977,0.0,0.8046511627906977,0.386046511627907
probe_country=DO|service_id=C-Root,10,10,1.8,2.0,2,1.0,1.0,1,0.0,0.0,0.0,0.5,0.0,0.0,0.5
probe_country=EC|service_id=C-Root,8,8,1.375,1.0,2,1.0,1.0,1,0.0,0.0,0.0,0.5,0.0,0.25,0.75
probe_country=EE|service_id=C-Root,127,127,1.7716535433070866,2.0,6,1.921259842519685,2.0,2,0.05511811023622047,0.05511811023622047,0.0,0.36220472440944884,0.0,0.0,0.7401574803149606
probe_country=ES|service_id=C-Root,9,9,1.4444444444444444,1.0,3,1.0,1.0,1,0.2222222222222222,0.0,0.0,0.7777777777777778,0.0,0.7777777777777778,0.7777777777777778
probe_country=FI|service_id=C-Root,429,429,1.8041958041958042,1.0,3,1.9347319347319347,2.0,2,0.40326340326340326,0.0,0.0,0.12354312354312354,0.0,0.055944055944055944,0.9487179487179487
probe_country=FJ|service_id=C-Root,4,4,2.75,3.0,3,1.0,1.0,1,0.0,0.0,0.0,0.75,0.25,0.75,0.5
probe_country=FM|service_id=C-Root,5,5,2.0,2.0,2,1.0,1.0,1,0.0,0.0,0.0,0.6,0.0,0.8,0.8
probe_country=GB|service_id=C-Root,9,9,2.7777777777777777,3.0,3,1.0,1.0,1,0.2222222222222222,0.0,0.0,0.6666666666666666,0.0,1.0,0.7777777777777778
probe_country=GG|service_id=C-Root,2,2,3.0,3.0,3,2.0,2.0,2,0.0,0.0,0.0,0.5,0.0,1.0,0.5
probe_country=GH|service_id=C-Root,6,6,4.0,5.0,6,1.3333333333333333,1.0,2,0.6666666666666666,0.3333333333333333,0.0,0.3333333333333333,0.3333333333333333,0.3333333333333333,0.6666666666666666
probe_country=GP|service_id=C-Root,4,4,3.0,3.0,3,5.5,5.5,7,0.5,1.0,0.0,0.5,0.0,0.5,0.5
probe_country=GU|service_id=C-Root,32,32,5.3125,2.0,14,1.84375,1.0,4,0.28125,0.28125,0.0,0.875,0.0625,0.9375,0.8125
probe_country=HK|service_id=C-Root,592,592,8.41385135135135,10.0,14,2.7905405405405403,4.0,4,0.589527027027027,0.589527027027027,0.0,0.8158783783783784,0.0,0.8293918918918919,0.5726351351351351
probe_country=HN|service_id=C-Root,11,11,3.0,3.0,3,1.0,1.0,1,1.0,0.0,0.0,0.09090909090909091,0.0,0.0,1.0
probe_country=ID|service_id=C-Root,750,750,10.382666666666667,14.0,14,3.708,4.0,8,0.7186666666666667,0.7186666666666667,0.0,0.8786666666666667,0.0,0.88,0.36
probe_country=IE|service_id=C-Root,4,4,3.0,3.0,4,1.5,1.5,2,0.5,0.0,0.0,0.5,0.0,0.5,0.75
probe_country=IL|service_id=C-Root,47,47,1.3617021276595744,1.0,2,2.74468085106383,2.0,5,0.0,0.7872340425531915,0.0,1.0,0.0,1.0,0.5106382978723404
probe_country=IM|service_id=C-Root,6,6,1.0,1.0,1,1.0,1.0,1,0.0,0.0,0.0,0.3333333333333333,0.0,1.0,0.6666666666666666
probe_country=IN|service_id=C-Root,752,752,12.08909574468085,14.0,14,3.5039893617021276,4.0,4,0.9946808510638298,0.8098404255319149,0.0,0.875,0.08111702127659574,0.8417553191489362,0.3271276595744681
probe_country=IR|service_id=C-Root,1,1,1.0,1.0,1,2.0,2.0,2,0.0,0.0,0.0,0.0,0.0,0.0,1.0
probe_country=IS|service_id=C-Root,10,10,4.6,4.0,7,2.2,2.0,3,1.0,0.2,0.0,0.8,0.0,0.6,0.5
probe_country=IT|service_id=C-Root,53,53,3.2830188679245285,4.0,4,1.6415094339622642,2.0,2,0.6415094339622641,0.0,0.0,0.6792452830188679,0.0,0.3584905660377358,0.7735849056603774
probe_country=JM|service_id=C-Root,9,9,1.0,1.0,1,1.0,1.0,1,0.0,0.0,0.0,1.0,0.0,1.0,0.7777777777777778
probe_country=JP|service_id=C-Root,19,19,1.9473684210526316,1.0,3,3.0526315789473686,4.0,4,0.0,0.5263157894736842,0.0,0.8947368421052632,0.0,1.0,1.0
probe_country=KE|service_id=C-Root,18,18,1.0,1.0,1,1.0,1.0,1,0.0,0.0,0.0,0.8333333333333334,0.0,0.9444444444444444,0.4444444444444444
probe_country=KG|service_id=C-Root,26,26,1.0,1.0,1,2.0,2.0,2,0.0,0.0,0.0,0.34615384615384615,0.0,0.0,1.0
probe_country=KH|service_id=C-Root,29,29,12.620689655172415,14.0,14,3.689655172413793,4.0,4,0.896551724137931,0.896551724137931,0.0,0.896551724137931,0.0,0.9310344827586207,0.4482758620689655
probe_country=KI|service_id=C-Root,13,13,3.0,3.0,3,1.0,1.0,1,0.0,0.0,0.0,0.5384615384615384,0.0,1.0,0.6153846153846154
probe_country=KN|service_id=C-Root,2,2,1.0,1.0,1,1.0,1.0,1,0.0,0.0,0.0,1.0,0.0,1.0,1.0
probe_country=KR|service_id=C-Root,9,9,9.333333333333334,10.0,14,3.2222222222222223,4.0,4,0.6666666666666666,0.6666666666666666,0.0,0.7777777777777778,0.0,0.7777777777777778,0.5555555555555556
probe_country=KY|service_id=C-Root,1,1,1.0,1.0,1,1.0,1.0,1,0.0,0.0,0.0,0.0,0.0,0.0,1.0
probe_country=KZ|service_id=C-Root,5,5,1.0,1.0,1,2.0,2.0,2,0.0,0.0,0.0,0.0,0.0,0.0,1.0
probe_country=LA|service_id=C-Root,32,32,14.0,14.0,14,4.0,4.0,4,1.0,1.0,0.0,1.0,0.0,1.0,0.34375
probe_country=LB|service_id=C-Root,1,1,1.0,1.0,1,1.0,1.0,1,0.0,0.0,0.0,1.0,0.0,1.0,1.0
probe_country=LC|service_id=C-Root,1,1,2.0,2.0,2,1.0,1.0,1,0.0,0.0,0.0,0.0,0.0,0.0,1.0
probe_country=LK|service_id=C-Root,70,70,10.457142857142857,14.0,14,3.1857142857142855,4.0,4,0.7571428571428571,0.7142857142857143,0.0,0.8285714285714286,0.014285714285714285,0.7142857142857143,0.18571428571428572
probe_country=LT|service_id=C-Root,2,2,1.0,1.0,1,2.0,2.0,2,0.0,0.0,0.0,0.5,0.0,0.0,1.0
probe_country=LV|service_id=C-Root,41,41,1.0,1.0,1,2.0,2.0,2,0.0,0.0,0.0,0.024390243902439025,0.0,0.0,1.0
probe_country=ML|service_id=C-Root,4,4,1.75,1.0,4,1.25,1.0,2,0.25,0.0,0.0,0.5,0.0,0.5,0.5
probe_country=MM|service_id=C-Root,20,20,11.4,14.0,14,3.4,4.0,4,0.8,0.8,0.0,1.0,0.0,0.8,0.35
probe_country=MP|service_id=C-Root,2,2,5.0,5.0,5,1.0,1.0,1,1.0,1.0,0.0,1.0,0.0,0.0,0.0
probe_country=MT|service_id=C-Root,31,31,1.096774193548387,1.0,2,1.0,1.0,1,0.0967741935483871,0.0,0.0,0.8709677419354839,0.0,0.9032258064516129,1.0
probe_country=MU|service_id=C-Root,35,35,12.142857142857142,14.0,14,3.5714285714285716,4.0,4,0.8571428571428571,0.8571428571428571,0.0,0.8857142857142857,0.0,0.9714285714285714,0.2857142857142857
probe_country=MV|service_id=C-Root,115,115,8.017391304347827,14.0,14,2.878260869565217,4.0,4,0.8521739130434782,0.5130434782608696,0.0,0.8521739130434782,0.10434782608695652,0.8434782608695652,0.391304347826087
probe_country=MX|service_id=C-Root,18,18,11.555555555555555,14.0,14,3.3333333333333335,4.0,4,1.0,0.7777777777777778,0.0,1.0,0.0,0.7777777777777778,0.4444444444444444
probe_country=MY|service_id=C-Root,175,175,12.902857142857142,14.0,14,3.742857142857143,4.0,4,0.9657142857142857,0.9142857142857143,0.0,0.9485714285714286,0.0,0.9428571428571428,0.30857142857142855
probe_country=NC|service_id=C-Root,57,57,6.350877192982456,3.0,14,2.1052631578947367,1.0,4,0.3684210526315789,0.3684210526315789,0.0,0.6842105263157895,0.07017543859649122,0.8421052631578947,0.45614035087719296
probe_country=NG|service_id=C-Root,7,7,4.0,4.0,6,1.4285714285714286,1.0,2,0.7142857142857143,0.42857142857142855,0.0,0.2857142857142857,0.7142857142857143,0.2857142857142857,0.5714285714285714
probe_country=NI|service_id=C-Root,1,1,3.0,3.0,3,1.0,1.0,1,1.0,0.0,0.0,1.0,0.0,0.0,1.0
probe_country=NL|service_id=C-Root,3,3,1.0,1.0,1,1.6666666666666667,2.0,2,0.0,0.0,0.0,0.3333333333333333,0.0,0.0,1.0
probe_country=NO|service_id=C-Root,362,362,1.3453038674033149,1.0,7,1.5828729281767955,1.0,4,0.0856353591160221,0.013812154696132596,0.0,0.8149171270718232,0.0,0.8176795580110497,0.8425414364640884
probe_country=NP|service_id=C-Root,54,54,12.981481481481481,14.0,14,3.759259259259259,4.0,4,1.0,0.9074074074074074,0.0,0.9629629629629629,0.037037037037037035,0.9074074074074074,0.6111111111111112
probe_country=NU|service_id=C-Root,4,4,2.5,3.0,3,1.0,1.0,1,0.0,0.0,0.0,0.5,0.0,0.75,0.5
probe_country=NZ|service_id=C-Root,1023,1023,1.8504398826979471,1.0,3,1.1759530791788857,1.0,3,0.0967741935483871,0.0967741935483871,0.0,0.7624633431085044,0.015640273704789834,0.8621700879765396,0.8885630498533724
probe_country=OM|service_id=C-Root,17,17,14.0,14.0,14,4.0,4.0,4,1.0,1.0,0.0,1.0,0.0,1.0,0.17647058823529413
probe_country=PA|service_id=C-Root,6,6,1.0,1.0,1,1.0,1.0,1,0.0,0.0,0.0,0.3333333333333333,0.0,0.6666666666666666,0.6666666666666666
probe_country=PE|service_id=C-Root,2,2,1.0,1.0,1,1.0,1.0,1,0.0,0.0,0.0,0.5,0.0,0.0,1.0
probe_country=PG|service_id=C-Root,4,4,2.0,2.0,3,1.0,1.0,1,0.0,0.0,0.0,0.0,0.0,0.5,0.5
probe_country=PH|service_id=C-Root,240,240,9.9375,14.0,14,3.1083333333333334,4.0,4,0.7,0.6875,0.0,0.8125,0.0,0.8291666666666667,0.45
probe_country=PL|service_id=C-Root,6,6,1.6666666666666667,1.0,3,2.0,2.0,2,0.3333333333333333,0.0,0.0,0.6666666666666666,0.0,0.0,0.6666666666666666
probe_country=PR|service_id=C-Root,6,6,2.0,2.0,3,1.0,1.0,1,0.5,0.0,0.0,0.5,0.0,0.5,0.8333333333333334
probe_country=PT|service_id=C-Root,192,192,1.0,1.0,1,1.0,1.0,1,0.0,0.0,0.0,0.6927083333333334,0.0,0.875,0.75
probe_country=QA|service_id=C-Root,2,2,2.0,2.0,2,1.0,1.0,1,1.0,0.0,0.0,0.0,1.0,0.0,1.0
probe_country=RE|service_id=C-Root,172,172,14.0,14.0,14,4.0,4.0,4,1.0,1.0,0.0,1.0,0.0,1.0,0.28488372093023256
probe_country=RO|service_id=C-Root,2,2,6.0,6.0,6,3.0,3.0,3,1.0,1.0,0.0,1.0,0.0,1.0,0.5
probe_country=RU|service_id=C-Root,727,727,1.1678129298486932,1.0,6,1.9889958734525448,2.0,2,0.06740027510316368,0.008253094910591471,0.0,0.1265474552957359,0.0,0.0,0.9889958734525447
probe_country=SE|service_id=C-Root,634,634,2.719242902208202,3.5,7,2.055205047318612,2.0,3,0.5078864353312302,0.06782334384858044,0.0,0.526813880126183,0.0,0.44952681388012616,0.6829652996845426
probe_country=SG|service_id=C-Root,1045,1045,13.370334928229665,14.0,14,3.8688995215311004,4.0,4,0.9617224880382775,0.9492822966507177,0.0,0.970334928229665,0.012440191387559809,0.9770334928229665,0.23349282296650717
probe_country=SL|service_id=C-Root,2,2,1.0,1.0,1,1.0,1.0,1,0.0,0.0,0.0,0.0,1.0,0.0,1.0
probe_country=SR|service_id=C-Root,2,2,1.0,1.0,1,1.0,1.0,1,0.0,0.0,0.0,1.0,0.0,0.0,1.0
probe_country=SS|service_id=C-Root,6,6,1.0,1.0,1,1.0,1.0,1,0.0,0.0,0.0,0.6666666666666666,0.0,1.0,0.5
probe_country=SV|service_id=C-Root,5,5,3.0,3.0,3,1.0,1.0,1,1.0,0.0,0.0,0.0,0.0,0.0,1.0
probe_country=TD|service_id=C-Root,2,2,1.0,1.0,1,1.0,1.0,1,0.0,0.0,0.0,0.0,1.0,0.0,1.0
probe_country=TH|service_id=C-Root,236,236,12.771186440677965,14.0,14,3.7711864406779663,4.0,4,0.9491525423728814,0.8898305084745762,0.0,0.940677966101695,0.0423728813559322,0.9322033898305084,0.3898305084745763
probe_country=TJ|service_id=C-Root,23,23,1.0,1.0,1,2.0,2.0,2,0.0,0.0,0.0,0.0,0.0,0.0,1.0
probe_country=TL|service_id=C-Root,38,38,8.052631578947368,12.0,14,2.8947368421052633,4.0,7,0.5263157894736842,0.5263157894736842,0.0,0.7894736842105263,0.0,0.8947368421052632,0.5789473684210527
probe_country=TO|service_id=C-Root,8,8,2.25,2.5,3,1.0,1.0,1,0.25,0.0,0.0,0.25,0.25,0.25,0.875
probe_country=TV|service_id=C-Root,6,6,1.3333333333333333,1.0,2,1.0,1.0,1,0.3333333333333333,0.0,0.0,0.3333333333333333,0.0,0.6666666666666666,1.0
probe_country=TW|service_id=C-Root,543,543,3.7679558011049723,1.0,14,1.7734806629834254,1.0,4,0.2523020257826888,0.2523020257826888,0.0,0.7071823204419889,0.011049723756906077,0.8895027624309392,0.7845303867403315
probe_country=TZ|service_id=C-Root,2,2,4.0,4.0,4,1.0,1.0,1,1.0,0.0,0.0,0.0,0.0,0.0,1.0
probe_country=UA|service_id=C-Root,26,26,1.0,1.0,1,2.0,2.0,2,0.0,0.0,0.0,0.3076923076923077,0.0,0.0,1.0
probe_country=UG|service_id=C-Root,1,1,1.0,1.0,1,1.0,1.0,1,0.0,0.0,0.0,1.0,0.0,0.0,0.0
probe_country=US|service_id=C-Root,654,654,3.0122324159021407,3.0,14,1.8868501529051989,2.0,4,0.05198776758409786,0.04892966360856269,0.0,0.8944954128440367,0.0,0.9892966360856269,0.9051987767584098
probe_country=UZ|service_id=C-Root,17,17,1.0,1.0,1,2.0,2.0,2,0.0,0.0,0.0,0.0,0.0,0.0,1.0
probe_country=VA|service_id=C-Root,4,4,3.0,3.0,4,1.5,1.5,2,0.5,0.0,0.0,0.75,0.0,0.5,1.0
probe_country=VE|service_id=C-Root,17,17,1.0,1.0,1,1.0,1.0,1,0.0,0.0,0.0,0.4117647058823529,0.0,0.8823529411764706,0.9411764705882353
probe_country=VI|service_id=C-Root,6,6,1.5,1.5,2,1.0,1.0,1,0.0,0.0,0.0,0.5,0.0,0.5,1.0
probe_country=VN|service_id=C-Root,149,149,8.0,10.0,14,2.5906040268456376,4.0,4,0.5234899328859061,0.5234899328859061,0.0,0.8120805369127517,0.0,0.9194630872483222,0.5167785234899329
probe_country=VU|service_id=C-Root,10,10,2.8,3.0,3,1.0,1.0,1,0.2,0.0,0.0,0.6,0.2,0.6,0.8
probe_country=ZA|service_id=C-Root,51,51,3.2941176470588234,2.0,14,1.4705882352941178,1.0,4,0.23529411764705882,0.11764705882352941,0.0,0.27450980392156865,0.1568627450980392,0.13725490196078433,0.21568627450980393
