unit_id,src_country,service_id,msm_id,file_name,num_measurements,num_probes,num_probe_asns,num_files_or_targets,num_egress_links,num_egress_asns,num_next_asns_after_egress,num_egress_transitions,egress_transition_entropy,effective_egress_transitions,num_src_dst_as_pairs,src_dst_as_pair_entropy,effective_as_pair_transitions,network_effective_diversity,physical_level,num_feasible_candidates,num_feasible_corridors,effective_feasible_candidates,effective_feasible_corridors,physical_candidate_diversity_upper_bound,network_to_physical_compression_ratio,log_network_physical_compression_gap,physical_coverage_ratio,absolute_compression_tier,network_percentile,physical_upper_bound_percentile,rank_gap_upper_bound,strict_upper_bound_mismatch_75_25,upper_bound_mismatch_category,pdb_interconnection_footprint_score,pdb_interconnection_footprint_percentile,pdb_interconnection_footprint_tier
src_country=AE|msm_id=5051|file_name=ripe_atlas_5051_20251201.json,AE,msm_5051,5051,ripe_atlas_5051_20251201.json,1,462,21,1,270,10,20,28,2.3692532622396985,10.689407119138908,52,2.5352838195881597,12.620012146441514,10.689407119138908,cable,18,39,18.0,39.0,18.0,0.5938559510632726,-0.48575592189428063,1.683910042847166,no_compression,0.868421052631579,0.9078947368421053,-6.0,False,network_high_physical_upper_high,10.82475905840779,0.6847826086956522,high
src_country=AE|msm_id=5051|file_name=ripe_atlas_5051_20251201.json,AE,msm_5051,5051,ripe_atlas_5051_20251201.json,1,462,21,1,270,10,20,28,2.3692532622396985,10.689407119138908,52,2.5352838195881597,12.620012146441514,10.689407119138908,corridor,18,39,18.0,39.0,39.0,0.27408736202920275,-1.2301963968417766,3.648471759502193,no_compression,0.868421052631579,0.8026315789473685,6.0,False,network_high_physical_upper_high,10.82475905840779,0.6847826086956522,high
src_country=AG|msm_id=5051|file_name=ripe_atlas_5051_20251201.json,AG,msm_5051,5051,ripe_atlas_5051_20251201.json,1,4,1,1,4,1,1,1,-0.0,1.0,1,-0.0,1.0,1.0,cable,4,20,4.0,20.0,4.0,0.25,-0.916290731874155,4.0,no_compression,0.13157894736842105,0.43859649122807015,-61.0,False,network_low_physical_upper_low,0.6931471805599453,0.0244565217391304,low
src_country=AG|msm_id=5051|file_name=ripe_atlas_5051_20251201.json,AG,msm_5051,5051,ripe_atlas_5051_20251201.json,1,4,1,1,4,1,1,1,-0.0,1.0,1,-0.0,1.0,1.0,corridor,4,20,4.0,20.0,20.0,0.05,-2.3513752571634776,20.0,no_compression,0.13157894736842105,0.6754385964912281,-53.0,False,network_low_physical_upper_high,0.6931471805599453,0.0244565217391304,low
src_country=AL|msm_id=5051|file_name=ripe_atlas_5051_20251201.json,AL,msm_5051,5051,ripe_atlas_5051_20251201.json,1,6,1,1,179,1,1,1,-0.0,1.0,1,-0.0,1.0,1.0,cable,1,1,1.0,1.0,1.0,1.0,0.0,1.0,no_compression,0.13157894736842105,0.07456140350877193,-58.0,False,network_low_physical_upper_low,7.162488829251559,0.5108695652173914,medium
src_country=AL|msm_id=5051|file_name=ripe_atlas_5051_20251201.json,AL,msm_5051,5051,ripe_atlas_5051_20251201.json,1,6,1,1,179,1,1,1,-0.0,1.0,1,-0.0,1.0,1.0,corridor,1,1,1.0,1.0,1.0,1.0,0.0,1.0,no_compression,0.13157894736842105,0.07017543859649122,-35.0,False,network_low_physical_upper_low,7.162488829251559,0.5108695652173914,medium
src_country=AO|msm_id=5051|file_name=ripe_atlas_5051_20251201.json,AO,msm_5051,5051,ripe_atlas_5051_20251201.json,1,7,4,1,18,3,5,5,1.1648729119013703,3.2055154744481853,6,1.3097558619082146,3.7052690044735783,3.2055154744481853,cable,4,10,4.0,10.0,4.0,0.8013788686120463,-0.17304104044657942,1.2478492248391286,no_compression,0.5789473684210527,0.43859649122807015,-25.0,False,network_high_physical_upper_low,8.921789641462196,0.5815217391304348,medium
src_country=AO|msm_id=5051|file_name=ripe_atlas_5051_20251201.json,AO,msm_5051,5051,ripe_atlas_5051_20251201.json,1,7,4,1,18,3,5,5,1.1648729119013703,3.2055154744481853,6,1.3097558619082146,3.7052690044735783,3.2055154744481853,corridor,4,10,4.0,10.0,10.0,0.3205515474448185,-0.9614984008108498,3.119623062097822,no_compression,0.5789473684210527,0.47368421052631576,-8.0,False,network_high_physical_upper_low,8.921789641462196,0.5815217391304348,medium
src_country=AT|msm_id=5051|file_name=ripe_atlas_5051_20251201.json,AT,msm_5051,5051,ripe_atlas_5051_20251201.json,1,32,9,1,39,4,8,9,1.8269355989314249,6.214812769536054,19,2.1066358278174446,8.220539403817016,6.214812769536054,cable,2,2,2.0,2.0,2.0,3.107406384768027,0.8775239530527599,0.32181178647949893,moderate_compression,0.7894736842105263,0.20175438596491227,1.0,True,network_high_physical_upper_low,15.343277073578498,0.8315217391304348,high
src_country=AT|msm_id=5051|file_name=ripe_atlas_5051_20251201.json,AT,msm_5051,5051,ripe_atlas_5051_20251201.json,1,32,9,1,39,4,8,9,1.8269355989314249,6.214812769536054,19,2.1066358278174446,8.220539403817016,6.214812769536054,corridor,2,2,2.0,2.0,2.0,3.107406384768027,0.8775239530527599,0.32181178647949893,moderate_compression,0.7894736842105263,0.17543859649122806,24.0,True,network_high_physical_upper_low,15.343277073578498,0.8315217391304348,high
src_country=AU|msm_id=5051|file_name=ripe_atlas_5051_20251201.json,AU,msm_5051,5051,ripe_atlas_5051_20251201.json,1,5195,86,1,2336,44,41,92,3.1934604511017786,24.372621950070563,225,2.7057512873541736,14.965555900955636,24.372621950070563,cable,20,53,20.0,53.0,20.0,1.2186310975035282,0.18914827899350906,0.8205928783932948,weak_compression,0.956140350877193,0.9298245614035088,2.0,False,network_high_physical_upper_high,21.816726333685327,0.9565217391304348,high
src_country=AU|msm_id=5051|file_name=ripe_atlas_5051_20251201.json,AU,msm_5051,5051,ripe_atlas_5051_20251201.json,1,5195,86,1,2336,44,41,92,3.1934604511017786,24.372621950070563,225,2.7057512873541736,14.965555900955636,24.372621950070563,corridor,20,53,20.0,53.0,53.0,0.45986079151076537,-0.7553133298473425,2.1745711277422313,no_compression,0.956140350877193,0.8771929824561403,9.0,False,network_high_physical_upper_high,21.816726333685327,0.9565217391304348,high
src_country=AX|msm_id=5051|file_name=ripe_atlas_5051_20251201.json,AX,msm_5051,5051,ripe_atlas_5051_20251201.json,1,1,1,1,21,1,1,1,-0.0,1.0,1,-0.0,1.0,1.0,cable,3,5,3.0,5.0,3.0,0.3333333333333333,-0.6931471805599453,3.0,no_compression,0.13157894736842105,0.3157894736842105,-60.0,False,network_low_physical_upper_low,,,
src_country=AX|msm_id=5051|file_name=ripe_atlas_5051_20251201.json,AX,msm_5051,5051,ripe_atlas_5051_20251201.json,1,1,1,1,21,1,1,1,-0.0,1.0,1,-0.0,1.0,1.0,corridor,3,5,3.0,5.0,5.0,0.2,-1.0986122886681096,5.0,no_compression,0.13157894736842105,0.34210526315789475,-39.0,False,network_low_physical_upper_low,,,
src_country=BB|msm_id=5051|file_name=ripe_atlas_5051_20251201.json,BB,msm_5051,5051,ripe_atlas_5051_20251201.json,1,1,1,1,1,1,1,1,-0.0,1.0,1,-0.0,1.0,1.0,cable,1,1,1.0,1.0,1.0,1.0,0.0,1.0,no_compression,0.13157894736842105,0.07456140350877193,-58.0,False,network_low_physical_upper_low,,,
src_country=BB|msm_id=5051|file_name=ripe_atlas_5051_20251201.json,BB,msm_5051,5051,ripe_atlas_5051_20251201.json,1,1,1,1,1,1,1,1,-0.0,1.0,1,-0.0,1.0,1.0,corridor,1,1,1.0,1.0,1.0,1.0,0.0,1.0,no_compression,0.13157894736842105,0.07017543859649122,-35.0,False,network_low_physical_upper_low,,,
src_country=BG|msm_id=5051|file_name=ripe_atlas_5051_20251201.json,BG,msm_5051,5051,ripe_atlas_5051_20251201.json,1,3,2,1,0,0,0,0,0.0,0.0,3,1.0397207708399179,2.82842712474619,2.82842712474619,cable,1,3,1.0,3.0,1.0,2.82842712474619,0.6493068658935807,0.3535533905932738,weak_compression,0.5350877192982456,0.07456140350877193,-27.0,False,network_high_physical_upper_low,15.298850737841091,0.8260869565217391,high
src_country=BG|msm_id=5051|file_name=ripe_atlas_5051_20251201.json,BG,msm_5051,5051,ripe_atlas_5051_20251201.json,1,3,2,1,0,0,0,0,0.0,0.0,3,1.0397207708399179,2.82842712474619,2.82842712474619,corridor,1,3,1.0,3.0,3.0,0.9428090415820632,-0.04384031466636462,1.0606601717798214,no_compression,0.5350877192982456,0.2412280701754386,-6.0,False,network_high_physical_upper_low,15.298850737841091,0.8260869565217391,high
src_country=BH|msm_id=5051|file_name=ripe_atlas_5051_20251201.json,BH,msm_5051,5051,ripe_atlas_5051_20251201.json,1,67,9,1,70,4,7,8,1.6784865485916693,5.357441604779441,17,2.285070838728946,9.826382287794344,5.357441604779441,cable,7,35,7.0,35.0,7.0,0.7653488006827773,-0.22981550865688916,1.306593802862025,no_compression,0.7456140350877193,0.6535087719298246,-9.0,False,network_high_physical_upper_high,8.049427057110695,0.5489130434782609,medium
src_country=BH|msm_id=5051|file_name=ripe_atlas_5051_20251201.json,BH,msm_5051,5051,ripe_atlas_5051_20251201.json,1,67,9,1,70,4,7,8,1.6784865485916693,5.357441604779441,17,2.285070838728946,9.826382287794344,5.357441604779441,corridor,7,35,7.0,35.0,35.0,0.15306976013655546,-1.7338929054331633,6.532969014310125,no_compression,0.7456140350877193,0.7894736842105263,-7.0,False,network_high_physical_upper_high,8.049427057110695,0.5489130434782609,medium
src_country=BJ|msm_id=5051|file_name=ripe_atlas_5051_20251201.json,BJ,msm_5051,5051,ripe_atlas_5051_20251201.json,1,5,3,1,81,3,3,3,0.8102900189428839,2.2485600171204876,3,0.8102900189428839,2.2485600171204876,2.2485600171204876,cable,3,4,3.0,4.0,3.0,0.7495200057068292,-0.20808253461872805,1.3341872029912765,no_compression,0.4473684210526316,0.3157894736842105,-39.0,False,network_low_physical_upper_low,3.332204510175204,0.2146739130434782,low
src_country=BJ|msm_id=5051|file_name=ripe_atlas_5051_20251201.json,BJ,msm_5051,5051,ripe_atlas_5051_20251201.json,1,5,3,1,81,3,3,3,0.8102900189428839,2.2485600171204876,3,0.8102900189428839,2.2485600171204876,2.2485600171204876,corridor,3,4,3.0,4.0,4.0,0.5621400042801219,-0.43122608593293776,1.7789162706550352,no_compression,0.4473684210526316,0.29385964912280704,-17.0,False,network_low_physical_upper_low,3.332204510175204,0.2146739130434782,low
src_country=BN|msm_id=5051|file_name=ripe_atlas_5051_20251201.json,BN,msm_5051,5051,ripe_atlas_5051_20251201.json,1,51,2,1,0,0,0,0,0.0,0.0,5,0.9646062642892665,2.6237543872719695,2.6237543872719695,cable,1,1,1.0,1.0,1.0,2.6237543872719695,0.5943634313924552,0.3811332359656359,weak_compression,0.49122807017543857,0.07456140350877193,-32.0,False,network_low_physical_upper_low,5.886104031450156,0.4239130434782608,medium
src_country=BN|msm_id=5051|file_name=ripe_atlas_5051_20251201.json,BN,msm_5051,5051,ripe_atlas_5051_20251201.json,1,51,2,1,0,0,0,0,0.0,0.0,5,0.9646062642892665,2.6237543872719695,2.6237543872719695,corridor,1,1,1.0,1.0,1.0,2.6237543872719695,0.5943634313924552,0.3811332359656359,weak_compression,0.49122807017543857,0.07017543859649122,-9.0,False,network_low_physical_upper_low,5.886104031450156,0.4239130434782608,medium
src_country=BQ|msm_id=5051|file_name=ripe_atlas_5051_20251201.json,BQ,msm_5051,5051,ripe_atlas_5051_20251201.json,1,1,1,1,0,0,0,0,0.0,0.0,1,-0.0,1.0,1.0,cable,5,17,5.0,17.0,5.0,0.2,-1.0986122886681096,5.0,no_compression,0.13157894736842105,0.543859649122807,-62.0,False,network_low_physical_upper_high,3.465735902799726,0.2391304347826087,low
src_country=BQ|msm_id=5051|file_name=ripe_atlas_5051_20251201.json,BQ,msm_5051,5051,ripe_atlas_5051_20251201.json,1,1,1,1,0,0,0,0,0.0,0.0,1,-0.0,1.0,1.0,corridor,5,17,5.0,17.0,17.0,0.058823529411764705,-2.197224577336219,17.0,no_compression,0.13157894736842105,0.6491228070175439,-51.0,False,network_low_physical_upper_high,3.465735902799726,0.2391304347826087,low
src_country=BR|msm_id=5051|file_name=ripe_atlas_5051_20251201.json,BR,msm_5051,5051,ripe_atlas_5051_20251201.json,1,3508,58,1,2084,24,24,37,2.2391628820384644,9.385471251451067,164,2.2854168798652554,9.82978320868235,9.385471251451067,cable,16,50,16.0,50.0,16.0,0.5865919532156917,-0.4928055096690027,1.7047625602738141,no_compression,0.8508771929824561,0.881578947368421,-6.0,False,network_high_physical_upper_high,24.383809801808635,0.9891304347826086,high
src_country=BR|msm_id=5051|file_name=ripe_atlas_5051_20251201.json,BR,msm_5051,5051,ripe_atlas_5051_20251201.json,1,3508,58,1,2084,24,24,37,2.2391628820384644,9.385471251451067,164,2.2854168798652554,9.82978320868235,9.385471251451067,corridor,16,50,16.0,50.0,50.0,0.18770942502902133,-1.5914177983371123,5.3273830008556695,no_compression,0.8508771929824561,0.868421052631579,-2.0,False,network_high_physical_upper_high,24.383809801808635,0.9891304347826086,high
src_country=BZ|msm_id=5051|file_name=ripe_atlas_5051_20251201.json,BZ,msm_5051,5051,ripe_atlas_5051_20251201.json,1,2,1,1,0,0,0,0,0.0,0.0,2,0.6931471805599453,2.0,2.0,cable,1,1,1.0,1.0,1.0,2.0,0.4054651081081645,0.5,weak_compression,0.40789473684210525,0.07456140350877193,-41.0,False,network_low_physical_upper_low,,,
src_country=BZ|msm_id=5051|file_name=ripe_atlas_5051_20251201.json,BZ,msm_5051,5051,ripe_atlas_5051_20251201.json,1,2,1,1,0,0,0,0,0.0,0.0,2,0.6931471805599453,2.0,2.0,corridor,1,1,1.0,1.0,1.0,2.0,0.4054651081081645,0.5,weak_compression,0.40789473684210525,0.07017543859649122,-18.0,False,network_low_physical_upper_low,,,
src_country=CA|msm_id=5051|file_name=ripe_atlas_5051_20251201.json,CA,msm_5051,5051,ripe_atlas_5051_20251201.json,1,1063,60,1,2546,32,32,66,2.6520306306066432,14.18280947103001,147,3.231690778211994,25.32243541841852,14.18280947103001,cable,10,413,10.0,413.0,10.0,1.4182809471030011,0.3222685591874037,0.7050789210999505,weak_compression,0.9210526315789473,0.7543859649122807,8.0,False,network_high_physical_upper_high,21.55608906686206,0.9510869565217392,high
src_country=CA|msm_id=5051|file_name=ripe_atlas_5051_20251201.json,CA,msm_5051,5051,ripe_atlas_5051_20251201.json,1,1063,60,1,2546,32,32,66,2.6520306306066432,14.18280947103001,147,3.231690778211994,25.32243541841852,14.18280947103001,corridor,10,413,10.0,413.0,413.0,0.03434094302912835,-3.30570214183954,29.11975944142796,no_compression,0.9210526315789473,1.0,-9.0,False,network_high_physical_upper_high,21.55608906686206,0.9510869565217392,high
src_country=CG|msm_id=5051|file_name=ripe_atlas_5051_20251201.json,CG,msm_5051,5051,ripe_atlas_5051_20251201.json,1,1,1,1,90,1,1,1,-0.0,1.0,1,-0.0,1.0,1.0,cable,2,2,2.0,2.0,2.0,0.5,-0.4054651081081645,2.0,no_compression,0.13157894736842105,0.20175438596491227,-59.0,False,network_low_physical_upper_low,5.6063274678708135,0.3967391304347826,medium
src_country=CG|msm_id=5051|file_name=ripe_atlas_5051_20251201.json,CG,msm_5051,5051,ripe_atlas_5051_20251201.json,1,1,1,1,90,1,1,1,-0.0,1.0,1,-0.0,1.0,1.0,corridor,2,2,2.0,2.0,2.0,0.5,-0.4054651081081645,2.0,no_compression,0.13157894736842105,0.17543859649122806,-36.0,False,network_low_physical_upper_low,5.6063274678708135,0.3967391304347826,medium
src_country=CH|msm_id=5051|file_name=ripe_atlas_5051_20251201.json,CH,msm_5051,5051,ripe_atlas_5051_20251201.json,1,713,60,1,230,19,17,28,2.4077574229706773,11.109020355829111,172,2.9510348832171496,19.1257363937013,11.109020355829111,cable,2,2,2.0,2.0,2.0,5.554510177914556,1.3953383701522657,0.18003387661006154,severe_compression,0.8947368421052632,0.20175438596491227,13.0,True,network_high_physical_upper_low,19.17669877499184,0.9239130434782608,high
src_country=CH|msm_id=5051|file_name=ripe_atlas_5051_20251201.json,CH,msm_5051,5051,ripe_atlas_5051_20251201.json,1,713,60,1,230,19,17,28,2.4077574229706773,11.109020355829111,172,2.9510348832171496,19.1257363937013,11.109020355829111,corridor,2,2,2.0,2.0,2.0,5.554510177914556,1.3953383701522657,0.18003387661006154,severe_compression,0.8947368421052632,0.17543859649122806,36.0,True,network_high_physical_upper_low,19.17669877499184,0.9239130434782608,high
src_country=CI|msm_id=5051|file_name=ripe_atlas_5051_20251201.json,CI,msm_5051,5051,ripe_atlas_5051_20251201.json,1,12,1,1,12,1,1,1,-0.0,1.0,1,-0.0,1.0,1.0,cable,1,1,1.0,1.0,1.0,1.0,0.0,1.0,no_compression,0.13157894736842105,0.07456140350877193,-58.0,False,network_low_physical_upper_low,5.724110503527197,0.4021739130434782,medium
src_country=CI|msm_id=5051|file_name=ripe_atlas_5051_20251201.json,CI,msm_5051,5051,ripe_atlas_5051_20251201.json,1,12,1,1,12,1,1,1,-0.0,1.0,1,-0.0,1.0,1.0,corridor,1,1,1.0,1.0,1.0,1.0,0.0,1.0,no_compression,0.13157894736842105,0.07017543859649122,-35.0,False,network_low_physical_upper_low,5.724110503527197,0.4021739130434782,medium
src_country=CL|msm_id=5051|file_name=ripe_atlas_5051_20251201.json,CL,msm_5051,5051,ripe_atlas_5051_20251201.json,1,543,14,1,1471,2,3,3,0.020664010024963077,1.0208789889019392,37,0.7369161268401025,2.0894818714392986,1.0208789889019392,cable,4,9,4.0,9.0,4.0,0.2552197472254848,-0.9059053526474934,3.918192110411062,no_compression,0.2719298245614035,0.43859649122807015,-59.0,False,network_low_physical_upper_low,15.27575460109274,0.8206521739130435,high
src_country=CL|msm_id=5051|file_name=ripe_atlas_5051_20251201.json,CL,msm_5051,5051,ripe_atlas_5051_20251201.json,1,543,14,1,1471,2,3,3,0.020664010024963077,1.0208789889019392,37,0.7369161268401025,2.0894818714392986,1.0208789889019392,corridor,4,9,4.0,9.0,9.0,0.11343099876688213,-1.599052533207439,8.81593224842489,no_compression,0.2719298245614035,0.4473684210526316,-41.0,False,network_low_physical_upper_low,15.27575460109274,0.8206521739130435,high
src_country=CN|msm_id=5051|file_name=ripe_atlas_5051_20251201.json,CN,msm_5051,5051,ripe_atlas_5051_20251201.json,1,4575,26,1,489,10,30,43,2.585203938326047,13.265994258777352,97,1.6800652298853993,5.365905977138377,13.265994258777352,cable,22,80,22.0,80.0,22.0,0.6029997390353342,-0.47761553451433825,1.6583755104103,no_compression,0.9122807017543859,0.9429824561403509,-4.0,False,network_high_physical_upper_high,17.226663430758407,0.8913043478260869,high
src_country=CN|msm_id=5051|file_name=ripe_atlas_5051_20251201.json,CN,msm_5051,5051,ripe_atlas_5051_20251201.json,1,4575,26,1,489,10,30,43,2.585203938326047,13.265994258777352,97,1.6800652298853993,5.365905977138377,13.265994258777352,corridor,22,80,22.0,80.0,80.0,0.1658249282347169,-1.7365704732576277,6.030456401492,no_compression,0.9122807017543859,0.9210526315789473,-1.0,False,network_high_physical_upper_high,17.226663430758407,0.8913043478260869,high
src_country=CO|msm_id=5051|file_name=ripe_atlas_5051_20251201.json,CO,msm_5051,5051,ripe_atlas_5051_20251201.json,1,9,3,1,6,2,2,2,0.45056120886630463,1.5691925832141966,3,0.936888307539016,2.552027924280892,1.5691925832141966,cable,4,9,4.0,9.0,4.0,0.39229814580354916,-0.6658462328442568,2.5490816377724337,no_compression,0.34210526315789475,0.43859649122807015,-51.0,False,network_low_physical_upper_low,14.479369733152968,0.7934782608695652,high
src_country=CO|msm_id=5051|file_name=ripe_atlas_5051_20251201.json,CO,msm_5051,5051,ripe_atlas_5051_20251201.json,1,9,3,1,6,2,2,2,0.45056120886630463,1.5691925832141966,3,0.936888307539016,2.552027924280892,1.5691925832141966,corridor,4,9,4.0,9.0,9.0,0.17435473146824407,-1.3589934134042023,5.735433684987975,no_compression,0.34210526315789475,0.4473684210526316,-33.0,False,network_low_physical_upper_low,14.479369733152968,0.7934782608695652,high
src_country=CV|msm_id=5051|file_name=ripe_atlas_5051_20251201.json,CV,msm_5051,5051,ripe_atlas_5051_20251201.json,1,1,1,1,17,1,2,2,0.649248354870898,1.914101563056557,2,0.649248354870898,1.914101563056557,1.914101563056557,cable,2,2,2.0,2.0,2.0,0.9570507815282785,-0.029050728017030458,1.0448766348668954,no_compression,0.38596491228070173,0.20175438596491227,-44.0,False,network_low_physical_upper_low,3.332204510175204,0.2146739130434782,low
src_country=CV|msm_id=5051|file_name=ripe_atlas_5051_20251201.json,CV,msm_5051,5051,ripe_atlas_5051_20251201.json,1,1,1,1,17,1,2,2,0.649248354870898,1.914101563056557,2,0.649248354870898,1.914101563056557,1.914101563056557,corridor,2,2,2.0,2.0,2.0,0.9570507815282785,-0.029050728017030458,1.0448766348668954,no_compression,0.38596491228070173,0.17543859649122806,-21.0,False,network_low_physical_upper_low,3.332204510175204,0.2146739130434782,low
src_country=CW|msm_id=5051|file_name=ripe_atlas_5051_20251201.json,CW,msm_5051,5051,ripe_atlas_5051_20251201.json,1,14,2,1,22,2,6,7,1.420571925946704,4.1394872435294,7,1.420571925946704,4.1394872435294,4.1394872435294,cable,5,13,5.0,13.0,5.0,0.82789744870588,-0.15480615280535837,1.207879069518985,no_compression,0.6842105263157895,0.543859649122807,-14.0,False,network_high_physical_upper_high,4.851217980184408,0.3532608695652174,medium
src_country=CW|msm_id=5051|file_name=ripe_atlas_5051_20251201.json,CW,msm_5051,5051,ripe_atlas_5051_20251201.json,1,14,2,1,22,2,6,7,1.420571925946704,4.1394872435294,7,1.420571925946704,4.1394872435294,4.1394872435294,corridor,5,13,5.0,13.0,13.0,0.3184220956561077,-1.0021040131925618,3.140485580749361,no_compression,0.6842105263157895,0.5394736842105263,1.0,False,network_high_physical_upper_high,4.851217980184408,0.3532608695652174,medium
src_country=CY|msm_id=5051|file_name=ripe_atlas_5051_20251201.json,CY,msm_5051,5051,ripe_atlas_5051_20251201.json,1,69,12,1,546,2,7,8,1.704371397366514,5.497928568377818,24,2.1862930599700974,8.90215213092893,5.497928568377818,cable,8,9,8.0,9.0,8.0,0.6872410710472272,-0.32574113301248797,1.455093477571395,no_compression,0.7631578947368421,0.6929824561403509,-8.0,False,network_high_physical_upper_high,5.278027954835062,0.3804347826086957,medium
src_country=CY|msm_id=5051|file_name=ripe_atlas_5051_20251201.json,CY,msm_5051,5051,ripe_atlas_5051_20251201.json,1,69,12,1,546,2,7,8,1.704371397366514,5.497928568377818,24,2.1862930599700974,8.90215213092893,5.497928568377818,corridor,8,9,8.0,9.0,9.0,0.6108809520419798,-0.4311016486703143,1.6369801622678195,no_compression,0.7631578947368421,0.4473684210526316,14.0,False,network_high_physical_upper_low,5.278027954835062,0.3804347826086957,medium
src_country=DE|msm_id=5051|file_name=ripe_atlas_5051_20251201.json,DE,msm_5051,5051,ripe_atlas_5051_20251201.json,1,178,19,1,183,12,21,29,2.697014925004012,14.835380838048573,43,2.9521060516464623,19.14623425508464,14.835380838048573,cable,10,16,10.0,16.0,10.0,1.4835380838048573,0.3643514573007889,0.6740642595674265,weak_compression,0.9298245614035088,0.7543859649122807,9.0,False,network_high_physical_upper_high,24.754048429722108,0.9945652173913044,high
src_country=DE|msm_id=5051|file_name=ripe_atlas_5051_20251201.json,DE,msm_5051,5051,ripe_atlas_5051_20251201.json,1,178,19,1,183,12,21,29,2.697014925004012,14.835380838048573,43,2.9521060516464623,19.14623425508464,14.835380838048573,corridor,10,16,10.0,16.0,16.0,0.9272113023780358,-0.07096661395705661,1.0785028153078826,no_compression,0.9298245614035088,0.6228070175438597,26.0,False,network_high_physical_upper_high,24.754048429722108,0.9945652173913044,high
src_country=DJ|msm_id=5051|file_name=ripe_atlas_5051_20251201.json,DJ,msm_5051,5051,ripe_atlas_5051_20251201.json,1,196,4,1,223,4,7,10,1.0025369658438867,2.7251867717110327,10,1.0025369658438867,2.7251867717110327,2.7251867717110327,cable,11,16,11.0,16.0,11.0,0.24774425197373026,-1.1697896591567951,4.036420591126513,no_compression,0.5175438596491229,0.7807017543859649,-39.0,False,network_high_physical_upper_high,5.41164605185504,0.3858695652173913,medium
src_country=DJ|msm_id=5051|file_name=ripe_atlas_5051_20251201.json,DJ,msm_5051,5051,ripe_atlas_5051_20251201.json,1,196,4,1,223,4,7,10,1.0025369658438867,2.7251867717110327,10,1.0025369658438867,2.7251867717110327,2.7251867717110327,corridor,11,16,11.0,16.0,16.0,0.17032417323193955,-1.518096353425011,5.871157223456746,no_compression,0.5175438596491229,0.6228070175438597,-21.0,False,network_high_physical_upper_high,5.41164605185504,0.3858695652173913,medium
src_country=DK|msm_id=5051|file_name=ripe_atlas_5051_20251201.json,DK,msm_5051,5051,ripe_atlas_5051_20251201.json,1,2985,45,1,5409,28,30,73,2.4841627725692237,11.99107679267148,139,2.9730956287218793,19.5523528333492,11.99107679267148,cable,14,25,14.0,25.0,14.0,0.85650548519082,-0.1437874798851264,1.1675348462913941,no_compression,0.9035087719298246,0.8421052631578947,2.0,False,network_high_physical_upper_high,15.116666835304722,0.8152173913043478,high
src_country=DK|msm_id=5051|file_name=ripe_atlas_5051_20251201.json,DK,msm_5051,5051,ripe_atlas_5051_20251201.json,1,2985,45,1,5409,28,30,73,2.4841627725692237,11.99107679267148,139,2.9730956287218793,19.5523528333492,11.99107679267148,corridor,14,25,14.0,25.0,25.0,0.4796430717068592,-0.6938338168043985,2.0848836540917755,no_compression,0.9035087719298246,0.7324561403508771,16.0,False,network_high_physical_upper_high,15.116666835304722,0.8152173913043478,high
src_country=DM|msm_id=5051|file_name=ripe_atlas_5051_20251201.json,DM,msm_5051,5051,ripe_atlas_5051_20251201.json,1,4,1,1,4,1,1,1,-0.0,1.0,1,-0.0,1.0,1.0,cable,4,27,4.0,27.0,4.0,0.25,-0.916290731874155,4.0,no_compression,0.13157894736842105,0.43859649122807015,-61.0,False,network_low_physical_upper_low,2.079441541679836,0.1005434782608695,low
src_country=DM|msm_id=5051|file_name=ripe_atlas_5051_20251201.json,DM,msm_5051,5051,ripe_atlas_5051_20251201.json,1,4,1,1,4,1,1,1,-0.0,1.0,1,-0.0,1.0,1.0,corridor,4,27,4.0,27.0,27.0,0.037037037037037035,-2.6390573296152584,27.0,no_compression,0.13157894736842105,0.7456140350877193,-58.0,False,network_low_physical_upper_high,2.079441541679836,0.1005434782608695,low
src_country=DO|msm_id=5051|file_name=ripe_atlas_5051_20251201.json,DO,msm_5051,5051,ripe_atlas_5051_20251201.json,1,21,8,1,271,5,4,7,1.3067541407021546,3.6941634960873966,14,1.4791875534788013,4.3893780969143235,3.6941634960873966,cable,4,6,4.0,6.0,4.0,0.9235408740218491,-0.06311798474533936,1.0827891088839259,no_compression,0.631578947368421,0.43859649122807015,-19.0,False,network_high_physical_upper_low,9.743785580711078,0.6467391304347826,medium
src_country=DO|msm_id=5051|file_name=ripe_atlas_5051_20251201.json,DO,msm_5051,5051,ripe_atlas_5051_20251201.json,1,21,8,1,271,5,4,7,1.3067541407021546,3.6941634960873966,14,1.4791875534788013,4.3893780969143235,3.6941634960873966,corridor,4,6,4.0,6.0,6.0,0.6156939160145661,-0.3995902213665523,1.6241836633258886,no_compression,0.631578947368421,0.37280701754385964,2.0,False,network_high_physical_upper_low,9.743785580711078,0.6467391304347826,medium
src_country=EE|msm_id=5051|file_name=ripe_atlas_5051_20251201.json,EE,msm_5051,5051,ripe_atlas_5051_20251201.json,1,267,11,1,1544,10,10,14,1.6110560135538388,5.008097054758701,24,1.8254191395942874,6.205395401016061,5.008097054758701,cable,13,11,13.0,11.0,13.0,0.38523823498143855,-0.8459492610297921,2.5957963389801684,no_compression,0.7105263157894737,0.8157894736842105,-19.0,False,network_high_physical_upper_high,11.361068767453204,0.7065217391304348,high
src_country=EE|msm_id=5051|file_name=ripe_atlas_5051_20251201.json,EE,msm_5051,5051,ripe_atlas_5051_20251201.json,1,267,11,1,1544,10,10,14,1.6110560135538388,5.008097054758701,24,1.8254191395942874,6.205395401016061,5.008097054758701,corridor,13,11,13.0,11.0,11.0,0.45528155043260915,-0.691798581202534,2.1964430560601427,no_compression,0.7105263157894737,0.4868421052631579,6.0,False,network_high_physical_upper_low,11.361068767453204,0.7065217391304348,high
src_country=EG|msm_id=5051|file_name=ripe_atlas_5051_20251201.json,EG,msm_5051,5051,ripe_atlas_5051_20251201.json,1,1,1,1,0,0,0,0,0.0,0.0,1,-0.0,1.0,1.0,cable,2,1,2.0,1.0,2.0,0.5,-0.4054651081081645,2.0,no_compression,0.13157894736842105,0.20175438596491227,-59.0,False,network_low_physical_upper_low,9.444672178452576,0.6195652173913043,medium
src_country=EG|msm_id=5051|file_name=ripe_atlas_5051_20251201.json,EG,msm_5051,5051,ripe_atlas_5051_20251201.json,1,1,1,1,0,0,0,0,0.0,0.0,1,-0.0,1.0,1.0,corridor,2,1,2.0,1.0,1.0,1.0,0.0,1.0,no_compression,0.13157894736842105,0.07017543859649122,-35.0,False,network_low_physical_upper_low,9.444672178452576,0.6195652173913043,medium
src_country=ES|msm_id=5051|file_name=ripe_atlas_5051_20251201.json,ES,msm_5051,5051,ripe_atlas_5051_20251201.json,1,355,18,1,1165,12,11,14,1.7034917351186938,5.493094374715562,26,1.9726862264101932,7.18996444321726,5.493094374715562,cable,17,29,17.0,29.0,17.0,0.3231231985126801,-1.0196325496355305,3.0947948169705857,no_compression,0.7543859649122807,0.8947368421052632,-18.0,False,network_high_physical_upper_high,18.4605300158446,0.907608695652174,high
src_country=ES|msm_id=5051|file_name=ripe_atlas_5051_20251201.json,ES,msm_5051,5051,ripe_atlas_5051_20251201.json,1,355,18,1,1165,12,11,14,1.7034917351186938,5.493094374715562,26,1.9726862264101932,7.18996444321726,5.493094374715562,corridor,17,29,17.0,29.0,29.0,0.18941704740398488,-1.5304581734015215,5.27935586424394,no_compression,0.7543859649122807,0.7543859649122807,-3.0,False,network_high_physical_upper_high,18.4605300158446,0.907608695652174,high
src_country=FI|msm_id=5051|file_name=ripe_atlas_5051_20251201.json,FI,msm_5051,5051,ripe_atlas_5051_20251201.json,1,558,29,1,5899,20,19,40,1.6160232777682517,5.033035482644363,89,2.247265608245807,9.461828086832428,5.033035482644363,cable,14,22,14.0,22.0,14.0,0.35950253447459735,-0.9107999202346646,2.7816215578604235,no_compression,0.7192982456140351,0.8421052631578947,-19.0,False,network_high_physical_upper_high,17.104080742172474,0.8858695652173914,high
src_country=FI|msm_id=5051|file_name=ripe_atlas_5051_20251201.json,FI,msm_5051,5051,ripe_atlas_5051_20251201.json,1,558,29,1,5899,20,19,40,1.6160232777682517,5.033035482644363,89,2.247265608245807,9.461828086832428,5.033035482644363,corridor,14,22,14.0,22.0,22.0,0.2287743401201983,-1.3382439350616042,4.371119590923523,no_compression,0.7192982456140351,0.7017543859649122,-3.0,False,network_high_physical_upper_high,17.104080742172474,0.8858695652173914,high
src_country=FJ|msm_id=5051|file_name=ripe_atlas_5051_20251201.json,FJ,msm_5051,5051,ripe_atlas_5051_20251201.json,1,3,3,1,40,2,3,3,1.0486537893593546,2.853806705995588,4,1.1377421498705695,3.1197165547894072,2.853806705995588,cable,5,6,5.0,6.0,5.0,0.5707613411991176,-0.44269805462036915,1.7520457813402204,no_compression,0.543859649122807,0.543859649122807,-30.0,False,network_high_physical_upper_high,2.079441541679836,0.1005434782608695,low
src_country=FJ|msm_id=5051|file_name=ripe_atlas_5051_20251201.json,FJ,msm_5051,5051,ripe_atlas_5051_20251201.json,1,3,3,1,40,2,3,3,1.0486537893593546,2.853806705995588,4,1.1377421498705695,3.1197165547894072,2.853806705995588,corridor,5,6,5.0,6.0,6.0,0.47563445099926466,-0.5968487344476274,2.102454937608264,no_compression,0.543859649122807,0.37280701754385964,-8.0,False,network_high_physical_upper_low,2.079441541679836,0.1005434782608695,low
src_country=FR|msm_id=5051|file_name=ripe_atlas_5051_20251201.json,FR,msm_5051,5051,ripe_atlas_5051_20251201.json,1,8090,44,1,20255,36,57,142,2.4063823251924266,11.093754864796121,164,2.4776539368926476,11.913282294691145,11.093754864796121,cable,24,66,24.0,66.0,24.0,0.46223978603317173,-0.7261866323811828,2.163379333011886,no_compression,0.8859649122807017,0.956140350877193,-8.0,False,network_high_physical_upper_high,22.11035519057246,0.967391304347826,high
src_country=FR|msm_id=5051|file_name=ripe_atlas_5051_20251201.json,FR,msm_5051,5051,ripe_atlas_5051_20251201.json,1,8090,44,1,20255,36,57,142,2.4063823251924266,11.093754864796121,164,2.4776539368926476,11.913282294691145,11.093754864796121,corridor,24,66,24.0,66.0,66.0,0.16808719492115334,-1.712003426903948,5.949293165782687,no_compression,0.8859649122807017,0.9035087719298246,-2.0,False,network_high_physical_upper_high,22.11035519057246,0.967391304347826,high
src_country=GB|msm_id=5051|file_name=ripe_atlas_5051_20251201.json,GB,msm_5051,5051,ripe_atlas_5051_20251201.json,1,762,29,1,838,17,16,24,1.5684392574836612,4.799152104832085,49,2.157326971910336,8.647990414332325,4.799152104832085,cable,18,142,18.0,142.0,18.0,0.2666195613795603,-1.1867272611227484,3.750662535133338,no_compression,0.7017543859649122,0.9078947368421053,-25.0,False,network_high_physical_upper_high,21.96708091757096,0.9619565217391304,high
src_country=GB|msm_id=5051|file_name=ripe_atlas_5051_20251201.json,GB,msm_5051,5051,ripe_atlas_5051_20251201.json,1,762,29,1,838,17,16,24,1.5684392574836612,4.799152104832085,49,2.157326971910336,8.647990414332325,4.799152104832085,corridor,18,142,18.0,142.0,142.0,0.03379684580867665,-3.2051329122162153,29.588559999385218,no_compression,0.7017543859649122,0.956140350877193,-29.0,False,network_high_physical_upper_high,21.96708091757096,0.9619565217391304,high
src_country=GG|msm_id=5051|file_name=ripe_atlas_5051_20251201.json,GG,msm_5051,5051,ripe_atlas_5051_20251201.json,1,12,1,1,6,1,1,1,-0.0,1.0,2,0.6931471805599453,2.0,1.0,cable,3,8,3.0,8.0,3.0,0.3333333333333333,-0.6931471805599453,3.0,no_compression,0.13157894736842105,0.3157894736842105,-60.0,False,network_low_physical_upper_low,,,
src_country=GG|msm_id=5051|file_name=ripe_atlas_5051_20251201.json,GG,msm_5051,5051,ripe_atlas_5051_20251201.json,1,12,1,1,6,1,1,1,-0.0,1.0,2,0.6931471805599453,2.0,1.0,corridor,3,8,3.0,8.0,8.0,0.125,-1.5040773967762742,8.0,no_compression,0.13157894736842105,0.4166666666666667,-42.0,False,network_low_physical_upper_low,,,
src_country=GH|msm_id=5051|file_name=ripe_atlas_5051_20251201.json,GH,msm_5051,5051,ripe_atlas_5051_20251201.json,1,20,5,1,371,5,6,6,0.9996552289735123,2.717344805181285,6,0.9996552289735123,2.717344805181285,2.717344805181285,cable,6,4,6.0,4.0,6.0,0.4528908008635475,-0.6329004976677055,2.2080377832653135,no_compression,0.5087719298245614,0.6096491228070176,-35.0,False,network_high_physical_upper_high,9.937326831919943,0.657608695652174,medium
src_country=GH|msm_id=5051|file_name=ripe_atlas_5051_20251201.json,GH,msm_5051,5051,ripe_atlas_5051_20251201.json,1,20,5,1,371,5,6,6,0.9996552289735123,2.717344805181285,6,0.9996552289735123,2.717344805181285,2.717344805181285,corridor,6,4,6.0,4.0,4.0,0.6793362012953212,-0.29642826104649256,1.4720251888435425,no_compression,0.5087719298245614,0.29385964912280704,-10.0,False,network_high_physical_upper_low,9.937326831919943,0.657608695652174,medium
src_country=GP|msm_id=5051|file_name=ripe_atlas_5051_20251201.json,GP,msm_5051,5051,ripe_atlas_5051_20251201.json,1,1,1,1,0,0,0,0,0.0,0.0,1,-0.0,1.0,1.0,cable,4,15,4.0,15.0,4.0,0.25,-0.916290731874155,4.0,no_compression,0.13157894736842105,0.43859649122807015,-61.0,False,network_low_physical_upper_low,2.302585092994045,0.1195652173913043,low
src_country=GP|msm_id=5051|file_name=ripe_atlas_5051_20251201.json,GP,msm_5051,5051,ripe_atlas_5051_20251201.json,1,1,1,1,0,0,0,0,0.0,0.0,1,-0.0,1.0,1.0,corridor,4,15,4.0,15.0,15.0,0.06666666666666667,-2.0794415416798357,15.0,no_compression,0.13157894736842105,0.6008771929824561,-49.0,False,network_low_physical_upper_high,2.302585092994045,0.1195652173913043,low
src_country=GQ|msm_id=5051|file_name=ripe_atlas_5051_20251201.json,GQ,msm_5051,5051,ripe_atlas_5051_20251201.json,1,4,1,1,96,1,1,1,-0.0,1.0,4,0.16908524022638508,1.1842210778946476,1.0,cable,3,3,3.0,3.0,3.0,0.3333333333333333,-0.6931471805599453,3.0,no_compression,0.13157894736842105,0.3157894736842105,-60.0,False,network_low_physical_upper_low,1.3862943611198906,0.0543478260869565,low
src_country=GQ|msm_id=5051|file_name=ripe_atlas_5051_20251201.json,GQ,msm_5051,5051,ripe_atlas_5051_20251201.json,1,4,1,1,96,1,1,1,-0.0,1.0,4,0.16908524022638508,1.1842210778946476,1.0,corridor,3,3,3.0,3.0,3.0,0.3333333333333333,-0.6931471805599453,3.0,no_compression,0.13157894736842105,0.2412280701754386,-37.0,False,network_low_physical_upper_low,1.3862943611198906,0.0543478260869565,low
src_country=GR|msm_id=5051|file_name=ripe_atlas_5051_20251201.json,GR,msm_5051,5051,ripe_atlas_5051_20251201.json,1,32,5,1,38,3,3,4,0.5958577356022945,1.8145867132732632,7,1.1010614068142572,3.0073563590576082,1.8145867132732632,cable,7,13,7.0,13.0,7.0,0.25922667332475186,-1.0446261067554061,3.8576277169873956,no_compression,0.3684210526315789,0.6535087719298246,-51.0,False,network_low_physical_upper_high,13.34253013301271,0.7554347826086957,high
src_country=GR|msm_id=5051|file_name=ripe_atlas_5051_20251201.json,GR,msm_5051,5051,ripe_atlas_5051_20251201.json,1,32,5,1,38,3,3,4,0.5958577356022945,1.8145867132732632,7,1.1010614068142572,3.0073563590576082,1.8145867132732632,corridor,7,13,7.0,13.0,13.0,0.13958359332871256,-1.6042418946908288,7.164165760119449,no_compression,0.3684210526315789,0.5394736842105263,-34.0,False,network_low_physical_upper_high,13.34253013301271,0.7554347826086957,high
src_country=GT|msm_id=5051|file_name=ripe_atlas_5051_20251201.json,GT,msm_5051,5051,ripe_atlas_5051_20251201.json,1,12,2,1,410,2,2,2,0.017109601597119554,1.0172568091865277,2,0.017109601597119554,1.0172568091865277,1.0172568091865277,cable,2,4,2.0,4.0,2.0,0.5086284045932639,-0.39687371544757677,1.9660718728433433,no_compression,0.2631578947368421,0.20175438596491227,-58.0,False,network_low_physical_upper_low,7.938596614890306,0.5380434782608695,medium
src_country=GT|msm_id=5051|file_name=ripe_atlas_5051_20251201.json,GT,msm_5051,5051,ripe_atlas_5051_20251201.json,1,12,2,1,410,2,2,2,0.017109601597119554,1.0172568091865277,2,0.017109601597119554,1.0172568091865277,1.0172568091865277,corridor,2,4,2.0,4.0,4.0,0.25431420229663193,-0.9076993392135673,3.9321437456866866,no_compression,0.2631578947368421,0.29385964912280704,-37.0,False,network_low_physical_upper_low,7.938596614890306,0.5380434782608695,medium
src_country=GU|msm_id=5051|file_name=ripe_atlas_5051_20251201.json,GU,msm_5051,5051,ripe_atlas_5051_20251201.json,1,73,10,1,127,8,8,8,1.3362760736482624,3.804848116314645,15,1.7388424236804183,5.690752128540401,3.804848116314645,cable,14,30,14.0,30.0,14.0,0.27177486545104607,-1.1384247686874236,3.6795161257475697,no_compression,0.6491228070175439,0.8421052631578947,-27.0,False,network_high_physical_upper_high,9.564974436240202,0.6304347826086957,medium
src_country=GU|msm_id=5051|file_name=ripe_atlas_5051_20251201.json,GU,msm_5051,5051,ripe_atlas_5051_20251201.json,1,73,10,1,127,8,8,8,1.3362760736482624,3.804848116314645,15,1.7388424236804183,5.690752128540401,3.804848116314645,corridor,14,30,14.0,30.0,30.0,0.12682827054382148,-1.8643617720703598,7.88467741231622,no_compression,0.6491228070175439,0.7675438596491229,-16.0,False,network_high_physical_upper_high,9.564974436240202,0.6304347826086957,medium
src_country=HK|msm_id=5051|file_name=ripe_atlas_5051_20251201.json,HK,msm_5051,5051,ripe_atlas_5051_20251201.json,1,6199,117,1,9143,67,112,300,3.2666462415315065,26.223245271816342,545,3.9054492979403164,49.67239260296588,26.223245271816342,cable,15,60,15.0,60.0,15.0,1.748216351454423,0.5314824916762242,0.5720115815002264,weak_compression,0.9649122807017544,0.868421052631579,8.0,False,network_high_physical_upper_high,18.393809748151316,0.9021739130434784,high
src_country=HK|msm_id=5051|file_name=ripe_atlas_5051_20251201.json,HK,msm_5051,5051,ripe_atlas_5051_20251201.json,1,6199,117,1,9143,67,112,300,3.2666462415315065,26.223245271816342,545,3.9054492979403164,49.67239260296588,26.223245271816342,corridor,15,60,15.0,60.0,60.0,0.4370540878636057,-0.806802650257306,2.2880463260009054,no_compression,0.9649122807017544,0.8947368421052632,8.0,False,network_high_physical_upper_high,18.393809748151316,0.9021739130434784,high
src_country=HN|msm_id=5051|file_name=ripe_atlas_5051_20251201.json,HN,msm_5051,5051,ripe_atlas_5051_20251201.json,1,67,7,1,506,4,4,5,1.026765913492879,2.792021578314351,11,1.1169706598169062,3.0555837660431706,2.792021578314351,cable,6,11,6.0,11.0,6.0,0.46533692971905855,-0.6130108741949862,2.1489805260109867,no_compression,0.5263157894736842,0.6096491228070176,-33.0,False,network_high_physical_upper_high,6.04211067479767,0.4402173913043478,medium
src_country=HN|msm_id=5051|file_name=ripe_atlas_5051_20251201.json,HN,msm_5051,5051,ripe_atlas_5051_20251201.json,1,67,7,1,506,4,4,5,1.026765913492879,2.792021578314351,11,1.1169706598169062,3.0555837660431706,2.792021578314351,corridor,6,11,6.0,11.0,11.0,0.2538201434831228,-1.1520073749276734,3.9397976310201424,no_compression,0.5263157894736842,0.4868421052631579,-15.0,False,network_high_physical_upper_low,6.04211067479767,0.4402173913043478,medium
src_country=ID|msm_id=5051|file_name=ripe_atlas_5051_20251201.json,ID,msm_5051,5051,ripe_atlas_5051_20251201.json,1,3203,183,1,2677,45,36,128,3.8158567796203364,45.415650922698354,713,4.307461957364452,74.25179536306754,45.415650922698354,cable,61,144,61.0,144.0,61.0,0.7445188675852189,-0.28949767831871265,1.3431493055957218,no_compression,0.9912280701754386,0.9912280701754386,0.0,False,network_high_physical_upper_high,23.73952311196626,0.9836956521739132,high
src_country=ID|msm_id=5051|file_name=ripe_atlas_5051_20251201.json,ID,msm_5051,5051,ripe_atlas_5051_20251201.json,1,3203,183,1,2677,45,36,128,3.8158567796203364,45.415650922698354,713,4.307461957364452,74.25179536306754,45.415650922698354,corridor,61,144,61.0,144.0,144.0,0.31538646474096077,-1.1390970356941952,3.170713114848917,no_compression,0.9912280701754386,0.9649122807017544,3.0,False,network_high_physical_upper_high,23.73952311196626,0.9836956521739132,high
src_country=IE|msm_id=5051|file_name=ripe_atlas_5051_20251201.json,IE,msm_5051,5051,ripe_atlas_5051_20251201.json,1,110,13,1,610,12,13,16,1.3578145606156782,3.8876877051228482,18,1.3776095996748687,3.9654113686299133,3.8876877051228482,cable,9,14,9.0,14.0,9.0,0.43196530056920535,-0.7158657632797956,2.3150007620572515,no_compression,0.6666666666666666,0.7280701754385965,-20.0,False,network_high_physical_upper_high,13.826694602420948,0.7717391304347826,high
src_country=IE|msm_id=5051|file_name=ripe_atlas_5051_20251201.json,IE,msm_5051,5051,ripe_atlas_5051_20251201.json,1,110,13,1,610,12,13,16,1.3578145606156782,3.8876877051228482,18,1.3776095996748687,3.9654113686299133,3.8876877051228482,corridor,9,14,9.0,14.0,14.0,0.2776919789373463,-1.1213308713879597,3.601112296533502,no_compression,0.6666666666666666,0.5701754385964912,-2.0,False,network_high_physical_upper_high,13.826694602420948,0.7717391304347826,high
src_country=IL|msm_id=5051|file_name=ripe_atlas_5051_20251201.json,IL,msm_5051,5051,ripe_atlas_5051_20251201.json,1,729,19,1,164,10,18,21,1.839704654296809,6.294678880099884,67,1.9599549452892022,7.099007214234303,6.294678880099884,cable,4,25,4.0,25.0,4.0,1.573669720024971,0.3777072493942415,0.6354573563149782,weak_compression,0.8245614035087719,0.43859649122807015,3.0,False,network_high_physical_upper_low,12.031158407843488,0.717391304347826,high
src_country=IL|msm_id=5051|file_name=ripe_atlas_5051_20251201.json,IL,msm_5051,5051,ripe_atlas_5051_20251201.json,1,729,19,1,164,10,18,21,1.839704654296809,6.294678880099884,67,1.9599549452892022,7.099007214234303,6.294678880099884,corridor,4,25,4.0,25.0,25.0,0.25178715520399536,-1.2709513761931404,3.9716084769686137,no_compression,0.8245614035087719,0.7324561403508771,7.0,False,network_high_physical_upper_high,12.031158407843488,0.717391304347826,high
src_country=IM|msm_id=5051|file_name=ripe_atlas_5051_20251201.json,IM,msm_5051,5051,ripe_atlas_5051_20251201.json,1,5,3,1,63,3,4,4,0.8383701271475965,2.312594668156232,4,0.8383701271475965,2.312594668156232,2.312594668156232,cable,5,7,5.0,7.0,5.0,0.4625189336312464,-0.5940276992580558,2.162073652096743,no_compression,0.45614035087719296,0.543859649122807,-40.0,False,network_low_physical_upper_high,1.3862943611198906,0.0543478260869565,low
src_country=IM|msm_id=5051|file_name=ripe_atlas_5051_20251201.json,IM,msm_5051,5051,ripe_atlas_5051_20251201.json,1,5,3,1,63,3,4,4,0.8383701271475965,2.312594668156232,4,0.8383701271475965,2.312594668156232,2.312594668156232,corridor,5,7,5.0,7.0,7.0,0.3303706668794617,-0.8817097717098366,3.0269031129354405,no_compression,0.45614035087719296,0.39473684210526316,-19.0,False,network_low_physical_upper_low,1.3862943611198906,0.0543478260869565,low
src_country=IN|msm_id=5051|file_name=ripe_atlas_5051_20251201.json,IN,msm_5051,5051,ripe_atlas_5051_20251201.json,1,314,20,1,1737,12,20,24,1.2126018677979613,3.362221337197934,48,1.6676645270049115,5.299775848908334,3.362221337197934,cable,14,22,14.0,22.0,14.0,0.24015866694270957,-1.2350687924739505,4.163913852164046,no_compression,0.5877192982456141,0.8421052631578947,-34.0,False,network_high_physical_upper_high,23.211385950065583,0.9782608695652174,high
src_country=IN|msm_id=5051|file_name=ripe_atlas_5051_20251201.json,IN,msm_5051,5051,ripe_atlas_5051_20251201.json,1,314,20,1,1737,12,20,24,1.2126018677979613,3.362221337197934,48,1.6676645270049115,5.299775848908334,3.362221337197934,corridor,14,22,14.0,22.0,22.0,0.1528282425999061,-1.6625128073008901,6.543293196257787,no_compression,0.5877192982456141,0.7017543859649122,-18.0,False,network_high_physical_upper_high,23.211385950065583,0.9782608695652174,high
src_country=IT|msm_id=5051|file_name=ripe_atlas_5051_20251201.json,IT,msm_5051,5051,ripe_atlas_5051_20251201.json,1,854,24,1,1072,9,16,18,1.7324321912209162,5.654389754675693,43,1.8353633005365066,6.267410685541119,5.654389754675693,cable,19,113,19.0,113.0,19.0,0.2975994607724049,-1.100455523180234,3.3602211422176262,no_compression,0.7719298245614035,0.9210526315789473,-18.0,False,network_high_physical_upper_high,19.801807797724223,0.9347826086956522,high
src_country=IT|msm_id=5051|file_name=ripe_atlas_5051_20251201.json,IT,msm_5051,5051,ripe_atlas_5051_20251201.json,1,854,24,1,1072,9,16,18,1.7324321912209162,5.654389754675693,43,1.8353633005365066,6.267410685541119,5.654389754675693,corridor,19,113,19.0,113.0,113.0,0.05003884738651056,-2.840921698020739,19.984473108978513,no_compression,0.7719298245614035,0.9385964912280702,-19.0,False,network_high_physical_upper_high,19.801807797724223,0.9347826086956522,high
src_country=JE|msm_id=5051|file_name=ripe_atlas_5051_20251201.json,JE,msm_5051,5051,ripe_atlas_5051_20251201.json,1,3,1,1,3,1,1,1,-0.0,1.0,1,-0.0,1.0,1.0,cable,3,8,3.0,8.0,3.0,0.3333333333333333,-0.6931471805599453,3.0,no_compression,0.13157894736842105,0.3157894736842105,-60.0,False,network_low_physical_upper_low,,,
src_country=JE|msm_id=5051|file_name=ripe_atlas_5051_20251201.json,JE,msm_5051,5051,ripe_atlas_5051_20251201.json,1,3,1,1,3,1,1,1,-0.0,1.0,1,-0.0,1.0,1.0,corridor,3,8,3.0,8.0,8.0,0.125,-1.5040773967762742,8.0,no_compression,0.13157894736842105,0.4166666666666667,-42.0,False,network_low_physical_upper_low,,,
src_country=JM|msm_id=5051|file_name=ripe_atlas_5051_20251201.json,JM,msm_5051,5051,ripe_atlas_5051_20251201.json,1,7,3,1,0,0,0,0,0.0,0.0,3,0.6680178186607535,1.950367504492245,1.950367504492245,cable,4,12,4.0,12.0,4.0,0.48759187612306126,-0.5275081720475594,2.050895531630257,no_compression,0.39473684210526316,0.43859649122807015,-45.0,False,network_low_physical_upper_low,2.6390573296152584,0.1494565217391304,low
src_country=JM|msm_id=5051|file_name=ripe_atlas_5051_20251201.json,JM,msm_5051,5051,ripe_atlas_5051_20251201.json,1,7,3,1,0,0,0,0,0.0,0.0,3,0.6680178186607535,1.950367504492245,1.950367504492245,corridor,4,12,4.0,12.0,12.0,0.16253062537435375,-1.4830196170749959,6.1526865948907705,no_compression,0.39473684210526316,0.5131578947368421,-30.0,False,network_low_physical_upper_high,2.6390573296152584,0.1494565217391304,low
src_country=JP|msm_id=5051|file_name=ripe_atlas_5051_20251201.json,JP,msm_5051,5051,ripe_atlas_5051_20251201.json,1,3254,114,1,4924,45,60,131,3.3088051974016732,27.352425191913746,368,4.162435710363316,64.22777248400925,27.352425191913746,cable,32,137,32.0,137.0,32.0,0.8547632872473045,-0.15179499026314192,1.1699145423295125,no_compression,0.9736842105263158,0.9649122807017544,1.0,False,network_high_physical_upper_high,20.74469514415807,0.9402173913043478,high
src_country=JP|msm_id=5051|file_name=ripe_atlas_5051_20251201.json,JP,msm_5051,5051,ripe_atlas_5051_20251201.json,1,3254,114,1,4924,45,60,131,3.3088051974016732,27.352425191913746,368,4.162435710363316,64.22777248400925,27.352425191913746,corridor,32,137,32.0,137.0,137.0,0.19965273862710764,-1.5825411139538668,5.008696634348226,no_compression,0.9736842105263158,0.9473684210526315,3.0,False,network_high_physical_upper_high,20.74469514415807,0.9402173913043478,high
src_country=KE|msm_id=5051|file_name=ripe_atlas_5051_20251201.json,KE,msm_5051,5051,ripe_atlas_5051_20251201.json,1,246,6,1,311,6,10,11,1.1354975431389738,3.1127218711036515,12,1.1785914042600836,3.2497933323062056,3.1127218711036515,cable,8,17,8.0,17.0,8.0,0.38909023388795644,-0.78313951227966,2.5700979179240027,no_compression,0.5701754385964912,0.6929824561403509,-30.0,False,network_high_physical_upper_high,13.562369095903298,0.7663043478260869,high
src_country=KE|msm_id=5051|file_name=ripe_atlas_5051_20251201.json,KE,msm_5051,5051,ripe_atlas_5051_20251201.json,1,246,6,1,311,6,10,11,1.1354975431389738,3.1127218711036515,12,1.1785914042600836,3.2497933323062056,3.1127218711036515,corridor,8,17,8.0,17.0,17.0,0.18310128653550892,-1.476286692839605,5.461458075588506,no_compression,0.5701754385964912,0.6491228070175439,-16.0,False,network_high_physical_upper_high,13.562369095903298,0.7663043478260869,high
src_country=KN|msm_id=5051|file_name=ripe_atlas_5051_20251201.json,KN,msm_5051,5051,ripe_atlas_5051_20251201.json,1,22,2,1,22,2,3,3,1.0594782926538544,2.8848655410549977,3,1.0594782926538544,2.8848655410549977,2.8848655410549977,cable,7,46,7.0,46.0,7.0,0.4121236487221425,-0.7223531682262101,2.4264562421997993,no_compression,0.5526315789473685,0.6535087719298246,-31.0,False,network_high_physical_upper_high,3.258096538021482,0.1983695652173913,low
src_country=KN|msm_id=5051|file_name=ripe_atlas_5051_20251201.json,KN,msm_5051,5051,ripe_atlas_5051_20251201.json,1,22,2,1,22,2,3,3,1.0594782926538544,2.8848655410549977,3,1.0594782926538544,2.8848655410549977,2.8848655410549977,corridor,7,46,7.0,46.0,46.0,0.0627144682838043,-2.493059228256433,15.945283877312965,no_compression,0.5526315789473685,0.8508771929824561,-34.0,False,network_high_physical_upper_high,3.258096538021482,0.1983695652173913,low
src_country=KW|msm_id=5051|file_name=ripe_atlas_5051_20251201.json,KW,msm_5051,5051,ripe_atlas_5051_20251201.json,1,199,10,1,85,3,6,6,1.2839695760973693,3.610945235274485,21,2.4010396688734765,11.034642793614879,3.610945235274485,cable,5,14,5.0,14.0,5.0,0.722189047054897,-0.26332659304767136,1.3846789896330085,no_compression,0.6052631578947368,0.543859649122807,-23.0,False,network_high_physical_upper_high,5.605802066295997,0.391304347826087,medium
src_country=KW|msm_id=5051|file_name=ripe_atlas_5051_20251201.json,KW,msm_5051,5051,ripe_atlas_5051_20251201.json,1,199,10,1,85,3,6,6,1.2839695760973693,3.610945235274485,21,2.4010396688734765,11.034642793614879,3.610945235274485,corridor,5,14,5.0,14.0,14.0,0.2579246596624632,-1.1796173249218265,3.877101170972424,no_compression,0.6052631578947368,0.5701754385964912,-9.0,False,network_high_physical_upper_high,5.605802066295997,0.391304347826087,medium
src_country=KY|msm_id=5051|file_name=ripe_atlas_5051_20251201.json,KY,msm_5051,5051,ripe_atlas_5051_20251201.json,1,1,1,1,96,1,1,1,-0.0,1.0,1,-0.0,1.0,1.0,cable,1,1,1.0,1.0,1.0,1.0,0.0,1.0,no_compression,0.13157894736842105,0.07456140350877193,-58.0,False,network_low_physical_upper_low,,,
src_country=KY|msm_id=5051|file_name=ripe_atlas_5051_20251201.json,KY,msm_5051,5051,ripe_atlas_5051_20251201.json,1,1,1,1,96,1,1,1,-0.0,1.0,1,-0.0,1.0,1.0,corridor,1,1,1.0,1.0,1.0,1.0,0.0,1.0,no_compression,0.13157894736842105,0.07017543859649122,-35.0,False,network_low_physical_upper_low,,,
src_country=LB|msm_id=5051|file_name=ripe_atlas_5051_20251201.json,LB,msm_5051,5051,ripe_atlas_5051_20251201.json,1,2,2,1,0,0,0,0,0.0,0.0,2,0.6931471805599453,2.0,2.0,cable,2,3,2.0,3.0,2.0,1.0,0.0,1.0,no_compression,0.40789473684210525,0.20175438596491227,-42.0,False,network_low_physical_upper_low,7.587616527273726,0.5271739130434783,medium
src_country=LB|msm_id=5051|file_name=ripe_atlas_5051_20251201.json,LB,msm_5051,5051,ripe_atlas_5051_20251201.json,1,2,2,1,0,0,0,0,0.0,0.0,2,0.6931471805599453,2.0,2.0,corridor,2,3,2.0,3.0,3.0,0.6666666666666666,-0.2876820724517808,1.5,no_compression,0.40789473684210525,0.2412280701754386,-20.0,False,network_low_physical_upper_low,7.587616527273726,0.5271739130434783,medium
src_country=LC|msm_id=5051|file_name=ripe_atlas_5051_20251201.json,LC,msm_5051,5051,ripe_atlas_5051_20251201.json,1,4,3,1,109,3,2,3,0.39780378884961815,1.4885519307649218,4,0.2850148295895675,1.3297817480927925,1.4885519307649218,cable,4,44,4.0,44.0,4.0,0.37213798269123044,-0.697736925035219,2.6871753126842686,no_compression,0.3333333333333333,0.43859649122807015,-52.0,False,network_low_physical_upper_low,,,
src_country=LC|msm_id=5051|file_name=ripe_atlas_5051_20251201.json,LC,msm_5051,5051,ripe_atlas_5051_20251201.json,1,4,3,1,109,3,2,3,0.39780378884961815,1.4885519307649218,4,0.2850148295895675,1.3297817480927925,1.4885519307649218,corridor,4,44,4.0,44.0,44.0,0.033830725699202764,-2.894961502371438,29.55892843952695,no_compression,0.3333333333333333,0.8289473684210527,-56.0,False,network_low_physical_upper_high,,,
src_country=LI|msm_id=5051|file_name=ripe_atlas_5051_20251201.json,LI,msm_5051,5051,ripe_atlas_5051_20251201.json,1,17,7,1,407,7,15,20,2.3965152905738223,10.984830664643855,22,2.305819023626267,10.032391654273551,10.984830664643855,cable,2,2,2.0,2.0,2.0,5.492415332321928,1.3850294501775686,0.18206926087966627,moderate_compression,0.8771929824561403,0.20175438596491227,11.0,True,network_high_physical_upper_low,7.58132308425664,0.5217391304347826,medium
src_country=LI|msm_id=5051|file_name=ripe_atlas_5051_20251201.json,LI,msm_5051,5051,ripe_atlas_5051_20251201.json,1,17,7,1,407,7,15,20,2.3965152905738223,10.984830664643855,22,2.305819023626267,10.032391654273551,10.984830664643855,corridor,2,2,2.0,2.0,2.0,5.492415332321928,1.3850294501775686,0.18206926087966627,moderate_compression,0.8771929824561403,0.17543859649122806,34.0,True,network_high_physical_upper_low,7.58132308425664,0.5217391304347826,medium
src_country=LK|msm_id=5051|file_name=ripe_atlas_5051_20251201.json,LK,msm_5051,5051,ripe_atlas_5051_20251201.json,1,67,2,1,434,2,4,4,0.7918240072965369,2.20741910499699,4,0.7918240072965369,2.20741910499699,2.20741910499699,cable,5,7,5.0,7.0,5.0,0.441483820999398,-0.6262928726161563,2.2650886678843065,no_compression,0.43859649122807015,0.543859649122807,-42.0,False,network_low_physical_upper_high,3.465735902799726,0.2391304347826087,low
src_country=LK|msm_id=5051|file_name=ripe_atlas_5051_20251201.json,LK,msm_5051,5051,ripe_atlas_5051_20251201.json,1,67,2,1,434,2,4,4,0.7918240072965369,2.20741910499699,4,0.7918240072965369,2.20741910499699,2.20741910499699,corridor,5,7,5.0,7.0,7.0,0.3153455864281414,-0.9139749450679371,3.171124135038029,no_compression,0.43859649122807015,0.39473684210526316,-21.0,False,network_low_physical_upper_low,3.465735902799726,0.2391304347826087,low
src_country=LY|msm_id=5051|file_name=ripe_atlas_5051_20251201.json,LY,msm_5051,5051,ripe_atlas_5051_20251201.json,1,9,5,1,0,0,0,0,0.0,0.0,7,1.8337855468200532,6.257530051692515,6.257530051692515,cable,1,9,1.0,9.0,1.0,6.257530051692515,1.2888923771256033,0.1598074626472666,moderate_compression,0.7982456140350878,0.07456140350877193,3.0,True,network_high_physical_upper_low,0.6931471805599453,0.0244565217391304,low
src_country=LY|msm_id=5051|file_name=ripe_atlas_5051_20251201.json,LY,msm_5051,5051,ripe_atlas_5051_20251201.json,1,9,5,1,0,0,0,0,0.0,0.0,7,1.8337855468200532,6.257530051692515,6.257530051692515,corridor,1,9,1.0,9.0,9.0,0.6952811168547239,-0.3205455353084974,1.4382671638253997,no_compression,0.7982456140350878,0.4473684210526316,18.0,False,network_high_physical_upper_low,0.6931471805599453,0.0244565217391304,low
src_country=MA|msm_id=5051|file_name=ripe_atlas_5051_20251201.json,MA,msm_5051,5051,ripe_atlas_5051_20251201.json,1,1,1,1,1,1,1,1,-0.0,1.0,1,-0.0,1.0,1.0,cable,1,1,1.0,1.0,1.0,1.0,0.0,1.0,no_compression,0.13157894736842105,0.07456140350877193,-58.0,False,network_low_physical_upper_low,7.110404864647087,0.5,medium
src_country=MA|msm_id=5051|file_name=ripe_atlas_5051_20251201.json,MA,msm_5051,5051,ripe_atlas_5051_20251201.json,1,1,1,1,1,1,1,1,-0.0,1.0,1,-0.0,1.0,1.0,corridor,1,1,1.0,1.0,1.0,1.0,0.0,1.0,no_compression,0.13157894736842105,0.07017543859649122,-35.0,False,network_low_physical_upper_low,7.110404864647087,0.5,medium
src_country=MM|msm_id=5051|file_name=ripe_atlas_5051_20251201.json,MM,msm_5051,5051,ripe_atlas_5051_20251201.json,1,5,2,1,85,2,5,5,1.2276671956947827,3.413257779188099,5,1.2276671956947827,3.413257779188099,3.413257779188099,cable,1,1,1.0,1.0,1.0,3.413257779188099,0.7914659616149536,0.2929752350078484,moderate_compression,0.5964912280701754,0.07456140350877193,-20.0,False,network_high_physical_upper_low,9.650234821625356,0.6413043478260869,medium
src_country=MM|msm_id=5051|file_name=ripe_atlas_5051_20251201.json,MM,msm_5051,5051,ripe_atlas_5051_20251201.json,1,5,2,1,85,2,5,5,1.2276671956947827,3.413257779188099,5,1.2276671956947827,3.413257779188099,3.413257779188099,corridor,1,1,1.0,1.0,1.0,3.413257779188099,0.7914659616149536,0.2929752350078484,moderate_compression,0.5964912280701754,0.07017543859649122,3.0,False,network_high_physical_upper_low,9.650234821625356,0.6413043478260869,medium
src_country=MO|msm_id=5051|file_name=ripe_atlas_5051_20251201.json,MO,msm_5051,5051,ripe_atlas_5051_20251201.json,1,2,1,1,0,0,0,0,0.0,0.0,1,-0.0,1.0,1.0,cable,3,3,3.0,3.0,3.0,0.3333333333333333,-0.6931471805599453,3.0,no_compression,0.13157894736842105,0.3157894736842105,-60.0,False,network_low_physical_upper_low,1.791759469228055,0.0760869565217391,low
src_country=MO|msm_id=5051|file_name=ripe_atlas_5051_20251201.json,MO,msm_5051,5051,ripe_atlas_5051_20251201.json,1,2,1,1,0,0,0,0,0.0,0.0,1,-0.0,1.0,1.0,corridor,3,3,3.0,3.0,3.0,0.3333333333333333,-0.6931471805599453,3.0,no_compression,0.13157894736842105,0.2412280701754386,-37.0,False,network_low_physical_upper_low,1.791759469228055,0.0760869565217391,low
src_country=MP|msm_id=5051|file_name=ripe_atlas_5051_20251201.json,MP,msm_5051,5051,ripe_atlas_5051_20251201.json,1,5,1,1,100,1,1,1,-0.0,1.0,1,-0.0,1.0,1.0,cable,6,9,6.0,9.0,6.0,0.16666666666666666,-1.252762968495368,6.0,no_compression,0.13157894736842105,0.6096491228070176,-63.0,False,network_low_physical_upper_high,2.890371757896165,0.171195652173913,low
src_country=MP|msm_id=5051|file_name=ripe_atlas_5051_20251201.json,MP,msm_5051,5051,ripe_atlas_5051_20251201.json,1,5,1,1,100,1,1,1,-0.0,1.0,1,-0.0,1.0,1.0,corridor,6,9,6.0,9.0,9.0,0.1111111111111111,-1.6094379124341005,9.0,no_compression,0.13157894736842105,0.4473684210526316,-43.0,False,network_low_physical_upper_low,2.890371757896165,0.171195652173913,low
src_country=MQ|msm_id=5051|file_name=ripe_atlas_5051_20251201.json,MQ,msm_5051,5051,ripe_atlas_5051_20251201.json,1,3,1,1,3,1,1,1,-0.0,1.0,1,-0.0,1.0,1.0,cable,3,19,3.0,19.0,3.0,0.3333333333333333,-0.6931471805599453,3.0,no_compression,0.13157894736842105,0.3157894736842105,-60.0,False,network_low_physical_upper_low,3.1780538303479453,0.1847826086956521,low
src_country=MQ|msm_id=5051|file_name=ripe_atlas_5051_20251201.json,MQ,msm_5051,5051,ripe_atlas_5051_20251201.json,1,3,1,1,3,1,1,1,-0.0,1.0,1,-0.0,1.0,1.0,corridor,3,19,3.0,19.0,19.0,0.05263157894736842,-2.3025850929940455,19.0,no_compression,0.13157894736842105,0.6666666666666666,-52.0,False,network_low_physical_upper_high,3.1780538303479453,0.1847826086956521,low
src_country=MT|msm_id=5051|file_name=ripe_atlas_5051_20251201.json,MT,msm_5051,5051,ripe_atlas_5051_20251201.json,1,110,7,1,140,1,2,2,0.04241473185811746,1.0433270900183926,13,2.0317969703782963,7.627780947124188,1.0433270900183926,cable,5,4,5.0,4.0,5.0,0.20866541800367852,-1.0771800634086377,4.792360945896513,no_compression,0.2807017543859649,0.543859649122807,-59.0,False,network_low_physical_upper_high,,,
src_country=MT|msm_id=5051|file_name=ripe_atlas_5051_20251201.json,MT,msm_5051,5051,ripe_atlas_5051_20251201.json,1,110,7,1,140,1,2,2,0.04241473185811746,1.0433270900183926,13,2.0317969703782963,7.627780947124188,1.0433270900183926,corridor,5,4,5.0,4.0,4.0,0.26083177250459816,-0.8948585066146831,3.83388875671721,no_compression,0.2807017543859649,0.29385964912280704,-35.0,False,network_low_physical_upper_low,,,
src_country=MV|msm_id=5051|file_name=ripe_atlas_5051_20251201.json,MV,msm_5051,5051,ripe_atlas_5051_20251201.json,1,11,1,1,426,1,7,7,0.9913286708945045,2.6948126138227817,9,1.0196719158862526,2.7722850720538057,2.6948126138227817,cable,8,14,8.0,14.0,8.0,0.3368515767278477,-0.890294737666468,2.968666525815105,no_compression,0.5,0.6929824561403509,-38.0,False,network_high_physical_upper_high,3.6888794541139367,0.2826086956521739,low
src_country=MV|msm_id=5051|file_name=ripe_atlas_5051_20251201.json,MV,msm_5051,5051,ripe_atlas_5051_20251201.json,1,11,1,1,426,1,7,7,0.9913286708945045,2.6948126138227817,9,1.0196719158862526,2.7722850720538057,2.6948126138227817,corridor,8,14,8.0,14.0,14.0,0.19248661527305583,-1.4011203614324585,5.1951664201764345,no_compression,0.5,0.5701754385964912,-21.0,False,network_high_physical_upper_high,3.6888794541139367,0.2826086956521739,low
src_country=MX|msm_id=5051|file_name=ripe_atlas_5051_20251201.json,MX,msm_5051,5051,ripe_atlas_5051_20251201.json,1,3,2,1,32,1,1,1,-0.0,1.0,2,0.22371807606583377,1.2507183622782252,1.0,cable,6,5,6.0,5.0,6.0,0.16666666666666666,-1.252762968495368,6.0,no_compression,0.13157894736842105,0.6096491228070176,-63.0,False,network_low_physical_upper_high,15.96694818372684,0.8586956521739131,high
src_country=MX|msm_id=5051|file_name=ripe_atlas_5051_20251201.json,MX,msm_5051,5051,ripe_atlas_5051_20251201.json,1,3,2,1,32,1,1,1,-0.0,1.0,2,0.22371807606583377,1.2507183622782252,1.0,corridor,6,5,6.0,5.0,5.0,0.2,-1.0986122886681096,5.0,no_compression,0.13157894736842105,0.34210526315789475,-39.0,False,network_low_physical_upper_low,15.96694818372684,0.8586956521739131,high
src_country=MY|msm_id=5051|file_name=ripe_atlas_5051_20251201.json,MY,msm_5051,5051,ripe_atlas_5051_20251201.json,1,161,21,1,627,18,19,36,2.256290379826031,9.547605402198677,42,2.451209444434091,11.602370659542084,9.547605402198677,cable,41,44,41.0,44.0,41.0,0.23286842444387018,-1.3817707602191773,4.294270476506946,no_compression,0.8596491228070176,0.9736842105263158,-13.0,False,network_high_physical_upper_high,14.76306167553276,0.8043478260869565,high
src_country=MY|msm_id=5051|file_name=ripe_atlas_5051_20251201.json,MY,msm_5051,5051,ripe_atlas_5051_20251201.json,1,161,21,1,627,18,19,36,2.256290379826031,9.547605402198677,42,2.451209444434091,11.602370659542084,9.547605402198677,corridor,41,44,41.0,44.0,44.0,0.21699103186815175,-1.4507636317061285,4.608485389422088,no_compression,0.8596491228070176,0.8289473684210527,3.0,False,network_high_physical_upper_high,14.76306167553276,0.8043478260869565,high
src_country=MZ|msm_id=5051|file_name=ripe_atlas_5051_20251201.json,MZ,msm_5051,5051,ripe_atlas_5051_20251201.json,1,10,4,1,23,3,3,3,0.559834325921902,1.750382483268378,4,0.953822233933542,2.5956117585324225,1.750382483268378,cable,4,5,4.0,5.0,4.0,0.4375956208170945,-0.5976979256021531,2.2852148248941875,no_compression,0.35964912280701755,0.43859649122807015,-49.0,False,network_low_physical_upper_low,6.990363323427645,0.4891304347826087,medium
src_country=MZ|msm_id=5051|file_name=ripe_atlas_5051_20251201.json,MZ,msm_5051,5051,ripe_atlas_5051_20251201.json,1,10,4,1,23,3,3,3,0.559834325921902,1.750382483268378,4,0.953822233933542,2.5956117585324225,1.750382483268378,corridor,4,5,4.0,5.0,5.0,0.35007649665367563,-0.7800194823961077,2.8565185311177346,no_compression,0.35964912280701755,0.34210526315789475,-27.0,False,network_low_physical_upper_low,6.990363323427645,0.4891304347826087,medium
src_country=NC|msm_id=5051|file_name=ripe_atlas_5051_20251201.json,NC,msm_5051,5051,ripe_atlas_5051_20251201.json,1,5,1,1,167,1,2,2,0.11304494908752262,1.1196822605134138,2,0.11304494908752262,1.1196822605134138,1.1196822605134138,cable,1,1,1.0,1.0,1.0,1.1196822605134138,0.05811901977496414,0.8931105147110795,weak_compression,0.2982456140350877,0.07456140350877193,-53.0,False,network_low_physical_upper_low,3.58351893845611,0.2635869565217391,low
src_country=NC|msm_id=5051|file_name=ripe_atlas_5051_20251201.json,NC,msm_5051,5051,ripe_atlas_5051_20251201.json,1,5,1,1,167,1,2,2,0.11304494908752262,1.1196822605134138,2,0.11304494908752262,1.1196822605134138,1.1196822605134138,corridor,1,1,1.0,1.0,1.0,1.1196822605134138,0.05811901977496414,0.8931105147110795,weak_compression,0.2982456140350877,0.07017543859649122,-30.0,False,network_low_physical_upper_low,3.58351893845611,0.2635869565217391,low
src_country=NG|msm_id=5051|file_name=ripe_atlas_5051_20251201.json,NG,msm_5051,5051,ripe_atlas_5051_20251201.json,1,65,12,1,313,10,15,16,2.0572897373406738,7.824733961678181,19,2.112162956172054,8.266101177141262,7.824733961678181,cable,7,12,7.0,12.0,7.0,1.1178191373825972,0.0981169146996499,0.8945991051303042,weak_compression,0.8421052631578947,0.6535087719298246,2.0,False,network_high_physical_upper_high,13.128044487040116,0.75,high
src_country=NG|msm_id=5051|file_name=ripe_atlas_5051_20251201.json,NG,msm_5051,5051,ripe_atlas_5051_20251201.json,1,65,12,1,313,10,15,16,2.0572897373406738,7.824733961678181,19,2.112162956172054,8.266101177141262,7.824733961678181,corridor,7,12,7.0,12.0,12.0,0.6520611634731818,-0.3873909010820511,1.5335984659376642,no_compression,0.8421052631578947,0.5131578947368421,20.0,False,network_high_physical_upper_high,13.128044487040116,0.75,high
src_country=NL|msm_id=5051|file_name=ripe_atlas_5051_20251201.json,NL,msm_5051,5051,ripe_atlas_5051_20251201.json,1,1317,40,1,3097,23,26,44,1.348178713683166,3.850406448179423,89,1.6553859956987855,5.235100258414894,3.850406448179423,cable,9,14,9.0,14.0,9.0,0.42782293868660254,-0.7235225878076574,2.3374155744662866,no_compression,0.6578947368421053,0.7280701754385965,-21.0,False,network_high_physical_upper_high,22.945488311949887,0.9728260869565216,high
src_country=NL|msm_id=5051|file_name=ripe_atlas_5051_20251201.json,NL,msm_5051,5051,ripe_atlas_5051_20251201.json,1,1317,40,1,3097,23,26,44,1.348178713683166,3.850406448179423,89,1.6553859956987855,5.235100258414894,3.850406448179423,corridor,9,14,9.0,14.0,14.0,0.2750290320128159,-1.1289876959158216,3.6359797825031124,no_compression,0.6578947368421053,0.5701754385964912,-3.0,False,network_high_physical_upper_high,22.945488311949887,0.9728260869565216,high
src_country=NO|msm_id=5051|file_name=ripe_atlas_5051_20251201.json,NO,msm_5051,5051,ripe_atlas_5051_20251201.json,1,437,28,1,54,2,2,2,0.0922160573371918,1.0966017253362883,60,2.5177964577069107,12.401239877172989,1.0966017253362883,cable,6,110,6.0,110.0,6.0,0.18276695422271472,-1.2055923410982596,5.471448622935566,no_compression,0.2894736842105263,0.6096491228070176,-59.0,False,network_low_physical_upper_high,16.265641644960677,0.8641304347826086,high
src_country=NO|msm_id=5051|file_name=ripe_atlas_5051_20251201.json,NO,msm_5051,5051,ripe_atlas_5051_20251201.json,1,437,28,1,54,2,2,2,0.0922160573371918,1.0966017253362883,60,2.5177964577069107,12.401239877172989,1.0966017253362883,corridor,6,110,6.0,110.0,110.0,0.009969106593966257,-3.96921239335528,100.30989142048537,no_compression,0.2894736842105263,0.9298245614035088,-72.0,False,network_low_physical_upper_high,16.265641644960677,0.8641304347826086,high
src_country=NZ|msm_id=5051|file_name=ripe_atlas_5051_20251201.json,NZ,msm_5051,5051,ripe_atlas_5051_20251201.json,1,286,40,1,1069,15,18,23,1.6334755431454824,5.1216443169459405,90,2.614321526895521,13.657946684142825,5.1216443169459405,cable,8,45,8.0,45.0,8.0,0.6402055396182426,-0.38539383766025503,1.5619983553974002,no_compression,0.7368421052631579,0.6929824561403509,-11.0,False,network_high_physical_upper_high,18.15077737517557,0.8967391304347826,high
src_country=NZ|msm_id=5051|file_name=ripe_atlas_5051_20251201.json,NZ,msm_5051,5051,ripe_atlas_5051_20251201.json,1,286,40,1,1069,15,18,23,1.6334755431454824,5.1216443169459405,90,2.614321526895521,13.657946684142825,5.1216443169459405,corridor,8,45,8.0,45.0,45.0,0.11381431815435424,-2.0168106568131305,8.786240749110377,no_compression,0.7368421052631579,0.8421052631578947,-12.0,False,network_high_physical_upper_high,18.15077737517557,0.8967391304347826,high
src_country=OM|msm_id=5051|file_name=ripe_atlas_5051_20251201.json,OM,msm_5051,5051,ripe_atlas_5051_20251201.json,1,74,6,1,153,6,12,15,1.4300132543560615,4.178754578257264,15,1.4300132543560615,4.178754578257264,4.178754578257264,cable,12,32,12.0,32.0,12.0,0.3482295481881053,-0.9203847590056726,2.871669004549332,no_compression,0.6929824561403509,0.8026315789473685,-20.0,False,network_high_physical_upper_high,8.00356017151394,0.5434782608695652,medium
src_country=OM|msm_id=5051|file_name=ripe_atlas_5051_20251201.json,OM,msm_5051,5051,ripe_atlas_5051_20251201.json,1,74,6,1,153,6,12,15,1.4300132543560615,4.178754578257264,15,1.4300132543560615,4.178754578257264,4.178754578257264,corridor,12,32,12.0,32.0,32.0,0.1305860805705395,-1.8519429630106161,7.657784012131551,no_compression,0.6929824561403509,0.7807017543859649,-12.0,False,network_high_physical_upper_high,8.00356017151394,0.5434782608695652,medium
src_country=PA|msm_id=5051|file_name=ripe_atlas_5051_20251201.json,PA,msm_5051,5051,ripe_atlas_5051_20251201.json,1,118,8,1,253,6,9,11,1.6209870225388285,5.058080292801451,14,1.8662726715718514,6.464157402598558,5.058080292801451,cable,8,14,8.0,14.0,8.0,0.6322600366001814,-0.39583161080754325,1.581627719786383,no_compression,0.7280701754385965,0.6929824561403509,-12.0,False,network_high_physical_upper_high,9.03783552451739,0.592391304347826,medium
src_country=PA|msm_id=5051|file_name=ripe_atlas_5051_20251201.json,PA,msm_5051,5051,ripe_atlas_5051_20251201.json,1,118,8,1,253,6,9,11,1.6209870225388285,5.058080292801451,14,1.8662726715718514,6.464157402598558,5.058080292801451,corridor,8,14,8.0,14.0,14.0,0.36129144948581793,-0.9066572345735338,2.7678485096261705,no_compression,0.7280701754385965,0.5701754385964912,5.0,False,network_high_physical_upper_high,9.03783552451739,0.592391304347826,medium
src_country=PE|msm_id=5051|file_name=ripe_atlas_5051_20251201.json,PE,msm_5051,5051,ripe_atlas_5051_20251201.json,1,103,6,1,1868,6,6,10,1.3584403186547847,3.8901212182736646,10,1.3584403186547847,3.8901212182736646,3.8901212182736646,cable,3,7,3.0,7.0,3.0,1.2967070727578882,0.2009227310726669,0.7711841949571233,weak_compression,0.6754385964912281,0.3157894736842105,-13.0,False,network_high_physical_upper_low,14.339307831825838,0.782608695652174,high
src_country=PE|msm_id=5051|file_name=ripe_atlas_5051_20251201.json,PE,msm_5051,5051,ripe_atlas_5051_20251201.json,1,103,6,1,1868,6,6,10,1.3584403186547847,3.8901212182736646,10,1.3584403186547847,3.8901212182736646,3.8901212182736646,corridor,3,7,3.0,7.0,7.0,0.5557316026105236,-0.4922244494872783,1.799429788233288,no_compression,0.6754385964912281,0.39473684210526316,6.0,False,network_high_physical_upper_low,14.339307831825838,0.782608695652174,high
src_country=PG|msm_id=5051|file_name=ripe_atlas_5051_20251201.json,PG,msm_5051,5051,ripe_atlas_5051_20251201.json,1,4,1,1,96,1,1,1,-0.0,1.0,3,0.1550822668817397,1.167754024635893,1.0,cable,3,2,3.0,2.0,3.0,0.3333333333333333,-0.6931471805599453,3.0,no_compression,0.13157894736842105,0.3157894736842105,-60.0,False,network_low_physical_upper_low,5.948623303169729,0.4293478260869565,medium
src_country=PG|msm_id=5051|file_name=ripe_atlas_5051_20251201.json,PG,msm_5051,5051,ripe_atlas_5051_20251201.json,1,4,1,1,96,1,1,1,-0.0,1.0,3,0.1550822668817397,1.167754024635893,1.0,corridor,3,2,3.0,2.0,2.0,0.5,-0.4054651081081645,2.0,no_compression,0.13157894736842105,0.17543859649122806,-36.0,False,network_low_physical_upper_low,5.948623303169729,0.4293478260869565,medium
src_country=PH|msm_id=5051|file_name=ripe_atlas_5051_20251201.json,PH,msm_5051,5051,ripe_atlas_5051_20251201.json,1,1418,67,1,7900,22,22,37,0.8784178772614285,2.407088382957041,216,1.689273770987414,5.4155463498044,2.407088382957041,cable,12,229,12.0,229.0,12.0,0.20059069857975342,-1.3390912775409507,4.985276022668654,no_compression,0.4824561403508772,0.8026315789473685,-44.0,False,network_low_physical_upper_high,15.751947002141888,0.8532608695652174,high
src_country=PH|msm_id=5051|file_name=ripe_atlas_5051_20251201.json,PH,msm_5051,5051,ripe_atlas_5051_20251201.json,1,1418,67,1,7900,22,22,37,0.8784178772614285,2.407088382957041,216,1.689273770987414,5.4155463498044,2.407088382957041,corridor,12,229,12.0,229.0,229.0,0.010511302982345157,-4.212221229002609,95.13568409926015,no_compression,0.4824561403508772,0.9824561403508771,-57.0,False,network_low_physical_upper_high,15.751947002141888,0.8532608695652174,high
src_country=PK|msm_id=5051|file_name=ripe_atlas_5051_20251201.json,PK,msm_5051,5051,ripe_atlas_5051_20251201.json,1,3,1,1,105,1,4,4,0.6993366138321621,2.012417254788289,4,0.6993366138321621,2.012417254788289,2.012417254788289,cable,5,3,5.0,3.0,5.0,0.40248345095765775,-0.689016638078709,2.4845742045309644,no_compression,0.42105263157894735,0.543859649122807,-44.0,False,network_low_physical_upper_high,9.517640689602612,0.625,medium
src_country=PK|msm_id=5051|file_name=ripe_atlas_5051_20251201.json,PK,msm_5051,5051,ripe_atlas_5051_20251201.json,1,3,1,1,105,1,4,4,0.6993366138321621,2.012417254788289,4,0.6993366138321621,2.012417254788289,2.012417254788289,corridor,5,3,5.0,3.0,3.0,0.6708057515960962,-0.28355152997054467,1.4907445227185787,no_compression,0.42105263157894735,0.2412280701754386,-19.0,False,network_low_physical_upper_low,9.517640689602612,0.625,medium
src_country=PR|msm_id=5051|file_name=ripe_atlas_5051_20251201.json,PR,msm_5051,5051,ripe_atlas_5051_20251201.json,1,190,13,1,208,4,5,5,1.0768475938081783,2.9354113412721463,31,2.443344989414018,11.511482199916342,2.9354113412721463,cable,11,21,11.0,21.0,11.0,0.26685557647928604,-1.1148912393864683,3.7473453363550844,no_compression,0.5614035087719298,0.7807017543859649,-34.0,False,network_high_physical_upper_high,9.63621950320233,0.6358695652173914,medium
src_country=PR|msm_id=5051|file_name=ripe_atlas_5051_20251201.json,PR,msm_5051,5051,ripe_atlas_5051_20251201.json,1,190,13,1,208,4,5,5,1.0768475938081783,2.9354113412721463,31,2.443344989414018,11.511482199916342,2.9354113412721463,corridor,11,21,11.0,21.0,21.0,0.13978149244153076,-1.721027042956784,7.1540229148597065,no_compression,0.5614035087719298,0.6842105263157895,-20.0,False,network_high_physical_upper_high,9.63621950320233,0.6358695652173914,medium
src_country=PS|msm_id=5051|file_name=ripe_atlas_5051_20251201.json,PS,msm_5051,5051,ripe_atlas_5051_20251201.json,1,15,6,1,6,1,1,1,-0.0,1.0,7,1.670125999187464,5.312837168176499,1.0,cable,2,22,2.0,22.0,2.0,0.5,-0.4054651081081645,2.0,no_compression,0.13157894736842105,0.20175438596491227,-59.0,False,network_low_physical_upper_low,6.476021304560889,0.4510869565217391,medium
src_country=PS|msm_id=5051|file_name=ripe_atlas_5051_20251201.json,PS,msm_5051,5051,ripe_atlas_5051_20251201.json,1,15,6,1,6,1,1,1,-0.0,1.0,7,1.670125999187464,5.312837168176499,1.0,corridor,2,22,2.0,22.0,22.0,0.045454545454545456,-2.4423470353692043,22.0,no_compression,0.13157894736842105,0.7017543859649122,-55.0,False,network_low_physical_upper_high,6.476021304560889,0.4510869565217391,medium
src_country=PT|msm_id=5051|file_name=ripe_atlas_5051_20251201.json,PT,msm_5051,5051,ripe_atlas_5051_20251201.json,1,2347,23,1,2385,16,29,60,2.766332791979535,15.900217557266641,74,2.747482616087895,15.603302898187962,15.900217557266641,cable,14,40,14.0,40.0,14.0,1.1357298255190458,0.11927629395500272,0.8804910970291591,weak_compression,0.9385964912280702,0.8421052631578947,6.0,False,network_high_physical_upper_high,12.268661448013187,0.7228260869565217,high
src_country=PT|msm_id=5051|file_name=ripe_atlas_5051_20251201.json,PT,msm_5051,5051,ripe_atlas_5051_20251201.json,1,2347,23,1,2385,16,29,60,2.766332791979535,15.900217557266641,74,2.747482616087895,15.603302898187962,15.900217557266641,corridor,14,40,14.0,40.0,40.0,0.397505438931666,-0.8862455716470952,2.51568884865474,no_compression,0.9385964912280702,0.8157894736842105,13.0,False,network_high_physical_upper_high,12.268661448013187,0.7228260869565217,high
src_country=PW|msm_id=5051|file_name=ripe_atlas_5051_20251201.json,PW,msm_5051,5051,ripe_atlas_5051_20251201.json,1,1,1,1,8,1,1,1,-0.0,1.0,1,-0.0,1.0,1.0,cable,2,2,2.0,2.0,2.0,0.5,-0.4054651081081645,2.0,no_compression,0.13157894736842105,0.20175438596491227,-59.0,False,network_low_physical_upper_low,,,
src_country=PW|msm_id=5051|file_name=ripe_atlas_5051_20251201.json,PW,msm_5051,5051,ripe_atlas_5051_20251201.json,1,1,1,1,8,1,1,1,-0.0,1.0,1,-0.0,1.0,1.0,corridor,2,2,2.0,2.0,2.0,0.5,-0.4054651081081645,2.0,no_compression,0.13157894736842105,0.17543859649122806,-36.0,False,network_low_physical_upper_low,,,
src_country=QA|msm_id=5051|file_name=ripe_atlas_5051_20251201.json,QA,msm_5051,5051,ripe_atlas_5051_20251201.json,1,130,4,1,233,3,8,10,1.303855527207368,3.683471048049237,12,1.2412778634209278,3.4600320894042844,3.683471048049237,cable,9,47,9.0,47.0,9.0,0.40927456089435965,-0.7585455810373105,2.443347560656515,no_compression,0.6228070175438597,0.7280701754385965,-25.0,False,network_high_physical_upper_high,8.62656380226731,0.5597826086956522,medium
src_country=QA|msm_id=5051|file_name=ripe_atlas_5051_20251201.json,QA,msm_5051,5051,ripe_atlas_5051_20251201.json,1,130,4,1,233,3,8,10,1.303855527207368,3.683471048049237,12,1.2412778634209278,3.4600320894042844,3.683471048049237,corridor,9,47,9.0,47.0,47.0,0.07837172442657951,-2.3271614989511558,12.759703927872911,no_compression,0.6228070175438597,0.8596491228070176,-27.0,False,network_high_physical_upper_high,8.62656380226731,0.5597826086956522,medium
src_country=RE|msm_id=5051|file_name=ripe_atlas_5051_20251201.json,RE,msm_5051,5051,ripe_atlas_5051_20251201.json,1,1,1,1,1,1,1,1,-0.0,1.0,1,-0.0,1.0,1.0,cable,1,1,1.0,1.0,1.0,1.0,0.0,1.0,no_compression,0.13157894736842105,0.07456140350877193,-58.0,False,network_low_physical_upper_low,2.6390573296152584,0.1494565217391304,low
src_country=RE|msm_id=5051|file_name=ripe_atlas_5051_20251201.json,RE,msm_5051,5051,ripe_atlas_5051_20251201.json,1,1,1,1,1,1,1,1,-0.0,1.0,1,-0.0,1.0,1.0,corridor,1,1,1.0,1.0,1.0,1.0,0.0,1.0,no_compression,0.13157894736842105,0.07017543859649122,-35.0,False,network_low_physical_upper_low,2.6390573296152584,0.1494565217391304,low
src_country=RO|msm_id=5051|file_name=ripe_atlas_5051_20251201.json,RO,msm_5051,5051,ripe_atlas_5051_20251201.json,1,21,1,1,21,1,1,1,-0.0,1.0,1,-0.0,1.0,1.0,cable,1,1,1.0,1.0,1.0,1.0,0.0,1.0,no_compression,0.13157894736842105,0.07456140350877193,-58.0,False,network_low_physical_upper_low,14.534259912354845,0.7989130434782609,high
src_country=RO|msm_id=5051|file_name=ripe_atlas_5051_20251201.json,RO,msm_5051,5051,ripe_atlas_5051_20251201.json,1,21,1,1,21,1,1,1,-0.0,1.0,1,-0.0,1.0,1.0,corridor,1,1,1.0,1.0,1.0,1.0,0.0,1.0,no_compression,0.13157894736842105,0.07017543859649122,-35.0,False,network_low_physical_upper_low,14.534259912354845,0.7989130434782609,high
src_country=RU|msm_id=5051|file_name=ripe_atlas_5051_20251201.json,RU,msm_5051,5051,ripe_atlas_5051_20251201.json,1,22,9,1,11,1,1,1,-0.0,1.0,12,1.7191433305964217,5.579746418216025,1.0,cable,3,3,3.0,3.0,3.0,0.3333333333333333,-0.6931471805599453,3.0,no_compression,0.13157894736842105,0.3157894736842105,-60.0,False,network_low_physical_upper_low,20.908351445954416,0.9456521739130436,high
src_country=RU|msm_id=5051|file_name=ripe_atlas_5051_20251201.json,RU,msm_5051,5051,ripe_atlas_5051_20251201.json,1,22,9,1,11,1,1,1,-0.0,1.0,12,1.7191433305964217,5.579746418216025,1.0,corridor,3,3,3.0,3.0,3.0,0.3333333333333333,-0.6931471805599453,3.0,no_compression,0.13157894736842105,0.2412280701754386,-37.0,False,network_low_physical_upper_low,20.908351445954416,0.9456521739130436,high
src_country=SA|msm_id=5051|file_name=ripe_atlas_5051_20251201.json,SA,msm_5051,5051,ripe_atlas_5051_20251201.json,1,113,4,1,182,4,6,7,1.288270849962243,3.626510350556792,8,1.3179343188312387,3.7356966433805825,3.626510350556792,cable,11,15,11.0,15.0,11.0,0.32968275914152656,-0.9531037698509186,3.0332189726995065,no_compression,0.6140350877192983,0.7807017543859649,-28.0,False,network_high_physical_upper_high,13.06514137643638,0.7445652173913043,high
src_country=SA|msm_id=5051|file_name=ripe_atlas_5051_20251201.json,SA,msm_5051,5051,ripe_atlas_5051_20251201.json,1,113,4,1,182,4,6,7,1.288270849962243,3.626510350556792,8,1.3179343188312387,3.7356966433805825,3.626510350556792,corridor,11,15,11.0,15.0,15.0,0.24176735670378616,-1.2407858423026994,4.136207690044781,no_compression,0.6140350877192983,0.6008771929824561,-9.0,False,network_high_physical_upper_high,13.06514137643638,0.7445652173913043,high
src_country=SC|msm_id=5051|file_name=ripe_atlas_5051_20251201.json,SC,msm_5051,5051,ripe_atlas_5051_20251201.json,1,1,1,1,29,1,2,2,0.6441857770863766,1.904435762583764,2,0.6441857770863766,1.904435762583764,1.904435762583764,cable,1,1,1.0,1.0,1.0,1.904435762583764,0.3730919611314757,0.5250899083323722,weak_compression,0.37719298245614036,0.07456140350877193,-44.0,False,network_low_physical_upper_low,,,
src_country=SC|msm_id=5051|file_name=ripe_atlas_5051_20251201.json,SC,msm_5051,5051,ripe_atlas_5051_20251201.json,1,1,1,1,29,1,2,2,0.6441857770863766,1.904435762583764,2,0.6441857770863766,1.904435762583764,1.904435762583764,corridor,1,1,1.0,1.0,1.0,1.904435762583764,0.3730919611314757,0.5250899083323722,weak_compression,0.37719298245614036,0.07017543859649122,-21.0,False,network_low_physical_upper_low,,,
src_country=SE|msm_id=5051|file_name=ripe_atlas_5051_20251201.json,SE,msm_5051,5051,ripe_atlas_5051_20251201.json,1,4922,56,1,13027,39,52,109,1.833860320835529,6.257997969835282,186,1.865408485821995,6.458573582962591,6.257997969835282,cable,22,67,22.0,67.0,22.0,0.284454453174331,-1.15339018685238,3.515501300263136,no_compression,0.8070175438596491,0.9429824561403509,-16.0,False,network_high_physical_upper_high,18.501649345616475,0.9130434782608696,high
src_country=SE|msm_id=5051|file_name=ripe_atlas_5051_20251201.json,SE,msm_5051,5051,ripe_atlas_5051_20251201.json,1,4922,56,1,13027,39,52,109,1.833860320835529,6.257997969835282,186,1.865408485821995,6.458573582962591,6.257997969835282,corridor,22,67,22.0,67.0,67.0,0.09340295477366092,-2.237403676099337,10.706299414437733,no_compression,0.8070175438596491,0.9122807017543859,-12.0,False,network_high_physical_upper_high,18.501649345616475,0.9130434782608696,high
src_country=SG|msm_id=5051|file_name=ripe_atlas_5051_20251201.json,SG,msm_5051,5051,ripe_atlas_5051_20251201.json,1,9884,114,1,27005,106,329,818,4.71311599207799,111.39873724190436,845,4.7739483717801265,118.38575133813339,111.39873724190436,cable,52,204,52.0,204.0,52.0,2.1422834084981606,0.7517607893417311,0.46679164672289836,moderate_compression,1.0,0.9824561403508771,2.0,False,network_high_physical_upper_high,16.96840130793428,0.8804347826086957,high
src_country=SG|msm_id=5051|file_name=ripe_atlas_5051_20251201.json,SG,msm_5051,5051,ripe_atlas_5051_20251201.json,1,9884,114,1,27005,106,329,818,4.71311599207799,111.39873724190436,845,4.7739483717801265,118.38575133813339,111.39873724190436,corridor,52,204,52.0,204.0,204.0,0.5460722413818841,-0.6009572762445554,1.8312595371436782,no_compression,1.0,0.9736842105263158,3.0,False,network_high_physical_upper_high,16.96840130793428,0.8804347826086957,high
src_country=SL|msm_id=5051|file_name=ripe_atlas_5051_20251201.json,SL,msm_5051,5051,ripe_atlas_5051_20251201.json,1,1,1,1,95,1,1,1,-0.0,1.0,1,-0.0,1.0,1.0,cable,1,1,1.0,1.0,1.0,1.0,0.0,1.0,no_compression,0.13157894736842105,0.07456140350877193,-58.0,False,network_low_physical_upper_low,4.777068542554243,0.3423913043478261,medium
src_country=SL|msm_id=5051|file_name=ripe_atlas_5051_20251201.json,SL,msm_5051,5051,ripe_atlas_5051_20251201.json,1,1,1,1,95,1,1,1,-0.0,1.0,1,-0.0,1.0,1.0,corridor,1,1,1.0,1.0,1.0,1.0,0.0,1.0,no_compression,0.13157894736842105,0.07017543859649122,-35.0,False,network_low_physical_upper_low,4.777068542554243,0.3423913043478261,medium
src_country=SN|msm_id=5051|file_name=ripe_atlas_5051_20251201.json,SN,msm_5051,5051,ripe_atlas_5051_20251201.json,1,8,2,1,103,2,3,3,0.2889919949849496,1.3350810411419043,3,0.2889919949849496,1.3350810411419043,1.3350810411419043,cable,4,5,4.0,5.0,4.0,0.3337702602854761,-0.7613913147883642,2.99607280512258,no_compression,0.3157894736842105,0.43859649122807015,-54.0,False,network_low_physical_upper_low,3.58351893845611,0.2635869565217391,low
src_country=SN|msm_id=5051|file_name=ripe_atlas_5051_20251201.json,SN,msm_5051,5051,ripe_atlas_5051_20251201.json,1,8,2,1,103,2,3,3,0.2889919949849496,1.3350810411419043,3,0.2889919949849496,1.3350810411419043,1.3350810411419043,corridor,4,5,4.0,5.0,5.0,0.26701620822838085,-0.9437128715823189,3.745091006403225,no_compression,0.3157894736842105,0.34210526315789475,-32.0,False,network_low_physical_upper_low,3.58351893845611,0.2635869565217391,low
src_country=SX|msm_id=5051|file_name=ripe_atlas_5051_20251201.json,SX,msm_5051,5051,ripe_atlas_5051_20251201.json,1,3,1,1,1,1,1,1,-0.0,1.0,2,0.6365141682948128,1.8898815748423097,1.0,cable,5,17,5.0,17.0,5.0,0.2,-1.0986122886681096,5.0,no_compression,0.13157894736842105,0.543859649122807,-62.0,False,network_low_physical_upper_high,3.1780538303479453,0.1847826086956521,low
src_country=SX|msm_id=5051|file_name=ripe_atlas_5051_20251201.json,SX,msm_5051,5051,ripe_atlas_5051_20251201.json,1,3,1,1,1,1,1,1,-0.0,1.0,2,0.6365141682948128,1.8898815748423097,1.0,corridor,5,17,5.0,17.0,17.0,0.058823529411764705,-2.197224577336219,17.0,no_compression,0.13157894736842105,0.6491228070175439,-51.0,False,network_low_physical_upper_high,3.1780538303479453,0.1847826086956521,low
src_country=TG|msm_id=5051|file_name=ripe_atlas_5051_20251201.json,TG,msm_5051,5051,ripe_atlas_5051_20251201.json,1,3,2,1,31,2,4,4,0.8633527958688303,2.37109718640233,4,0.8633527958688303,2.37109718640233,2.37109718640233,cable,2,4,2.0,4.0,2.0,1.185548593201165,0.11662597730834912,0.8434913640273867,weak_compression,0.47368421052631576,0.20175438596491227,-35.0,False,network_low_physical_upper_low,3.8712010109078903,0.3016304347826087,low
src_country=TG|msm_id=5051|file_name=ripe_atlas_5051_20251201.json,TG,msm_5051,5051,ripe_atlas_5051_20251201.json,1,3,2,1,31,2,4,4,0.8633527958688303,2.37109718640233,4,0.8633527958688303,2.37109718640233,2.37109718640233,corridor,2,4,2.0,4.0,4.0,0.5927742966005825,-0.3941996464576414,1.6869827280547733,no_compression,0.47368421052631576,0.29385964912280704,-14.0,False,network_low_physical_upper_low,3.8712010109078903,0.3016304347826087,low
src_country=TH|msm_id=5051|file_name=ripe_atlas_5051_20251201.json,TH,msm_5051,5051,ripe_atlas_5051_20251201.json,1,735,36,1,1902,15,16,26,1.9019107184725699,6.698681516655093,86,2.7364872318722044,15.432678348048475,6.698681516655093,cable,4,12,4.0,12.0,4.0,1.6746703791637731,0.43161117016049855,0.5971324342043586,weak_compression,0.8333333333333334,0.43859649122807015,4.0,False,network_high_physical_upper_low,16.56787979159028,0.875,high
src_country=TH|msm_id=5051|file_name=ripe_atlas_5051_20251201.json,TH,msm_5051,5051,ripe_atlas_5051_20251201.json,1,735,36,1,1902,15,16,26,1.9019107184725699,6.698681516655093,86,2.7364872318722044,15.432678348048475,6.698681516655093,corridor,4,12,4.0,12.0,12.0,0.5582234597212578,-0.5239002748669379,1.7913973026130758,no_compression,0.8333333333333334,0.5131578947368421,19.0,False,network_high_physical_upper_high,16.56787979159028,0.875,high
src_country=TL|msm_id=5051|file_name=ripe_atlas_5051_20251201.json,TL,msm_5051,5051,ripe_atlas_5051_20251201.json,1,2,2,1,154,2,2,2,0.5021975436483896,1.6523483915750667,2,0.5021975436483896,1.6523483915750667,1.6523483915750667,cable,2,4,2.0,4.0,2.0,0.8261741957875334,-0.1231668556004969,1.2103984911399597,no_compression,0.3508771929824561,0.20175438596491227,-48.0,False,network_low_physical_upper_low,,,
src_country=TL|msm_id=5051|file_name=ripe_atlas_5051_20251201.json,TL,msm_5051,5051,ripe_atlas_5051_20251201.json,1,2,2,1,154,2,2,2,0.5021975436483896,1.6523483915750667,2,0.5021975436483896,1.6523483915750667,1.6523483915750667,corridor,2,4,2.0,4.0,4.0,0.4130870978937667,-0.6339924793664874,2.4207969822799194,no_compression,0.3508771929824561,0.29385964912280704,-27.0,False,network_low_physical_upper_low,,,
src_country=TN|msm_id=5051|file_name=ripe_atlas_5051_20251201.json,TN,msm_5051,5051,ripe_atlas_5051_20251201.json,1,7,2,1,148,2,3,3,0.367816281886182,1.4445766197016243,3,0.367816281886182,1.4445766197016243,1.4445766197016243,cable,3,2,3.0,2.0,3.0,0.4815255399005414,-0.49242241486349647,2.0767330434986873,no_compression,0.32456140350877194,0.3157894736842105,-52.0,False,network_low_physical_upper_low,3.401197381662155,0.2282608695652173,low
src_country=TN|msm_id=5051|file_name=ripe_atlas_5051_20251201.json,TN,msm_5051,5051,ripe_atlas_5051_20251201.json,1,7,2,1,148,2,3,3,0.367816281886182,1.4445766197016243,3,0.367816281886182,1.4445766197016243,1.4445766197016243,corridor,3,2,3.0,2.0,2.0,0.7222883098508122,-0.20474034241171568,1.3844886956657916,no_compression,0.32456140350877194,0.17543859649122806,-28.0,False,network_low_physical_upper_low,3.401197381662155,0.2282608695652173,low
src_country=TR|msm_id=5051|file_name=ripe_atlas_5051_20251201.json,TR,msm_5051,5051,ripe_atlas_5051_20251201.json,1,20,2,1,0,0,0,0,0.0,0.0,3,0.16276479441419955,1.1767598766396241,1.1767598766396241,cable,1,1,1.0,1.0,1.0,1.1767598766396241,0.08469029548935647,0.8497910405099954,weak_compression,0.30701754385964913,0.07456140350877193,-52.0,False,network_low_physical_upper_low,15.528560167801851,0.8369565217391305,high
src_country=TR|msm_id=5051|file_name=ripe_atlas_5051_20251201.json,TR,msm_5051,5051,ripe_atlas_5051_20251201.json,1,20,2,1,0,0,0,0,0.0,0.0,3,0.16276479441419955,1.1767598766396241,1.1767598766396241,corridor,1,1,1.0,1.0,1.0,1.1767598766396241,0.08469029548935647,0.8497910405099954,weak_compression,0.30701754385964913,0.07017543859649122,-29.0,False,network_low_physical_upper_low,15.528560167801851,0.8369565217391305,high
src_country=TT|msm_id=5051|file_name=ripe_atlas_5051_20251201.json,TT,msm_5051,5051,ripe_atlas_5051_20251201.json,1,94,4,1,0,0,0,0,0.0,0.0,10,1.3345332104509748,3.7982225619560106,3.7982225619560106,cable,2,2,2.0,2.0,2.0,1.8991112809780053,0.4696332610754135,0.5265620872332555,weak_compression,0.6403508771929824,0.20175438596491227,-16.0,False,network_high_physical_upper_low,7.401820992339319,0.5163043478260869,medium
src_country=TT|msm_id=5051|file_name=ripe_atlas_5051_20251201.json,TT,msm_5051,5051,ripe_atlas_5051_20251201.json,1,94,4,1,0,0,0,0,0.0,0.0,10,1.3345332104509748,3.7982225619560106,3.7982225619560106,corridor,2,2,2.0,2.0,2.0,1.8991112809780053,0.4696332610754135,0.5265620872332555,weak_compression,0.6403508771929824,0.17543859649122806,7.0,False,network_high_physical_upper_low,7.401820992339319,0.5163043478260869,medium
src_country=TW|msm_id=5051|file_name=ripe_atlas_5051_20251201.json,TW,msm_5051,5051,ripe_atlas_5051_20251201.json,1,788,47,1,1136,22,33,46,2.8768797175856795,17.758774247485793,125,3.1241850873896704,22.741355323177554,17.758774247485793,cable,16,59,16.0,59.0,16.0,1.109923390467862,0.09844825876704144,0.9009630832074578,weak_compression,0.9473684210526315,0.881578947368421,5.0,False,network_high_physical_upper_high,14.3978103094875,0.7880434782608695,high
src_country=TW|msm_id=5051|file_name=ripe_atlas_5051_20251201.json,TW,msm_5051,5051,ripe_atlas_5051_20251201.json,1,788,47,1,1136,22,33,46,2.8768797175856795,17.758774247485793,125,3.1241850873896704,22.741355323177554,17.758774247485793,corridor,16,59,16.0,59.0,59.0,0.30099617368619985,-1.1626829593988428,3.3223013693275005,no_compression,0.9473684210526315,0.8859649122807017,7.0,False,network_high_physical_upper_high,14.3978103094875,0.7880434782608695,high
src_country=TZ|msm_id=5051|file_name=ripe_atlas_5051_20251201.json,TZ,msm_5051,5051,ripe_atlas_5051_20251201.json,1,3,3,1,99,3,2,3,0.7119200413938614,2.0379003576731494,3,0.7119200413938614,2.0379003576731494,2.0379003576731494,cable,4,5,4.0,5.0,4.0,0.5094750894182873,-0.49827130745767323,1.9628045036348847,no_compression,0.4298245614035088,0.43859649122807015,-42.0,False,network_low_physical_upper_low,12.81674097207905,0.7336956521739131,high
src_country=TZ|msm_id=5051|file_name=ripe_atlas_5051_20251201.json,TZ,msm_5051,5051,ripe_atlas_5051_20251201.json,1,3,3,1,99,3,2,3,0.7119200413938614,2.0379003576731494,3,0.7119200413938614,2.0379003576731494,2.0379003576731494,corridor,4,5,4.0,5.0,5.0,0.4075800715346299,-0.6805928642516279,2.453505629543606,no_compression,0.4298245614035088,0.34210526315789475,-20.0,False,network_low_physical_upper_low,12.81674097207905,0.7336956521739131,high
src_country=US|msm_id=5051|file_name=ripe_atlas_5051_20251201.json,US,msm_5051,5051,ripe_atlas_5051_20251201.json,1,11031,263,1,18625,77,190,387,3.7978943518003145,44.60715855216619,1175,4.404127764586105,81.78777352977482,44.60715855216619,cable,65,235,65.0,235.0,65.0,0.6862639777256337,-0.36959005203394657,1.4571652198824823,no_compression,0.9824561403508771,1.0,-2.0,False,network_high_physical_upper_high,30.999689913873148,1.0,high
src_country=US|msm_id=5051|file_name=ripe_atlas_5051_20251201.json,US,msm_5051,5051,ripe_atlas_5051_20251201.json,1,11031,263,1,18625,77,190,387,3.7978943518003145,44.60715855216619,1175,4.404127764586105,81.78777352977482,44.60715855216619,corridor,65,235,65.0,235.0,235.0,0.18981769596666465,-1.6437671150331319,5.268212718036667,no_compression,0.9824561403508771,0.9912280701754386,-1.0,False,network_high_physical_upper_high,30.999689913873148,1.0,high
src_country=VC|msm_id=5051|file_name=ripe_atlas_5051_20251201.json,VC,msm_5051,5051,ripe_atlas_5051_20251201.json,1,4,1,1,0,0,0,0,0.0,0.0,1,-0.0,1.0,1.0,cable,3,30,3.0,30.0,3.0,0.3333333333333333,-0.6931471805599453,3.0,no_compression,0.13157894736842105,0.3157894736842105,-60.0,False,network_low_physical_upper_low,2.302585092994045,0.1195652173913043,low
src_country=VC|msm_id=5051|file_name=ripe_atlas_5051_20251201.json,VC,msm_5051,5051,ripe_atlas_5051_20251201.json,1,4,1,1,0,0,0,0,0.0,0.0,1,-0.0,1.0,1.0,corridor,3,30,3.0,30.0,30.0,0.03333333333333333,-2.740840023925201,30.0,no_compression,0.13157894736842105,0.7675438596491229,-60.0,False,network_low_physical_upper_high,2.302585092994045,0.1195652173913043,low
src_country=VE|msm_id=5051|file_name=ripe_atlas_5051_20251201.json,VE,msm_5051,5051,ripe_atlas_5051_20251201.json,1,19,8,1,145,2,3,3,0.8548286398639261,2.350971483262341,10,1.5389784062696534,4.659827388092534,2.350971483262341,cable,3,16,3.0,16.0,3.0,0.7836571610874471,-0.1770440623196552,1.2760682217365862,no_compression,0.4649122807017544,0.3157894736842105,-37.0,False,network_low_physical_upper_low,10.687555239970893,0.6739130434782609,high
src_country=VE|msm_id=5051|file_name=ripe_atlas_5051_20251201.json,VE,msm_5051,5051,ripe_atlas_5051_20251201.json,1,19,8,1,145,2,3,3,0.8548286398639261,2.350971483262341,10,1.5389784062696534,4.659827388092534,2.350971483262341,corridor,3,16,3.0,16.0,16.0,0.14693571770389632,-1.6239630452559808,6.805697182595126,no_compression,0.4649122807017544,0.6228070175438597,-27.0,False,network_low_physical_upper_high,10.687555239970893,0.6739130434782609,high
src_country=VI|msm_id=5051|file_name=ripe_atlas_5051_20251201.json,VI,msm_5051,5051,ripe_atlas_5051_20251201.json,1,28,3,1,181,1,1,1,-0.0,1.0,3,0.17554446149090047,1.1918949809010437,1.0,cable,4,24,4.0,24.0,4.0,0.25,-0.916290731874155,4.0,no_compression,0.13157894736842105,0.43859649122807015,-61.0,False,network_low_physical_upper_low,,,
src_country=VI|msm_id=5051|file_name=ripe_atlas_5051_20251201.json,VI,msm_5051,5051,ripe_atlas_5051_20251201.json,1,28,3,1,181,1,1,1,-0.0,1.0,3,0.17554446149090047,1.1918949809010437,1.0,corridor,4,24,4.0,24.0,24.0,0.041666666666666664,-2.525728644308255,24.0,no_compression,0.13157894736842105,0.7192982456140351,-56.0,False,network_low_physical_upper_high,,,
src_country=VN|msm_id=5051|file_name=ripe_atlas_5051_20251201.json,VN,msm_5051,5051,ripe_atlas_5051_20251201.json,1,26,7,1,519,7,13,14,1.8366743682633038,6.275633074297995,14,1.8366743682633038,6.275633074297995,6.275633074297995,cable,6,12,6.0,12.0,6.0,1.0459388457163326,0.0386206807382381,0.9560788416029521,weak_compression,0.8157894736842105,0.6096491228070176,0.0,False,network_high_physical_upper_high,11.687033166049336,0.7119565217391305,high
src_country=VN|msm_id=5051|file_name=ripe_atlas_5051_20251201.json,VN,msm_5051,5051,ripe_atlas_5051_20251201.json,1,26,7,1,519,7,13,14,1.8366743682633038,6.275633074297995,14,1.8366743682633038,6.275633074297995,6.275633074297995,corridor,6,12,6.0,12.0,12.0,0.5229694228581663,-0.5804185276679854,1.9121576832059042,no_compression,0.8157894736842105,0.5131578947368421,17.0,False,network_high_physical_upper_high,11.687033166049336,0.7119565217391305,high
src_country=ZA|msm_id=5051|file_name=ripe_atlas_5051_20251201.json,ZA,msm_5051,5051,ripe_atlas_5051_20251201.json,1,553,51,1,1183,11,21,25,1.8109131147999262,6.1160295203709465,107,2.971839948131064,19.527816731369015,6.1160295203709465,cable,10,39,10.0,39.0,10.0,0.6116029520370947,-0.4355453545532819,1.6350476999322079,no_compression,0.7807017543859649,0.7543859649122807,-8.0,False,network_high_physical_upper_high,16.271109638736306,0.8695652173913043,high
src_country=ZA|msm_id=5051|file_name=ripe_atlas_5051_20251201.json,ZA,msm_5051,5051,ripe_atlas_5051_20251201.json,1,553,51,1,1183,11,21,25,1.8109131147999262,6.1160295203709465,107,2.971839948131064,19.527816731369015,6.1160295203709465,corridor,10,39,10.0,39.0,39.0,0.1568212697531012,-1.7265295358688475,6.376686029735611,no_compression,0.7807017543859649,0.8026315789473685,-4.0,False,network_high_physical_upper_high,16.271109638736306,0.8695652173913043,high
