country,msm_id,file_name,total_mappable_segments,top1_network_transition_share,top2_network_transition_share,top3_network_transition_share,network_transition_entropy,network_transition_normalized_entropy,effective_network_transition_count,network_transition_concentration_tier,top1_corridor_share,top2_corridor_share,top3_corridor_share,corridor_entropy,corridor_normalized_entropy,effective_corridor_count,corridor_minus_network_normalized_entropy,normalized_entropy_reduction,corridor_concentration_tier,cross_layer_distribution_class,country_fallback_share,auditable_cross_layer_case,sufficient_trace_observation,sufficient_corridor_observation,sufficient_network_transition_resolution,auditable_paper_case,observation_sufficiency_reason,failed_thresholds,unique_probes,unique_probe_asns,domestic_segment_share,international_segment_share,paper_case_scope,probe_country,service_id,path_scope_stratum
,176906957,popular-application_reddit_msm176906957_20260701T000000Z_010000Z.json,151.0,0.2847682119205298,0.3774834437086093,0.45695364238410596,2.5095888654517866,0.8523147815962693,12.29987211846779,broad_network_transition_distribution,0.1752759381898455,0.2534216335540839,0.3293598233995585,3.1433641868549076,0.8464529919960746,23.181723472574127,-0.005861789600194678,0.005861789600194678,broad_corridor_observation_distribution,network_and_physical_both_broad,0.0,True,True,True,True,True,auditable,,30.0,13.0,0.9337748344370859,0.0662251655629139,service_country_cross_layer_distribution_audit,NO,Reddit,all_publicly_visible
,176906957,popular-application_reddit_msm176906957_20260701T000000Z_010000Z.json,151.0,0.2847682119205298,0.3774834437086093,0.45695364238410596,2.5095888654517866,0.8523147815962693,12.29987211846779,broad_network_transition_distribution,0.1752759381898455,0.2534216335540839,0.3293598233995585,3.1433641868549076,0.8464529919960746,23.181723472574127,-0.005861789600194678,0.005861789600194678,broad_corridor_observation_distribution,network_and_physical_both_broad,0.0,True,True,True,True,True,auditable,,30.0,13.0,0.9337748344370859,0.0662251655629139,service_country_cross_layer_distribution_audit,NO,Reddit,resolved_entry_only
NO,176906957,popular-application_reddit_msm176906957_20260701T000000Z_010000Z.json,140.0,0.30714285714285716,0.40714285714285714,0.4928571428571429,2.3718105385813053,0.8554498254848577,10.716777869440296,broad_network_transition_distribution,0.18904761904761905,0.2733333333333333,0.35523809523809524,2.99631122603126,0.8361365678514212,20.011582402052035,-0.019313257633436498,0.019313257633436498,broad_corridor_observation_distribution,network_and_physical_both_broad,0.0,True,True,True,True,True,auditable,,28.0,12.0,0.9785714285714285,0.02142857142857143,country_cross_layer_distribution_audit,,,
CA,176906957,popular-application_reddit_msm176906957_20260701T000000Z_010000Z.json,69.0,0.2753623188405797,0.5072463768115942,0.6231884057971014,1.9013106498772123,0.9143371485890756,6.6946630540438345,broad_network_transition_distribution,0.3188405797101449,0.3773197816676077,0.4357989836250705,2.4800136155806216,0.8023227286594424,11.941427006204373,-0.11201441992963312,0.11201441992963312,broad_corridor_observation_distribution,network_and_physical_both_broad,0.0,True,True,True,True,True,auditable,,18.0,5.0,0.7391304347826086,0.26086956521739135,country_cross_layer_distribution_audit,,,
,176906957,popular-application_reddit_msm176906957_20260701T000000Z_010000Z.json,195.0,0.15897435897435896,0.30256410256410254,0.4358974358974359,2.761062874781417,0.8474466126341687,15.816645130606608,broad_network_transition_distribution,0.24529914529914532,0.49059829059829063,0.5777777777777778,2.2470671189981206,0.8104581472808098,9.459950202069868,-0.03698846535335887,0.03698846535335887,broad_corridor_observation_distribution,network_and_physical_both_broad,0.2358974358974359,True,True,True,True,True,auditable,,44.0,36.0,0.6564102564102564,0.3435897435897436,service_country_cross_layer_distribution_audit,ID,Reddit,all_publicly_visible
,176906957,popular-application_reddit_msm176906957_20260701T000000Z_010000Z.json,192.0,0.16145833333333334,0.3072916666666667,0.44270833333333337,2.7351908100846836,0.8395057599323502,15.412684050919857,broad_network_transition_distribution,0.24913194444444445,0.4982638888888889,0.5711805555555556,2.2427089059811403,0.8088862542041259,9.418811434830525,-0.03061950572822436,0.03061950572822436,broad_corridor_observation_distribution,network_and_physical_both_broad,0.23958333333333334,True,True,True,True,True,auditable,,44.0,36.0,0.6510416666666666,0.3489583333333333,service_country_cross_layer_distribution_audit,ID,Reddit,resolved_entry_only
ID,176906957,popular-application_reddit_msm176906957_20260701T000000Z_010000Z.json,231.0,0.19913419913419914,0.34632034632034636,0.48484848484848486,2.6605348388348187,0.8165917761449942,14.303937354391138,broad_network_transition_distribution,0.24963924963924963,0.49927849927849927,0.5901875901875901,2.2255626816922423,0.8027020610162352,9.258691034420695,-0.013889715128759028,0.013889715128759028,broad_corridor_observation_distribution,network_and_physical_both_broad,0.26406926406926406,True,True,True,True,True,auditable,,54.0,36.0,0.6320346320346321,0.367965367965368,country_cross_layer_distribution_audit,,,
,176906957,popular-application_reddit_msm176906957_20260701T000000Z_010000Z.json,53.0,0.2641509433962264,0.4716981132075472,0.5849056603773585,2.023378913282655,0.9208794285997272,7.563839361153253,broad_network_transition_distribution,0.5283018867924528,0.5660377358490566,0.5932941272563914,2.135269128228088,0.6553731920800466,8.459322843102232,-0.2655062365196805,0.2655062365196805,broad_corridor_observation_distribution,network_and_physical_both_broad,0.0,True,True,True,True,True,auditable,,12.0,8.0,0.5471698113207547,0.4528301886792453,service_country_cross_layer_distribution_audit,CA,Reddit,all_publicly_visible
,176906957,popular-application_reddit_msm176906957_20260701T000000Z_010000Z.json,53.0,0.2641509433962264,0.4716981132075472,0.5849056603773585,2.023378913282655,0.9208794285997272,7.563839361153253,broad_network_transition_distribution,0.5283018867924528,0.5660377358490566,0.5932941272563914,2.135269128228088,0.6553731920800466,8.459322843102232,-0.2655062365196805,0.2655062365196805,broad_corridor_observation_distribution,network_and_physical_both_broad,0.0,True,True,True,True,True,auditable,,12.0,8.0,0.5471698113207547,0.4528301886792453,service_country_cross_layer_distribution_audit,CA,Reddit,resolved_entry_only
SE,176906957,popular-application_reddit_msm176906957_20260701T000000Z_010000Z.json,396.0,0.40404040404040403,0.5353535353535354,0.6666666666666667,2.059355736567359,0.7124881880475877,7.840916566860835,broad_network_transition_distribution,0.2962962962962963,0.4629629629629629,0.5968013468013468,2.0993130310540202,0.7129755603386041,8.160561933904264,0.0004873722910163636,-0.0004873722910163636,broad_corridor_observation_distribution,network_and_physical_both_broad,0.010101010101010102,True,True,True,True,True,auditable,,105.0,55.0,0.5378787878787881,0.4621212121212123,country_cross_layer_distribution_audit,,,
US,176906957,popular-application_reddit_msm176906957_20260701T000000Z_010000Z.json,873.0,0.20847651775486828,0.41237113402061853,0.5017182130584192,2.781332772825833,0.714661150766929,16.14051826346292,broad_network_transition_distribution,0.28235967926689576,0.5584192439862543,0.7389461626575029,1.9545347896042373,0.599900821475091,7.060633579407232,-0.11476032929183799,0.11476032929183799,broad_corridor_observation_distribution,network_and_physical_both_broad,0.20389461626575028,True,True,True,True,True,auditable,,189.0,60.0,0.9289805269186713,0.07101947308132875,country_cross_layer_distribution_audit,,,
,176906957,popular-application_reddit_msm176906957_20260701T000000Z_010000Z.json,703.0,0.22759601706970128,0.44665718349928873,0.5519203413940256,2.6385362632987452,0.7059308426812128,13.992706971809492,broad_network_transition_distribution,0.29184447605500236,0.5758653390232338,0.7687529634898056,1.9470757958521254,0.5618073189821586,7.008164284989585,-0.14412352369905412,0.14412352369905412,broad_corridor_observation_distribution,network_and_physical_both_broad,0.21906116642958748,True,True,True,True,True,auditable,,146.0,52.0,0.9516358463726885,0.04836415362731152,service_country_cross_layer_distribution_audit,US,Reddit,all_publicly_visible
,176906957,popular-application_reddit_msm176906957_20260701T000000Z_010000Z.json,703.0,0.22759601706970128,0.44665718349928873,0.5519203413940256,2.6385362632987452,0.7059308426812128,13.992706971809492,broad_network_transition_distribution,0.29184447605500236,0.5758653390232338,0.7687529634898056,1.9470757958521254,0.5618073189821586,7.008164284989585,-0.14412352369905412,0.14412352369905412,broad_corridor_observation_distribution,network_and_physical_both_broad,0.21906116642958748,True,True,True,True,True,auditable,,146.0,52.0,0.9516358463726885,0.04836415362731152,service_country_cross_layer_distribution_audit,US,Reddit,resolved_entry_only
,176906957,popular-application_reddit_msm176906957_20260701T000000Z_010000Z.json,248.0,0.22580645161290322,0.4233870967741935,0.6008064516129032,2.214076145555261,0.838964777577623,9.152949211540829,broad_network_transition_distribution,0.37231182795698925,0.5698924731182795,0.7271505376344086,1.8367713039344782,0.6782633878747482,6.276241436487619,-0.16070138970287484,0.16070138970287484,broad_corridor_observation_distribution,network_and_physical_both_broad,0.0,True,True,True,True,True,auditable,,47.0,21.0,0.6975806451612903,0.3024193548387096,service_country_cross_layer_distribution_audit,SE,Reddit,all_publicly_visible
,176906957,popular-application_reddit_msm176906957_20260701T000000Z_010000Z.json,248.0,0.22580645161290322,0.4233870967741935,0.6008064516129032,2.214076145555261,0.838964777577623,9.152949211540829,broad_network_transition_distribution,0.37231182795698925,0.5698924731182795,0.7271505376344086,1.8367713039344782,0.6782633878747482,6.276241436487619,-0.16070138970287484,0.16070138970287484,broad_corridor_observation_distribution,network_and_physical_both_broad,0.0,True,True,True,True,True,auditable,,47.0,21.0,0.6975806451612903,0.3024193548387096,service_country_cross_layer_distribution_audit,SE,Reddit,resolved_entry_only
FI,176906957,popular-application_reddit_msm176906957_20260701T000000Z_010000Z.json,261.0,0.2567049808429119,0.38697318007662834,0.49808429118773945,2.5256544282608746,0.8430841602759652,12.499072333832023,broad_network_transition_distribution,0.35217113665389527,0.5111749680715199,0.6701787994891444,1.7389831793248267,0.8936605732639074,5.691553190399088,0.05057641298794213,-0.05057641298794213,broad_corridor_observation_distribution,network_and_physical_both_broad,0.0,True,True,True,True,True,auditable,,55.0,20.0,0.6819923371647509,0.31800766283524906,country_cross_layer_distribution_audit,,,
,176906957,popular-application_reddit_msm176906957_20260701T000000Z_010000Z.json,165.0,0.2606060606060606,0.3878787878787879,0.48484848484848486,2.502488693717274,0.8658016695882671,12.21285021492592,broad_network_transition_distribution,0.38484848484848483,0.5424242424242424,0.7,1.6821477689427027,0.8644529500806294,5.377092329878925,-0.0013487195076377079,0.0013487195076377079,broad_corridor_observation_distribution,network_and_physical_both_broad,0.0,True,True,True,True,True,auditable,,36.0,18.0,0.6848484848484848,0.3151515151515151,service_country_cross_layer_distribution_audit,FI,Reddit,all_publicly_visible
,176906957,popular-application_reddit_msm176906957_20260701T000000Z_010000Z.json,165.0,0.2606060606060606,0.3878787878787879,0.48484848484848486,2.502488693717274,0.8658016695882671,12.21285021492592,broad_network_transition_distribution,0.38484848484848483,0.5424242424242424,0.7,1.6821477689427027,0.8644529500806294,5.377092329878925,-0.0013487195076377079,0.0013487195076377079,broad_corridor_observation_distribution,network_and_physical_both_broad,0.0,True,True,True,True,True,auditable,,36.0,18.0,0.6848484848484848,0.3151515151515151,service_country_cross_layer_distribution_audit,FI,Reddit,resolved_entry_only
